<Ui xmlns="http://www.blizzard.com/wow/ui/" xmlns:xsi="http://www.w3.org/2001/XMLSchema-instance" xsi:schemaLocation="http://www.blizzard.com/wow/ui/
..\FrameXML\UI.xsd">
	<Script file="Perl_Target_Target.lua"/>


	<!-- Virtual buffs template -->
	<Button name="Perl_Target_Target_BuffTemplate" virtual="true">
		<Size>
			<AbsDimension x="12.5" y="12.5"/>
		</Size>
		<Layers>
			<Layer level="ARTWORK">
				<Texture name="$parentIcon">
					<Size>
						<AbsDimension x="12.5" y="12.5"/>
					</Size>
					<Anchors>
						<Anchor point="TOPLEFT">
							<Offset>
								<AbsDimension x="0" y="0"/>
							</Offset>
						</Anchor>
					</Anchors>
				</Texture>
			</Layer>
			<Layer level="OVERLAY">
				<Texture name="$parentDebuffBorder" file="Interface\Buttons\UI-Debuff-Overlays" hidden="true">
					<Size>
						<AbsDimension x="12.5" y="12.5"/>
					</Size>
					<Anchors>
						<Anchor point="TOPLEFT">
							<Offset>
								<AbsDimension x="0" y="0"/>
							</Offset>
						</Anchor>
					</Anchors>
					<TexCoords left="0.296875" right="0.5703125" top="0" bottom="0.515625"/>
				</Texture>
				<FontString name="$parentCount" inherits="NumberFontNormalSmall">
					<Anchors>
						<Anchor point="BOTTOMRIGHT">
							<Offset>
								<AbsDimension x="2.5" y="1"/>
							</Offset>
						</Anchor>
					</Anchors>
				</FontString>
			</Layer>
		</Layers>
		<Scripts>
			<OnEnter>
				Perl_Target_Target_SetBuffTooltip();
			</OnEnter>
			<OnLeave>
				GameTooltip:Hide();
			</OnLeave>
		</Scripts>
	</Button>

	<Button name="Perl_Target_Target_Target_BuffTemplate" virtual="true">
		<Size>
			<AbsDimension x="12.5" y="12.5"/>
		</Size>
		<Layers>
			<Layer level="ARTWORK">
				<Texture name="$parentIcon">
					<Size>
						<AbsDimension x="12.5" y="12.5"/>
					</Size>
					<Anchors>
						<Anchor point="TOPLEFT">
							<Offset>
								<AbsDimension x="0" y="0"/>
							</Offset>
						</Anchor>
					</Anchors>
				</Texture>
			</Layer>
			<Layer level="OVERLAY">
				<Texture name="$parentDebuffBorder" file="Interface\Buttons\UI-Debuff-Overlays" hidden="true">
					<Size>
						<AbsDimension x="12.5" y="12.5"/>
					</Size>
					<Anchors>
						<Anchor point="TOPLEFT">
							<Offset>
								<AbsDimension x="0" y="0"/>
							</Offset>
						</Anchor>
					</Anchors>
					<TexCoords left="0.296875" right="0.5703125" top="0" bottom="0.515625"/>
				</Texture>
				<FontString name="$parentCount" inherits="NumberFontNormalSmall">
					<Anchors>
						<Anchor point="BOTTOMRIGHT">
							<Offset>
								<AbsDimension x="2.5" y="1"/>
							</Offset>
						</Anchor>
					</Anchors>
				</FontString>
			</Layer>
		</Layers>
		<Scripts>
			<OnEnter>
				Perl_Target_Target_Target_SetBuffTooltip();
			</OnEnter>
			<OnLeave>
				GameTooltip:Hide();
			</OnLeave>
		</Scripts>
	</Button>


	<Frame name="Perl_Target_Target_Frame" frameStrata="LOW" toplevel="true" movable="true" parent="UIParent" hidden="true" enableMouse="true">
		<Size>
			<!-- The size of this frame determines what can be clicked for the menu and moving, hence it is the same size as the name frame. (This is no longer true in 0.48) -->
			<AbsDimension x="110" y="24"/>
		</Size>
		<Anchors>
			<Anchor point="TOPLEFT">
				<Offset>
					<AbsDimension x="525" y="-43"/>
				</Offset>
			</Anchor>
		</Anchors>
		<Scripts>
			<OnLoad>
				this:SetAttribute("unit", "targettarget");
			</OnLoad>
		</Scripts>
		<Frames>
			<!-- Frame for the drop down menu. -->
			<Frame name="Perl_Target_Target_DropDown" inherits="UIDropDownMenuTemplate" id="1" hidden="true">
				<Size>
					<AbsDimension x="10" y="10"/>
				</Size>
				<Anchors>
					<Anchor point="TOP">
						<Offset>
							<AbsDimension x="0" y="0"/>
						</Offset>
					</Anchor>
				</Anchors>
				<Scripts>
					<OnLoad>
						Perl_TargetTargetDropDown_OnLoad();
					</OnLoad>
				</Scripts>
			</Frame>


			<!-- Target Name -->
			<Frame name="Perl_Target_Target_NameFrame">
				<Size>
					<AbsDimension x="110" y="24"/>
				</Size>
				<Anchors>
					<Anchor point="TOPLEFT">
						<Offset>
							<AbsDimension x="0" y="0"/>
						</Offset>
					</Anchor>
				</Anchors>
				<Frames>
					<Button name="Perl_Target_Target_NameFrame_CastClickOverlay" inherits="SecureUnitButtonTemplate">
						<Size>
							<AbsDimension x="110" y="24"/>
						</Size>
						<Anchors>
							<Anchor point="TOPLEFT">
								<Offset>
									<AbsDimension x="0" y="0"/>
								</Offset>
							</Anchor>
						</Anchors>
						<Scripts>
							<OnLoad>
								this:RegisterForClicks("AnyUp");
								this:RegisterForDrag("LeftButton");
								Perl_TargetTarget_CastClickOverlay_OnLoad();
							</OnLoad>
							<OnEnter>
								Perl_Target_Target_Tip();
								UnitFrame_OnEnter(self);
							</OnEnter>
							<OnLeave>
								UnitFrame_OnLeave();
							</OnLeave>
							<OnDragStart>
								Perl_Target_Target_DragStart(arg1);
							</OnDragStart>
							<OnDragStop>
								Perl_Target_Target_DragStop(arg1);
							</OnDragStop>
						</Scripts>
					</Button>
				</Frames>
				<Backdrop bgFile="Interface\AddOns\Perl_Config\Perl_Black" edgeFile="Interface\Tooltips\UI-Tooltip-Border" tile="true">
					<EdgeSize>
						<AbsValue val="16"/>
					</EdgeSize>
					<TileSize>
						<AbsValue val="16"/>
					</TileSize>
					<BackgroundInsets>
						<AbsInset left="5" right="5" top="5" bottom="5"/>
					</BackgroundInsets>
				</Backdrop>
				<Layers>
					<Layer level="OVERLAY">
						<!-- Name Text -->
						<Fontstring name="Perl_Target_Target_NameBarText" inherits="GameFontNormal" text="Error!">
							<Anchors>
								<Anchor point="LEFT" relativeTo="Perl_Target_Target_NameFrame" relativePoint="LEFT">
									<Offset>
										<AbsDimension x="8" y="0"/>
									</Offset>
								</Anchor>
							</Anchors>
						</Fontstring>
					</Layer>
				</Layers>
			</Frame>


			<!-- Raid Icon -->
			<Frame name="Perl_Target_Target_RaidIconFrame" frameStrata="MEDIUM">
				<Size>
					<AbsDimension x="110" y="24"/>
				</Size>
				<Anchors>
					<Anchor point="TOPLEFT">
						<Offset>
							<AbsDimension x="0" y="0"/>
						</Offset>
					</Anchor>
				</Anchors>
				<Layers>
					<Layer level="OVERLAY">
						<!-- Raid Target Icon -->
						<Texture name="Perl_Target_Target_RaidTargetIcon" file="Interface\TargetingFrame\UI-RaidTargetingIcons" hidden="true">
							<Size>
								<AbsDimension x="26" y="26"/>
							</Size>
							<Anchors>
								<Anchor point="CENTER" relativePoint="TOPRIGHT" relativeTo="Perl_Target_Target_NameFrame">
									<Offset>
										<AbsDimension x="-10" y="-10"/>
									</Offset>
								</Anchor>
							</Anchors>
						</Texture>
					</Layer>
				</Layers>
			</Frame>


			<!-- Target Stats -->
			<Frame name="Perl_Target_Target_StatsFrame">
				<Size>
					<AbsDimension x="110" y="42"/>
				</Size>
				<Anchors>
					<Anchor point="TOPLEFT" relativePoint="BOTTOMLEFT" relativeTo="Perl_Target_Target_NameFrame">
						<Offset>
							<AbsDimension x="0" y="2"/>
						</Offset>
					</Anchor>
				</Anchors>
				<Backdrop bgFile="Interface\AddOns\Perl_Config\Perl_Black" edgeFile="Interface\Tooltips\UI-Tooltip-Border" tile="true">
					<EdgeSize>
						<AbsValue val="16"/>
					</EdgeSize>
					<TileSize>
						<AbsValue val="16"/>
					</TileSize>
					<BackgroundInsets>
						<AbsInset left="5" right="5" top="5" bottom="5"/>
					</BackgroundInsets>
				</Backdrop>
				<Frames>
					<!-- 1.10 Click Solution -->
					<Button name="Perl_Target_Target_StatsFrame_CastClickOverlay" inherits="SecureUnitButtonTemplate">
						<Size>
							<AbsDimension x="110" y="24"/>
						</Size>
						<Anchors>
							<Anchor point="TOPLEFT">
								<Offset>
									<AbsDimension x="0" y="0"/>
								</Offset>
							</Anchor>
						</Anchors>
						<Scripts>
							<OnLoad>
								this:RegisterForClicks("AnyUp");
								this:RegisterForDrag("LeftButton");
								Perl_TargetTarget_CastClickOverlay_OnLoad();
							</OnLoad>
							<OnDragStart>
								Perl_Target_Target_DragStart(arg1);
							</OnDragStart>
							<OnDragStop>
								Perl_Target_Target_DragStop(arg1);
							</OnDragStop>
						</Scripts>
					</Button>

					<!-- Health Bar -->
					<StatusBar name="Perl_Target_Target_HealthBar">
						<Size>
							<AbsDimension x="90" y="10"/>
						</Size>
						<Anchors>
							<Anchor point="TOP" relativePoint="TOP">
								<Offset>
									<AbsDimension x="0" y="-10"/>
								</Offset>
							</Anchor>
						</Anchors>
						<BarTexture name="Perl_Target_Target_HealthBarTex" file="Interface\TargetingFrame\UI-StatusBar"/>
						<BarColor r="0" g="0.8" b="0"/>
						<Layers>
							<!-- Health Text -->
							<Layer level="OVERLAY">
								<Fontstring name="Perl_Target_Target_HealthBarText" inherits="GameFontNormalSmall" text="Error!">
									<Anchors>
										<Anchor point="TOP" relativePoint="TOP">
											<Offset>
												<AbsDimension x="0" y="1"/>
											</Offset>
										</Anchor>
									</Anchors>
								</Fontstring>
							</Layer>
						</Layers>
					</StatusBar>
					<StatusBar name="Perl_Target_Target_HealthBarFadeBar" hidden="true">
						<Size>
							<AbsDimension x="90" y="10"/>
						</Size>
						<Anchors>
							<Anchor point="TOP" relativePoint="TOP" relativeTo="Perl_Target_Target_HealthBar">
								<Offset>
									<AbsDimension x="0" y="0"/>
								</Offset>
							</Anchor>
						</Anchors>
						<BarTexture name="Perl_Target_Target_HealthBarFadeBarTex" file="Interface\TargetingFrame\UI-StatusBar"/>
						<BarColor r="0" g="0.8" b="0" a="0.25"/>
					</StatusBar>
					<StatusBar name="Perl_Target_Target_HealthBarBG">
						<Size>
							<AbsDimension x="90" y="10"/>
						</Size>
						<Anchors>
							<Anchor point="TOP" relativePoint="TOP" relativeTo="Perl_Target_Target_HealthBar">
								<Offset>
									<AbsDimension x="0" y="0"/>
								</Offset>
							</Anchor>
						</Anchors>
						<BarTexture name="Perl_Target_Target_HealthBarBGTex" file="Interface\TargetingFrame\UI-TargetingFrame-BarFill"/>
						<BarColor r="0" g="0.8" b="0" a="0.25"/>
					</StatusBar>
					<Button name="Perl_Target_Target_HealthBar_CastClickOverlay" inherits="SecureUnitButtonTemplate">
						<Size>
							<AbsDimension x="90" y="10"/>
						</Size>
						<Anchors>
							<Anchor point="TOP" relativePoint="TOP" relativeTo="Perl_Target_Target_HealthBar">
								<Offset>
									<AbsDimension x="0" y="0"/>
								</Offset>
							</Anchor>
						</Anchors>
						<Scripts>
							<OnLoad>
								this:RegisterForClicks("AnyUp");
								this:RegisterForDrag("LeftButton");
								Perl_TargetTarget_CastClickOverlay_OnLoad();
							</OnLoad>
							<OnEnter>
								Perl_Target_Target_HealthShow();
							</OnEnter>
							<OnLeave>
								Perl_Target_Target_HealthHide();
							</OnLeave>
							<OnDragStart>
								Perl_Target_Target_DragStart(arg1);
							</OnDragStart>
							<OnDragStop>
								Perl_Target_Target_DragStop(arg1);
							</OnDragStop>
						</Scripts>
					</Button>

					<!-- Mana Bar -->
					<StatusBar name="Perl_Target_Target_ManaBar">
						<Size>
							<AbsDimension x="90" y="10"/>
						</Size>
						<Anchors>
							<Anchor point="TOP" relativePoint="BOTTOM" relativeTo="Perl_Target_Target_HealthBar">
								<Offset>
									<AbsDimension x="0" y="-2"/>
								</Offset>
							</Anchor>
						</Anchors>
						<BarTexture name="Perl_Target_Target_ManaBarTex" file="Interface\TargetingFrame\UI-StatusBar"/>
						<BarColor r="0" g="0" b="1"/>
						<Layers>
							<!-- Mana Text -->
							<Layer level="OVERLAY">
								<Fontstring name="Perl_Target_Target_ManaBarText" inherits="GameFontNormalSmall" text="Error!">
									<Anchors>
										<Anchor point="TOP" relativePoint="TOP">
											<Offset>
												<AbsDimension x="0" y="0"/>
											</Offset>
										</Anchor>
									</Anchors>
								</Fontstring>
							</Layer>
						</Layers>
					</StatusBar>
					<StatusBar name="Perl_Target_Target_ManaBarFadeBar" hidden="true">
						<Size>
							<AbsDimension x="90" y="10"/>
						</Size>
						<Anchors>
							<Anchor point="TOP" relativePoint="TOP" relativeTo="Perl_Target_Target_ManaBar">
								<Offset>
									<AbsDimension x="0" y="0"/>
								</Offset>
							</Anchor>
						</Anchors>
						<BarTexture name="Perl_Target_Target_ManaBarFadeBarTex" file="Interface\TargetingFrame\UI-StatusBar"/>
						<BarColor r="0" g="0.8" b="0" a="0.25"/>
					</StatusBar>
					<StatusBar name="Perl_Target_Target_ManaBarBG">
						<Size>
							<AbsDimension x="90" y="10"/>
						</Size>
						<Anchors>
							<Anchor point="TOP" relativePoint="TOP" relativeTo="Perl_Target_Target_ManaBar">
								<Offset>
									<AbsDimension x="0" y="0"/>
								</Offset>
							</Anchor>
						</Anchors>
						<BarTexture name="Perl_Target_Target_ManaBarBGTex" file="Interface\TargetingFrame\UI-TargetingFrame-BarFill"/>
						<BarColor r="0" g="0" b="1" a="0.25"/>
					</StatusBar>
					<Button name="Perl_Target_Target_ManaBar_CastClickOverlay" inherits="SecureUnitButtonTemplate">
						<Size>
							<AbsDimension x="90" y="10"/>
						</Size>
						<Anchors>
							<Anchor point="TOP" relativePoint="TOP" relativeTo="Perl_Target_Target_ManaBar">
								<Offset>
									<AbsDimension x="0" y="0"/>
								</Offset>
							</Anchor>
						</Anchors>
						<Scripts>
							<OnLoad>
								this:RegisterForClicks("AnyUp");
								this:RegisterForDrag("LeftButton");
								Perl_TargetTarget_CastClickOverlay_OnLoad();
							</OnLoad>
							<OnEnter>
								Perl_Target_Target_ManaShow();
							</OnEnter>
							<OnLeave>
								Perl_Target_Target_ManaHide();
							</OnLeave>
							<OnDragStart>
								Perl_Target_Target_DragStart(arg1);
							</OnDragStart>
							<OnDragStop>
								Perl_Target_Target_DragStop(arg1);
							</OnDragStop>
						</Scripts>
					</Button>
				</Frames>
			</Frame>


			<!-- Buffs Frame -->
			<Frame name="Perl_Target_Target_BuffFrame" frameStrata="BACKGROUND">
				<Size>
					<AbsDimension x="80" y="20"/>
				</Size>
				<Anchors>
					<Anchor point="TOPLEFT" relativePoint="BOTTOMLEFT" relativeTo="Perl_Target_Target_StatsFrame">
						<Offset>
							<AbsDimension x="0" y="-2"/>
						</Offset>
					</Anchor>
				</Anchors>
				<Frames>
					<Button name="$parent_Buff1" inherits="Perl_Target_Target_BuffTemplate" id="1">
						<Anchors>
							<Anchor point="TOPLEFT">
								<Offset>
									<AbsDimension x="3" y="3"/>
								</Offset>
							</Anchor>
						</Anchors>
					</Button>

					<Button name="$parent_Buff2" inherits="Perl_Target_Target_BuffTemplate" id="2">
						<Anchors>
							<Anchor point="TOPLEFT" relativeTo="$parent_Buff1" relativePoint="TOPRIGHT">
								<Offset>
									<AbsDimension x="0.5" y="0"/>
								</Offset>
							</Anchor>
						</Anchors>
					</Button>

					<Button name="$parent_Buff3" inherits="Perl_Target_Target_BuffTemplate" id="3">
						<Anchors>
							<Anchor point="TOPLEFT" relativeTo="$parent_Buff2" relativePoint="TOPRIGHT">
								<Offset>
									<AbsDimension x="0.5" y="0"/>
								</Offset>
							</Anchor>
						</Anchors>
					</Button>

					<Button name="$parent_Buff4" inherits="Perl_Target_Target_BuffTemplate" id="4">
						<Anchors>
							<Anchor point="TOPLEFT" relativeTo="$parent_Buff3" relativePoint="TOPRIGHT">
								<Offset>
									<AbsDimension x="0.5" y="0"/>
								</Offset>
							</Anchor>
						</Anchors>
					</Button>

					<Button name="$parent_Buff5" inherits="Perl_Target_Target_BuffTemplate" id="5">
						<Anchors>
							<Anchor point="TOPLEFT" relativeTo="$parent_Buff4" relativePoint="TOPRIGHT">
								<Offset>
									<AbsDimension x="0.5" y="0"/>
								</Offset>
							</Anchor>
						</Anchors>
					</Button>

					<Button name="$parent_Buff6" inherits="Perl_Target_Target_BuffTemplate" id="6">
						<Anchors>
							<Anchor point="TOPLEFT" relativeTo="$parent_Buff5" relativePoint="TOPRIGHT">
								<Offset>
									<AbsDimension x="0.5" y="0"/>
								</Offset>
							</Anchor>
						</Anchors>
					</Button>

					<Button name="$parent_Buff7" inherits="Perl_Target_Target_BuffTemplate" id="7">
						<Anchors>
							<Anchor point="TOPLEFT" relativeTo="$parent_Buff6" relativePoint="TOPRIGHT">
								<Offset>
									<AbsDimension x="0.5" y="0"/>
								</Offset>
							</Anchor>
						</Anchors>
					</Button>

					<Button name="$parent_Buff8" inherits="Perl_Target_Target_BuffTemplate" id="8">
						<Anchors>
							<Anchor point="TOPLEFT" relativeTo="$parent_Buff7" relativePoint="TOPRIGHT">
								<Offset>
									<AbsDimension x="0.5" y="0"/>
								</Offset>
							</Anchor>
						</Anchors>
					</Button>

					<Button name="$parent_Buff9" inherits="Perl_Target_Target_BuffTemplate" id="9">
						<Anchors>
							<Anchor point="TOPLEFT" relativeTo="$parent_Buff1" relativePoint="BOTTOMLEFT">
								<Offset>
									<AbsDimension x="0" y="-1"/>
								</Offset>
							</Anchor>
						</Anchors>
					</Button>

					<Button name="$parent_Buff10" inherits="Perl_Target_Target_BuffTemplate" id="10">
						<Anchors>
							<Anchor point="TOPLEFT" relativeTo="$parent_Buff9" relativePoint="TOPRIGHT">
								<Offset>
									<AbsDimension x="0.5" y="0"/>
								</Offset>
							</Anchor>
						</Anchors>
					</Button>

					<Button name="$parent_Buff11" inherits="Perl_Target_Target_BuffTemplate" id="11">
						<Anchors>
							<Anchor point="TOPLEFT" relativeTo="$parent_Buff10" relativePoint="TOPRIGHT">
								<Offset>
									<AbsDimension x="0.5" y="0"/>
								</Offset>
							</Anchor>
						</Anchors>
					</Button>

					<Button name="$parent_Buff12" inherits="Perl_Target_Target_BuffTemplate" id="12">
						<Anchors>
							<Anchor point="TOPLEFT" relativeTo="$parent_Buff11" relativePoint="TOPRIGHT">
								<Offset>
									<AbsDimension x="0.5" y="0"/>
								</Offset>
							</Anchor>
						</Anchors>
					</Button>

					<Button name="$parent_Buff13" inherits="Perl_Target_Target_BuffTemplate" id="13">
						<Anchors>
							<Anchor point="TOPLEFT" relativeTo="$parent_Buff12" relativePoint="TOPRIGHT">
								<Offset>
									<AbsDimension x="0.5" y="0"/>
								</Offset>
							</Anchor>
						</Anchors>
					</Button>

					<Button name="$parent_Buff14" inherits="Perl_Target_Target_BuffTemplate" id="14">
						<Anchors>
							<Anchor point="TOPLEFT" relativeTo="$parent_Buff13" relativePoint="TOPRIGHT">
								<Offset>
									<AbsDimension x="0.5" y="0"/>
								</Offset>
							</Anchor>
						</Anchors>
					</Button>

					<Button name="$parent_Buff15" inherits="Perl_Target_Target_BuffTemplate" id="15">
						<Anchors>
							<Anchor point="TOPLEFT" relativeTo="$parent_Buff14" relativePoint="TOPRIGHT">
								<Offset>
									<AbsDimension x="0.5" y="0"/>
								</Offset>
							</Anchor>
						</Anchors>
					</Button>

					<Button name="$parent_Buff16" inherits="Perl_Target_Target_BuffTemplate" id="16">
						<Anchors>
							<Anchor point="TOPLEFT" relativeTo="$parent_Buff15" relativePoint="TOPRIGHT">
								<Offset>
									<AbsDimension x="0.5" y="0"/>
								</Offset>
							</Anchor>
						</Anchors>
					</Button>

					<Button name="$parent_Debuff1" inherits="Perl_Target_Target_BuffTemplate" id="17">
						<Anchors>
							<Anchor point="TOPLEFT" relativeTo="$parent_Buff1" relativePoint="BOTTOMLEFT">
								<Offset>
									<AbsDimension x="0" y="-1"/>
								</Offset>
							</Anchor>
						</Anchors>
					</Button>

					<Button name="$parent_Debuff2" inherits="Perl_Target_Target_BuffTemplate" id="18">
						<Anchors>
							<Anchor point="TOPLEFT" relativeTo="$parent_Debuff1" relativePoint="TOPRIGHT">
								<Offset>
									<AbsDimension x="0.5" y="0"/>
								</Offset>
							</Anchor>
						</Anchors>
					</Button>

					<Button name="$parent_Debuff3" inherits="Perl_Target_Target_BuffTemplate" id="19">
						<Anchors>
							<Anchor point="TOPLEFT" relativeTo="$parent_Debuff2" relativePoint="TOPRIGHT">
								<Offset>
									<AbsDimension x="0.5" y="0"/>
								</Offset>
							</Anchor>
						</Anchors>
					</Button>

					<Button name="$parent_Debuff4" inherits="Perl_Target_Target_BuffTemplate" id="20">
						<Anchors>
							<Anchor point="TOPLEFT" relativeTo="$parent_Debuff3" relativePoint="TOPRIGHT">
								<Offset>
									<AbsDimension x="0.5" y="0"/>
								</Offset>
							</Anchor>
						</Anchors>
					</Button>

					<Button name="$parent_Debuff5" inherits="Perl_Target_Target_BuffTemplate" id="21">
						<Anchors>
							<Anchor point="TOPLEFT" relativeTo="$parent_Debuff4" relativePoint="TOPRIGHT">
								<Offset>
									<AbsDimension x="0.5" y="0"/>
								</Offset>
							</Anchor>
						</Anchors>
					</Button>

					<Button name="$parent_Debuff6" inherits="Perl_Target_Target_BuffTemplate" id="22">
						<Anchors>
							<Anchor point="TOPLEFT" relativeTo="$parent_Debuff5" relativePoint="TOPRIGHT">
								<Offset>
									<AbsDimension x="0.5" y="0"/>
								</Offset>
							</Anchor>
						</Anchors>
					</Button>

					<Button name="$parent_Debuff7" inherits="Perl_Target_Target_BuffTemplate" id="23">
						<Anchors>
							<Anchor point="TOPLEFT" relativeTo="$parent_Debuff6" relativePoint="TOPRIGHT">
								<Offset>
									<AbsDimension x="0.5" y="0"/>
								</Offset>
							</Anchor>
						</Anchors>
					</Button>

					<Button name="$parent_Debuff8" inherits="Perl_Target_Target_BuffTemplate" id="24">
						<Anchors>
							<Anchor point="TOPLEFT" relativeTo="$parent_Debuff7" relativePoint="TOPRIGHT">
								<Offset>
									<AbsDimension x="0.5" y="0"/>
								</Offset>
							</Anchor>
						</Anchors>
					</Button>

					<Button name="$parent_Debuff9" inherits="Perl_Target_Target_BuffTemplate" id="25">
						<Anchors>
							<Anchor point="TOPLEFT" relativeTo="$parent_Debuff1" relativePoint="BOTTOMLEFT">
								<Offset>
									<AbsDimension x="0" y="-1"/>
								</Offset>
							</Anchor>
						</Anchors>
					</Button>

					<Button name="$parent_Debuff10" inherits="Perl_Target_Target_BuffTemplate" id="26">
						<Anchors>
							<Anchor point="TOPLEFT" relativeTo="$parent_Debuff9" relativePoint="TOPRIGHT">
								<Offset>
									<AbsDimension x="0.5" y="0"/>
								</Offset>
							</Anchor>
						</Anchors>
					</Button>

					<Button name="$parent_Debuff11" inherits="Perl_Target_Target_BuffTemplate" id="27">
						<Anchors>
							<Anchor point="TOPLEFT" relativeTo="$parent_Debuff10" relativePoint="TOPRIGHT">
								<Offset>
									<AbsDimension x="0.5" y="0"/>
								</Offset>
							</Anchor>
						</Anchors>
					</Button>

					<Button name="$parent_Debuff12" inherits="Perl_Target_Target_BuffTemplate" id="28">
						<Anchors>
							<Anchor point="TOPLEFT" relativeTo="$parent_Debuff11" relativePoint="TOPRIGHT">
								<Offset>
									<AbsDimension x="0.5" y="0"/>
								</Offset>
							</Anchor>
						</Anchors>
					</Button>

					<Button name="$parent_Debuff13" inherits="Perl_Target_Target_BuffTemplate" id="29">
						<Anchors>
							<Anchor point="TOPLEFT" relativeTo="$parent_Debuff12" relativePoint="TOPRIGHT">
								<Offset>
									<AbsDimension x="0.5" y="0"/>
								</Offset>
							</Anchor>
						</Anchors>
					</Button>

					<Button name="$parent_Debuff14" inherits="Perl_Target_Target_BuffTemplate" id="30">
						<Anchors>
							<Anchor point="TOPLEFT" relativeTo="$parent_Debuff13" relativePoint="TOPRIGHT">
								<Offset>
									<AbsDimension x="0.5" y="0"/>
								</Offset>
							</Anchor>
						</Anchors>
					</Button>

					<Button name="$parent_Debuff15" inherits="Perl_Target_Target_BuffTemplate" id="31">
						<Anchors>
							<Anchor point="TOPLEFT" relativeTo="$parent_Debuff14" relativePoint="TOPRIGHT">
								<Offset>
									<AbsDimension x="0.5" y="0"/>
								</Offset>
							</Anchor>
						</Anchors>
					</Button>

					<Button name="$parent_Debuff16" inherits="Perl_Target_Target_BuffTemplate" id="32">
						<Anchors>
							<Anchor point="TOPLEFT" relativeTo="$parent_Debuff15" relativePoint="TOPRIGHT">
								<Offset>
									<AbsDimension x="0.5" y="0"/>
								</Offset>
							</Anchor>
						</Anchors>
					</Button>
				</Frames>
			</Frame>

		</Frames>
	</Frame>


	<Frame name="Perl_Target_Target_Target_Frame" frameStrata="LOW" toplevel="true" movable="true" parent="UIParent" hidden="true" enableMouse="true">
		<Size>
			<!-- The size of this frame determines what can be clicked for the menu and moving, hence it is the same size as the name frame. -->
			<AbsDimension x="110" y="24"/>
		</Size>
		<Anchors>
			<Anchor point="TOPLEFT">
				<Offset>
					<AbsDimension x="633" y="-43"/>
				</Offset>
			</Anchor>
		</Anchors>
		<Scripts>
			<OnLoad>
				this:SetAttribute("unit", "targettargettarget");
			</OnLoad>
		</Scripts>
		<Frames>
			<!-- Frame for the drop down menu. -->
			<Frame name="Perl_Target_Target_Target_DropDown" inherits="UIDropDownMenuTemplate" id="1" hidden="true">
				<Size>
					<AbsDimension x="10" y="10"/>
				</Size>
				<Anchors>
					<Anchor point="TOP">
						<Offset>
							<AbsDimension x="0" y="0"/>
						</Offset>
					</Anchor>
				</Anchors>
				<Scripts>
					<OnLoad>
						Perl_TargetTargetTargetDropDown_OnLoad();
					</OnLoad>
				</Scripts>
			</Frame>

			<!-- Target Name -->
			<Frame name="Perl_Target_Target_Target_NameFrame">
				<Size>
					<AbsDimension x="110" y="24"/>
				</Size>
				<Anchors>
					<Anchor point="TOPLEFT">
						<Offset>
							<AbsDimension x="0" y="0"/>
						</Offset>
					</Anchor>
				</Anchors>
				<Frames>
					<Button name="Perl_Target_Target_Target_NameFrame_CastClickOverlay" inherits="SecureUnitButtonTemplate">
						<Size>
							<AbsDimension x="110" y="24"/>
						</Size>
						<Anchors>
							<Anchor point="TOPLEFT">
								<Offset>
									<AbsDimension x="0" y="0"/>
								</Offset>
							</Anchor>
						</Anchors>
						<Scripts>
							<OnLoad>
								this:RegisterForClicks("AnyUp");
								this:RegisterForDrag("LeftButton");
								Perl_TargetTargetTarget_CastClickOverlay_OnLoad();
							</OnLoad>
							<OnEnter>
								Perl_Target_Target_Target_Tip();
								UnitFrame_OnEnter(self);
							</OnEnter>
							<OnLeave>
								UnitFrame_OnLeave();
							</OnLeave>
							<OnDragStart>
								Perl_Target_Target_Target_DragStart(arg1);
							</OnDragStart>
							<OnDragStop>
								Perl_Target_Target_Target_DragStop(arg1);
							</OnDragStop>
						</Scripts>
					</Button>
				</Frames>
				<Backdrop bgFile="Interface\AddOns\Perl_Config\Perl_Black" edgeFile="Interface\Tooltips\UI-Tooltip-Border" tile="true">
					<EdgeSize>
						<AbsValue val="16"/>
					</EdgeSize>
					<TileSize>
						<AbsValue val="16"/>
					</TileSize>
					<BackgroundInsets>
						<AbsInset left="5" right="5" top="5" bottom="5"/>
					</BackgroundInsets>
				</Backdrop>
				<Layers>
					<Layer level="OVERLAY">
						<!-- Name Text -->
						<Fontstring name="Perl_Target_Target_Target_NameBarText" inherits="GameFontNormal" text="Error!">
							<Anchors>
								<Anchor point="LEFT" relativeTo="Perl_Target_Target_Target_NameFrame" relativePoint="LEFT">
									<Offset>
										<AbsDimension x="8" y="0"/>
									</Offset>
								</Anchor>
							</Anchors>
						</Fontstring>
					</Layer>
				</Layers>
			</Frame>


			<!-- Raid Icon -->
			<Frame name="Perl_Target_Target_Target_RaidIconFrame" frameStrata="MEDIUM">
				<Size>
					<AbsDimension x="110" y="24"/>
				</Size>
				<Anchors>
					<Anchor point="TOPLEFT">
						<Offset>
							<AbsDimension x="0" y="0"/>
						</Offset>
					</Anchor>
				</Anchors>
				<Layers>
					<Layer level="OVERLAY">
						<!-- Raid Target Icon -->
						<Texture name="Perl_Target_Target_Target_RaidTargetIcon" file="Interface\TargetingFrame\UI-RaidTargetingIcons" hidden="true">
							<Size>
								<AbsDimension x="26" y="26"/>
							</Size>
							<Anchors>
								<Anchor point="CENTER" relativePoint="TOPRIGHT" relativeTo="Perl_Target_Target_Target_NameFrame">
									<Offset>
										<AbsDimension x="-10" y="-10"/>
									</Offset>
								</Anchor>
							</Anchors>
						</Texture>
					</Layer>
				</Layers>
			</Frame>


			<!-- Target Stats -->
			<Frame name="Perl_Target_Target_Target_StatsFrame">
				<Size>
					<AbsDimension x="110" y="42"/>
				</Size>
				<Anchors>
					<Anchor point="TOPLEFT" relativePoint="BOTTOMLEFT" relativeTo="Perl_Target_Target_Target_NameFrame">
						<Offset>
							<AbsDimension x="0" y="2"/>
						</Offset>
					</Anchor>
				</Anchors>
				<Backdrop bgFile="Interface\AddOns\Perl_Config\Perl_Black" edgeFile="Interface\Tooltips\UI-Tooltip-Border" tile="true">
					<EdgeSize>
						<AbsValue val="16"/>
					</EdgeSize>
					<TileSize>
						<AbsValue val="16"/>
					</TileSize>
					<BackgroundInsets>
						<AbsInset left="5" right="5" top="5" bottom="5"/>
					</BackgroundInsets>
				</Backdrop>
				<Frames>
					<!-- 1.10 Click Solution -->
					<Button name="Perl_Target_Target_Target_StatsFrame_CastClickOverlay" inherits="SecureUnitButtonTemplate">
						<Size>
							<AbsDimension x="110" y="24"/>
						</Size>
						<Anchors>
							<Anchor point="TOPLEFT">
								<Offset>
									<AbsDimension x="0" y="0"/>
								</Offset>
							</Anchor>
						</Anchors>
						<Scripts>
							<OnLoad>
								this:RegisterForClicks("AnyUp");
								this:RegisterForDrag("LeftButton");
								Perl_TargetTargetTarget_CastClickOverlay_OnLoad();
							</OnLoad>
							<OnDragStart>
								Perl_Target_Target_Target_DragStart(arg1);
							</OnDragStart>
							<OnDragStop>
								Perl_Target_Target_Target_DragStop(arg1);
							</OnDragStop>
						</Scripts>
					</Button>

					<!-- Health Bar -->
					<StatusBar name="Perl_Target_Target_Target_HealthBar">
						<Size>
							<AbsDimension x="90" y="10"/>
						</Size>
						<Anchors>
							<Anchor point="TOP" relativePoint="TOP">
								<Offset>
									<AbsDimension x="0" y="-10"/>
								</Offset>
							</Anchor>
						</Anchors>
						<BarTexture name="Perl_Target_Target_Target_HealthBarTex" file="Interface\TargetingFrame\UI-StatusBar"/>
						<BarColor r="0" g="0.8" b="0"/>
						<Layers>
							<!-- Health Text -->
							<Layer level="OVERLAY">
								<Fontstring name="Perl_Target_Target_Target_HealthBarText" inherits="GameFontNormalSmall" text="Error!">
									<Anchors>
										<Anchor point="TOP" relativePoint="TOP">
											<Offset>
												<AbsDimension x="0" y="1"/>
											</Offset>
										</Anchor>
									</Anchors>
								</Fontstring>
							</Layer>
						</Layers>
					</StatusBar>
					<StatusBar name="Perl_Target_Target_Target_HealthBarFadeBar" hidden="true">
						<Size>
							<AbsDimension x="90" y="10"/>
						</Size>
						<Anchors>
							<Anchor point="TOP" relativePoint="TOP" relativeTo="Perl_Target_Target_Target_HealthBar">
								<Offset>
									<AbsDimension x="0" y="0"/>
								</Offset>
							</Anchor>
						</Anchors>
						<BarTexture name="Perl_Target_Target_Target_HealthBarFadeBarTex" file="Interface\TargetingFrame\UI-StatusBar"/>
						<BarColor r="0" g="0.8" b="0" a="0.25"/>
					</StatusBar>
					<StatusBar name="Perl_Target_Target_Target_HealthBarBG">
						<Size>
							<AbsDimension x="90" y="10"/>
						</Size>
						<Anchors>
							<Anchor point="TOP" relativePoint="TOP" relativeTo="Perl_Target_Target_Target_HealthBar">
								<Offset>
									<AbsDimension x="0" y="0"/>
								</Offset>
							</Anchor>
						</Anchors>
						<BarTexture name="Perl_Target_Target_Target_HealthBarBGTex" file="Interface\TargetingFrame\UI-TargetingFrame-BarFill"/>
						<BarColor r="0" g="0.8" b="0" a="0.25"/>
					</StatusBar>
					<Button name="Perl_Target_Target_Target_HealthBar_CastClickOverlay" inherits="SecureUnitButtonTemplate">
						<Size>
							<AbsDimension x="90" y="10"/>
						</Size>
						<Anchors>
							<Anchor point="TOP" relativePoint="TOP" relativeTo="Perl_Target_Target_Target_HealthBar">
								<Offset>
									<AbsDimension x="0" y="0"/>
								</Offset>
							</Anchor>
						</Anchors>
						<Scripts>
							<OnLoad>
								this:RegisterForClicks("AnyUp");
								this:RegisterForDrag("LeftButton");
								Perl_TargetTargetTarget_CastClickOverlay_OnLoad();
							</OnLoad>
							<OnEnter>
								Perl_Target_Target_Target_HealthShow();
							</OnEnter>
							<OnLeave>
								Perl_Target_Target_Target_HealthHide();
							</OnLeave>
							<OnDragStart>
								Perl_Target_Target_Target_DragStart(arg1);
							</OnDragStart>
							<OnDragStop>
								Perl_Target_Target_Target_DragStop(arg1);
							</OnDragStop>
						</Scripts>
					</Button>

					<!-- Mana Bar -->
					<StatusBar name="Perl_Target_Target_Target_ManaBar">
						<Size>
							<AbsDimension x="90" y="10"/>
						</Size>
						<Anchors>
							<Anchor point="TOP" relativePoint="BOTTOM" relativeTo="Perl_Target_Target_Target_HealthBar">
								<Offset>
									<AbsDimension x="0" y="-2"/>
								</Offset>
							</Anchor>
						</Anchors>
						<BarTexture name="Perl_Target_Target_Target_ManaBarTex" file="Interface\TargetingFrame\UI-StatusBar"/>
						<BarColor r="0" g="0" b="1"/>
						<Layers>
							<!-- Mana Text -->
							<Layer level="OVERLAY">
								<Fontstring name="Perl_Target_Target_Target_ManaBarText" inherits="GameFontNormalSmall" text="Error!">
									<Anchors>
										<Anchor point="TOP" relativePoint="TOP">
											<Offset>
												<AbsDimension x="0" y="0"/>
											</Offset>
										</Anchor>
									</Anchors>
								</Fontstring>
							</Layer>
						</Layers>
					</StatusBar>
					<StatusBar name="Perl_Target_Target_Target_ManaBarFadeBar" hidden="true">
						<Size>
							<AbsDimension x="90" y="10"/>
						</Size>
						<Anchors>
							<Anchor point="TOP" relativePoint="TOP" relativeTo="Perl_Target_Target_Target_ManaBar">
								<Offset>
									<AbsDimension x="0" y="0"/>
								</Offset>
							</Anchor>
						</Anchors>
						<BarTexture name="Perl_Target_Target_Target_ManaBarFadeBarTex" file="Interface\TargetingFrame\UI-StatusBar"/>
						<BarColor r="0" g="0.8" b="0" a="0.25"/>
					</StatusBar>
					<StatusBar name="Perl_Target_Target_Target_ManaBarBG">
						<Size>
							<AbsDimension x="90" y="10"/>
						</Size>
						<Anchors>
							<Anchor point="TOP" relativePoint="TOP" relativeTo="Perl_Target_Target_Target_ManaBar">
								<Offset>
									<AbsDimension x="0" y="0"/>
								</Offset>
							</Anchor>
						</Anchors>
						<BarTexture name="Perl_Target_Target_Target_ManaBarBGTex" file="Interface\TargetingFrame\UI-TargetingFrame-BarFill"/>
						<BarColor r="0" g="0" b="1" a="0.25"/>
					</StatusBar>
					<Button name="Perl_Target_Target_Target_ManaBar_CastClickOverlay" inherits="SecureUnitButtonTemplate">
						<Size>
							<AbsDimension x="90" y="10"/>
						</Size>
						<Anchors>
							<Anchor point="TOP" relativePoint="TOP" relativeTo="Perl_Target_Target_Target_ManaBar">
								<Offset>
									<AbsDimension x="0" y="0"/>
								</Offset>
							</Anchor>
						</Anchors>
						<Scripts>
							<OnLoad>
								this:RegisterForClicks("AnyUp");
								this:RegisterForDrag("LeftButton");
								Perl_TargetTargetTarget_CastClickOverlay_OnLoad();
							</OnLoad>
							<OnEnter>
								Perl_Target_Target_Target_ManaShow();
							</OnEnter>
							<OnLeave>
								Perl_Target_Target_Target_ManaHide();
							</OnLeave>
							<OnDragStart>
								Perl_Target_Target_Target_DragStart(arg1);
							</OnDragStart>
							<OnDragStop>
								Perl_Target_Target_Target_DragStop(arg1);
							</OnDragStop>
						</Scripts>
					</Button>
				</Frames>
			</Frame>


			<!-- Buffs Frame -->
			<Frame name="Perl_Target_Target_Target_BuffFrame" frameStrata="BACKGROUND">
				<Size>
					<AbsDimension x="80" y="20"/>
				</Size>
				<Anchors>
					<Anchor point="TOPLEFT" relativePoint="BOTTOMLEFT" relativeTo="Perl_Target_Target_Target_StatsFrame">
						<Offset>
							<AbsDimension x="0" y="-2"/>
						</Offset>
					</Anchor>
				</Anchors>
				<Frames>
					<Button name="$parent_Buff1" inherits="Perl_Target_Target_Target_BuffTemplate" id="1">
						<Anchors>
							<Anchor point="TOPLEFT">
								<Offset>
									<AbsDimension x="3" y="3"/>
								</Offset>
							</Anchor>
						</Anchors>
					</Button>

					<Button name="$parent_Buff2" inherits="Perl_Target_Target_Target_BuffTemplate" id="2">
						<Anchors>
							<Anchor point="TOPLEFT" relativeTo="$parent_Buff1" relativePoint="TOPRIGHT">
								<Offset>
									<AbsDimension x="0.5" y="0"/>
								</Offset>
							</Anchor>
						</Anchors>
					</Button>

					<Button name="$parent_Buff3" inherits="Perl_Target_Target_Target_BuffTemplate" id="3">
						<Anchors>
							<Anchor point="TOPLEFT" relativeTo="$parent_Buff2" relativePoint="TOPRIGHT">
								<Offset>
									<AbsDimension x="0.5" y="0"/>
								</Offset>
							</Anchor>
						</Anchors>
					</Button>

					<Button name="$parent_Buff4" inherits="Perl_Target_Target_Target_BuffTemplate" id="4">
						<Anchors>
							<Anchor point="TOPLEFT" relativeTo="$parent_Buff3" relativePoint="TOPRIGHT">
								<Offset>
									<AbsDimension x="0.5" y="0"/>
								</Offset>
							</Anchor>
						</Anchors>
					</Button>

					<Button name="$parent_Buff5" inherits="Perl_Target_Target_Target_BuffTemplate" id="5">
						<Anchors>
							<Anchor point="TOPLEFT" relativeTo="$parent_Buff4" relativePoint="TOPRIGHT">
								<Offset>
									<AbsDimension x="0.5" y="0"/>
								</Offset>
							</Anchor>
						</Anchors>
					</Button>

					<Button name="$parent_Buff6" inherits="Perl_Target_Target_Target_BuffTemplate" id="6">
						<Anchors>
							<Anchor point="TOPLEFT" relativeTo="$parent_Buff5" relativePoint="TOPRIGHT">
								<Offset>
									<AbsDimension x="0.5" y="0"/>
								</Offset>
							</Anchor>
						</Anchors>
					</Button>

					<Button name="$parent_Buff7" inherits="Perl_Target_Target_Target_BuffTemplate" id="7">
						<Anchors>
							<Anchor point="TOPLEFT" relativeTo="$parent_Buff6" relativePoint="TOPRIGHT">
								<Offset>
									<AbsDimension x="0.5" y="0"/>
								</Offset>
							</Anchor>
						</Anchors>
					</Button>

					<Button name="$parent_Buff8" inherits="Perl_Target_Target_Target_BuffTemplate" id="8">
						<Anchors>
							<Anchor point="TOPLEFT" relativeTo="$parent_Buff7" relativePoint="TOPRIGHT">
								<Offset>
									<AbsDimension x="0.5" y="0"/>
								</Offset>
							</Anchor>
						</Anchors>
					</Button>

					<Button name="$parent_Buff9" inherits="Perl_Target_Target_Target_BuffTemplate" id="9">
						<Anchors>
							<Anchor point="TOPLEFT" relativeTo="$parent_Buff1" relativePoint="BOTTOMLEFT">
								<Offset>
									<AbsDimension x="0" y="-1"/>
								</Offset>
							</Anchor>
						</Anchors>
					</Button>

					<Button name="$parent_Buff10" inherits="Perl_Target_Target_Target_BuffTemplate" id="10">
						<Anchors>
							<Anchor point="TOPLEFT" relativeTo="$parent_Buff9" relativePoint="TOPRIGHT">
								<Offset>
									<AbsDimension x="0.5" y="0"/>
								</Offset>
							</Anchor>
						</Anchors>
					</Button>

					<Button name="$parent_Buff11" inherits="Perl_Target_Target_Target_BuffTemplate" id="11">
						<Anchors>
							<Anchor point="TOPLEFT" relativeTo="$parent_Buff10" relativePoint="TOPRIGHT">
								<Offset>
									<AbsDimension x="0.5" y="0"/>
								</Offset>
							</Anchor>
						</Anchors>
					</Button>

					<Button name="$parent_Buff12" inherits="Perl_Target_Target_Target_BuffTemplate" id="12">
						<Anchors>
							<Anchor point="TOPLEFT" relativeTo="$parent_Buff11" relativePoint="TOPRIGHT">
								<Offset>
									<AbsDimension x="0.5" y="0"/>
								</Offset>
							</Anchor>
						</Anchors>
					</Button>

					<Button name="$parent_Buff13" inherits="Perl_Target_Target_Target_BuffTemplate" id="13">
						<Anchors>
							<Anchor point="TOPLEFT" relativeTo="$parent_Buff12" relativePoint="TOPRIGHT">
								<Offset>
									<AbsDimension x="0.5" y="0"/>
								</Offset>
							</Anchor>
						</Anchors>
					</Button>

					<Button name="$parent_Buff14" inherits="Perl_Target_Target_Target_BuffTemplate" id="14">
						<Anchors>
							<Anchor point="TOPLEFT" relativeTo="$parent_Buff13" relativePoint="TOPRIGHT">
								<Offset>
									<AbsDimension x="0.5" y="0"/>
								</Offset>
							</Anchor>
						</Anchors>
					</Button>

					<Button name="$parent_Buff15" inherits="Perl_Target_Target_Target_BuffTemplate" id="15">
						<Anchors>
							<Anchor point="TOPLEFT" relativeTo="$parent_Buff14" relativePoint="TOPRIGHT">
								<Offset>
									<AbsDimension x="0.5" y="0"/>
								</Offset>
							</Anchor>
						</Anchors>
					</Button>

					<Button name="$parent_Buff16" inherits="Perl_Target_Target_Target_BuffTemplate" id="16">
						<Anchors>
							<Anchor point="TOPLEFT" relativeTo="$parent_Buff15" relativePoint="TOPRIGHT">
								<Offset>
									<AbsDimension x="0.5" y="0"/>
								</Offset>
							</Anchor>
						</Anchors>
					</Button>

					<Button name="$parent_Debuff1" inherits="Perl_Target_Target_Target_BuffTemplate" id="17">
						<Anchors>
							<Anchor point="TOPLEFT" relativeTo="$parent_Buff1" relativePoint="BOTTOMLEFT">
								<Offset>
									<AbsDimension x="0" y="-1"/>
								</Offset>
							</Anchor>
						</Anchors>
					</Button>

					<Button name="$parent_Debuff2" inherits="Perl_Target_Target_Target_BuffTemplate" id="18">
						<Anchors>
							<Anchor point="TOPLEFT" relativeTo="$parent_Debuff1" relativePoint="TOPRIGHT">
								<Offset>
									<AbsDimension x="0.5" y="0"/>
								</Offset>
							</Anchor>
						</Anchors>
					</Button>

					<Button name="$parent_Debuff3" inherits="Perl_Target_Target_Target_BuffTemplate" id="19">
						<Anchors>
							<Anchor point="TOPLEFT" relativeTo="$parent_Debuff2" relativePoint="TOPRIGHT">
								<Offset>
									<AbsDimension x="0.5" y="0"/>
								</Offset>
							</Anchor>
						</Anchors>
					</Button>

					<Button name="$parent_Debuff4" inherits="Perl_Target_Target_Target_BuffTemplate" id="20">
						<Anchors>
							<Anchor point="TOPLEFT" relativeTo="$parent_Debuff3" relativePoint="TOPRIGHT">
								<Offset>
									<AbsDimension x="0.5" y="0"/>
								</Offset>
							</Anchor>
						</Anchors>
					</Button>

					<Button name="$parent_Debuff5" inherits="Perl_Target_Target_Target_BuffTemplate" id="21">
						<Anchors>
							<Anchor point="TOPLEFT" relativeTo="$parent_Debuff4" relativePoint="TOPRIGHT">
								<Offset>
									<AbsDimension x="0.5" y="0"/>
								</Offset>
							</Anchor>
						</Anchors>
					</Button>

					<Button name="$parent_Debuff6" inherits="Perl_Target_Target_Target_BuffTemplate" id="22">
						<Anchors>
							<Anchor point="TOPLEFT" relativeTo="$parent_Debuff5" relativePoint="TOPRIGHT">
								<Offset>
									<AbsDimension x="0.5" y="0"/>
								</Offset>
							</Anchor>
						</Anchors>
					</Button>

					<Button name="$parent_Debuff7" inherits="Perl_Target_Target_Target_BuffTemplate" id="23">
						<Anchors>
							<Anchor point="TOPLEFT" relativeTo="$parent_Debuff6" relativePoint="TOPRIGHT">
								<Offset>
									<AbsDimension x="0.5" y="0"/>
								</Offset>
							</Anchor>
						</Anchors>
					</Button>

					<Button name="$parent_Debuff8" inherits="Perl_Target_Target_Target_BuffTemplate" id="24">
						<Anchors>
							<Anchor point="TOPLEFT" relativeTo="$parent_Debuff7" relativePoint="TOPRIGHT">
								<Offset>
									<AbsDimension x="0.5" y="0"/>
								</Offset>
							</Anchor>
						</Anchors>
					</Button>

					<Button name="$parent_Debuff9" inherits="Perl_Target_Target_Target_BuffTemplate" id="25">
						<Anchors>
							<Anchor point="TOPLEFT" relativeTo="$parent_Debuff1" relativePoint="BOTTOMLEFT">
								<Offset>
									<AbsDimension x="0" y="-1"/>
								</Offset>
							</Anchor>
						</Anchors>
					</Button>

					<Button name="$parent_Debuff10" inherits="Perl_Target_Target_Target_BuffTemplate" id="26">
						<Anchors>
							<Anchor point="TOPLEFT" relativeTo="$parent_Debuff9" relativePoint="TOPRIGHT">
								<Offset>
									<AbsDimension x="0.5" y="0"/>
								</Offset>
							</Anchor>
						</Anchors>
					</Button>

					<Button name="$parent_Debuff11" inherits="Perl_Target_Target_Target_BuffTemplate" id="27">
						<Anchors>
							<Anchor point="TOPLEFT" relativeTo="$parent_Debuff10" relativePoint="TOPRIGHT">
								<Offset>
									<AbsDimension x="0.5" y="0"/>
								</Offset>
							</Anchor>
						</Anchors>
					</Button>

					<Button name="$parent_Debuff12" inherits="Perl_Target_Target_Target_BuffTemplate" id="28">
						<Anchors>
							<Anchor point="TOPLEFT" relativeTo="$parent_Debuff11" relativePoint="TOPRIGHT">
								<Offset>
									<AbsDimension x="0.5" y="0"/>
								</Offset>
							</Anchor>
						</Anchors>
					</Button>

					<Button name="$parent_Debuff13" inherits="Perl_Target_Target_Target_BuffTemplate" id="29">
						<Anchors>
							<Anchor point="TOPLEFT" relativeTo="$parent_Debuff12" relativePoint="TOPRIGHT">
								<Offset>
									<AbsDimension x="0.5" y="0"/>
								</Offset>
							</Anchor>
						</Anchors>
					</Button>

					<Button name="$parent_Debuff14" inherits="Perl_Target_Target_Target_BuffTemplate" id="30">
						<Anchors>
							<Anchor point="TOPLEFT" relativeTo="$parent_Debuff13" relativePoint="TOPRIGHT">
								<Offset>
									<AbsDimension x="0.5" y="0"/>
								</Offset>
							</Anchor>
						</Anchors>
					</Button>

					<Button name="$parent_Debuff15" inherits="Perl_Target_Target_Target_BuffTemplate" id="31">
						<Anchors>
							<Anchor point="TOPLEFT" relativeTo="$parent_Debuff14" relativePoint="TOPRIGHT">
								<Offset>
									<AbsDimension x="0.5" y="0"/>
								</Offset>
							</Anchor>
						</Anchors>
					</Button>

					<Button name="$parent_Debuff16" inherits="Perl_Target_Target_Target_BuffTemplate" id="32">
						<Anchors>
							<Anchor point="TOPLEFT" relativeTo="$parent_Debuff15" relativePoint="TOPRIGHT">
								<Offset>
									<AbsDimension x="0.5" y="0"/>
								</Offset>
							</Anchor>
						</Anchors>
					</Button>
				</Frames>
			</Frame>

		</Frames>
	</Frame>

	<FontString name="Perl_Target_Target_Font" font="ZoneTextFont" virtual="true">
		<FontHeight>
			<AbsValue val="30"/>
		</FontHeight>
		<Color r="1" g="0.2" b="0"/>
	</FontString>

	<Frame name="Perl_Target_Target_BigWarning" toplevel="true" parent="UIParent" hidden="false">
		<Size>
			<AbsDimension x="800" y="128"/> <!-- 512, 128 -->
		</Size>
		<Anchors>
			<Anchor point="CENTER">
				<Offset>
					<AbsDimension x="0" y="284"/>
				</Offset>
			</Anchor>
		</Anchors>
		<Layers>
			<Layer level="ARTWORK">
				<FontString name="Perl_Target_Target_BigWarning_Text" inherits="Perl_Target_Target_Font" text="Error!">
					<Size>
						<AbsDimension x="800" y="128"/>
					</Size>
					<Anchors>
						<Anchor point="CENTER" relativeTo="Perl_Target_Target_BigWarning" relativePoint="CENTER"/>
					</Anchors>
				</FontString>
			</Layer>
		</Layers>
		<Scripts>
			<OnLoad>
				Perl_Target_Target_BigWarning_OnLoad();
			</OnLoad>
		</Scripts>
	</Frame>

	<Frame name="Perl_Target_Target_HealthBar_Fade_OnUpdate_Frame" movable="true" parent="UIParent" hidden="true" enableMouse="true">
		<Scripts>
			<OnUpdate>
				Perl_Target_Target_HealthBar_Fade(arg1);
			</OnUpdate>
		</Scripts>
	</Frame>

	<Frame name="Perl_Target_Target_ManaBar_Fade_OnUpdate_Frame" movable="true" parent="UIParent" hidden="true" enableMouse="true">
		<Scripts>
			<OnUpdate>
				Perl_Target_Target_ManaBar_Fade(arg1);
			</OnUpdate>
		</Scripts>
	</Frame>

	<Frame name="Perl_Target_Target_Target_HealthBar_Fade_OnUpdate_Frame" movable="true" parent="UIParent" hidden="true" enableMouse="true">
		<Scripts>
			<OnUpdate>
				Perl_Target_Target_Target_HealthBar_Fade(arg1);
			</OnUpdate>
		</Scripts>
	</Frame>

	<Frame name="Perl_Target_Target_Target_ManaBar_Fade_OnUpdate_Frame" movable="true" parent="UIParent" hidden="true" enableMouse="true">
		<Scripts>
			<OnUpdate>
				Perl_Target_Target_Target_ManaBar_Fade(arg1);
			</OnUpdate>
		</Scripts>
	</Frame>


	<Frame name="Perl_Target_Target_Script_Frame" movable="true" parent="UIParent" hidden="false" enableMouse="true">
		<Scripts>
			<OnLoad>
				Perl_Target_Target_OnLoad();
			</OnLoad>
		</Scripts>
	</Frame>
</Ui>
