<Ui xmlns="http://www.blizzard.com/wow/ui/" xmlns:xsi="http://www.w3.org/2001/XMLSchema-instance" xsi:schemaLocation="http://www.blizzard.com/wow/ui/
..\FrameXML\UI.xsd">
	<Script file="DFontChatSizes.lua"/>


	<Frame name="DFCS" frameStrata="HIGH" toplevel="true" enableMouse="true" movable="true" parent="UIParent" hidden="false">			
		<Size>
			<AbsDimension x="1" y="1"/>
		</Size>

		<Anchors>
			<Anchor point="TOP">
				<Offset>
					<AbsDimension x="0" y="-200" />
				</Offset>
			</Anchor>
		</Anchors>
		
		<Layers>
		</Layers>

		
		
		
		<Scripts>
			<OnLoad>
				fOnLoad();
			</OnLoad>
		</Scripts>



			
	</Frame>

	
	

</Ui>