﻿<Ui xmlns="http://www.blizzard.com/wow/ui/" xmlns:xsi="http://www.w3.org/2001/XMLSchema-instance" xsi:schemaLocation="http://www.blizzard.com/wow/ui/..\FrameXML\UI.xsd">


	
<!-- FRAMES -->
	
	<Frame virtual="true" name="ARKINV_TemplateSearchFrameMenu" inherits="ARKINV_TemplateFrameBasic">
	
		<Size x="200" y="40" />
		
	</Frame>
	
	
	<Button virtual="true" name="ARKINV_TemplateSearchTableRow" mouseEnabled="true" hidden="true">

		<Size x="2" y="2" />

		<Anchors>
			<Anchor point="LEFT" relativeTo="$parent" relativePoint="LEFT">
				<Offset x="5" y="0" />
			</Anchor>
			<Anchor point="RIGHT" relativeTo="$parent" relativePoint="RIGHT">
				<Offset x="-30" y="0" />
			</Anchor>
		</Anchors>

		<Layers>

			<Layer level="OVERLAY">

				<!-- objects in this layer are rearranged via LUA for each table -->
				
				<Texture name="$parentT1" inherits="ARKINV_TextureUnknown" hidden="true" />
				<Texture name="$parentT2" inherits="ARKINV_TextureUnknown" hidden="true" />
				
				<FontString name="$parentC1" inherits="ARKINV_TableRowFont" hidden="true" />
				<FontString name="$parentC2" inherits="ARKINV_TableRowFont" hidden="true" />
				<FontString name="$parentC3" inherits="ARKINV_TableRowFont" hidden="true" />
				
			</Layer>
			
			<Layer level="BACKGROUND">

				<FontString name="$parentId" inherits="ARKINV_TableRowFont" hidden="true" />
			
				<Texture name="$parentHighlight" inherits="ARKINV_TextureHighlight">
					<Anchors>
						<Anchor point="TOPLEFT" relativeTo="$parent" relativePoint="TOPLEFT">
							<Offset x="5" y="0" />
						</Anchor>
						<Anchor point="BOTTOMRIGHT" relativeTo="$parent" relativePoint="BOTTOMRIGHT">
							<Offset x="-5" y="0" />
						</Anchor>
					</Anchors>
				</Texture>

				<Texture name="$parentSelected" inherits="ARKINV_TextureSelected">
					<Anchors>
						<Anchor point="TOPLEFT" relativeTo="$parent" relativePoint="TOPLEFT">
							<Offset x="5" y="0" />
						</Anchor>
						<Anchor point="BOTTOMRIGHT" relativeTo="$parent" relativePoint="BOTTOMRIGHT">
							<Offset x="-5" y="0" />
						</Anchor>
					</Anchors>
				</Texture>

			</Layer>

		</Layers>

		<Scripts>

			<OnLoad>
				this:RegisterForClicks( "LeftButtonUp" )
				ArkInventory.Frame_Search_Build_Row()
			</OnLoad>

			<OnEnter>
				getfenv()[this:GetName() .. "Highlight"]:Show()
				h = getfenv()[this:GetName() .. "Id"]:GetText()
				ArkInventory.GameTooltipSetHyperlink( this, h )
			</OnEnter>

			<OnLeave>
				getfenv()[this:GetName() .. "Highlight"]:Hide()
				ArkInventory.GameTooltipHide()
			</OnLeave>

			<OnClick>
				PlaySound( "igMainMenuOptionCheckBoxOn" )
				ArkInventory.Frame_Search_Table_Row_OnClick( this )
			</OnClick>

		</Scripts>

	</Button>

	
	<Frame virtual="true" name="ARKINV_TemplateSearchTable" inherits="ARKINV_TemplateFrameBasic" mouseEnabled="true">

		<Size x="2" y="2" />
		
		<Layers>
			<Layer level="BACKGROUND">
				<!-- fields used to maintain the table, set via LUA in OnLoad -->
				<FontString name="$parentMaxRows" inherits="ARKINV_GameFontNormal" text="19" hidden="true" />
				<FontString name="$parentNumRows" inherits="ARKINV_GameFontNormal" text="1" hidden="true" />
				<FontString name="$parentRowHeight" inherits="ARKINV_GameFontNormal" text="30" hidden="true" />
				<FontString name="$parentSelectedRow" inherits="ARKINV_GameFontNormal" hidden="true" />
				<FontString name="$parentSelectedId" inherits="ARKINV_GameFontNormal" hidden="true" />
			</Layer>
		</Layers>
		
		<Frames>

			<Button name="$parentRow1" inherits="ARKINV_TemplateSearchTableRow" id="1">
				<Anchors>
					<Anchor point="TOP">
						<Offset x="0" y="-10" />
					</Anchor>
				</Anchors>
			</Button>

			<Button name="$parentRow2" inherits="ARKINV_TemplateSearchTableRow" id="2">
				<Anchors>
					<Anchor point="TOP" relativeTo="$parentRow1" relativePoint="BOTTOM" />
				</Anchors>
			</Button>

			<Button name="$parentRow3" inherits="ARKINV_TemplateSearchTableRow" id="3">
				<Anchors>
					<Anchor point="TOP" relativeTo="$parentRow2" relativePoint="BOTTOM" />
				</Anchors>
			</Button>

			<Button name="$parentRow4" inherits="ARKINV_TemplateSearchTableRow" id="4">
				<Anchors>
					<Anchor point="TOP" relativeTo="$parentRow3" relativePoint="BOTTOM" />
				</Anchors>
			</Button>

			<Button name="$parentRow5" inherits="ARKINV_TemplateSearchTableRow" id="5">
				<Anchors>
					<Anchor point="TOP" relativeTo="$parentRow4" relativePoint="BOTTOM" />
				</Anchors>
			</Button>

			<Button name="$parentRow6" inherits="ARKINV_TemplateSearchTableRow" id="6">
				<Anchors>
					<Anchor point="TOP" relativeTo="$parentRow5" relativePoint="BOTTOM" />
				</Anchors>
			</Button>

			<Button name="$parentRow7" inherits="ARKINV_TemplateSearchTableRow" id="7">
				<Anchors>
					<Anchor point="TOP" relativeTo="$parentRow6" relativePoint="BOTTOM" />
				</Anchors>
			</Button>

			<Button name="$parentRow8" inherits="ARKINV_TemplateSearchTableRow" id="8">
				<Anchors>
					<Anchor point="TOP" relativeTo="$parentRow7" relativePoint="BOTTOM" />
				</Anchors>
			</Button>

			<Button name="$parentRow9" inherits="ARKINV_TemplateSearchTableRow" id="9">
				<Anchors>
					<Anchor point="TOP" relativeTo="$parentRow8" relativePoint="BOTTOM" />
				</Anchors>
			</Button>

			<Button name="$parentRow10" inherits="ARKINV_TemplateSearchTableRow" id="10">
				<Anchors>
					<Anchor point="TOP" relativeTo="$parentRow9" relativePoint="BOTTOM" />
				</Anchors>
			</Button>

			<Button name="$parentRow11" inherits="ARKINV_TemplateSearchTableRow" id="11">
				<Anchors>
					<Anchor point="TOP" relativeTo="$parentRow10" relativePoint="BOTTOM" />
				</Anchors>
			</Button>

			<Button name="$parentRow12" inherits="ARKINV_TemplateSearchTableRow" id="12">
				<Anchors>
					<Anchor point="TOP" relativeTo="$parentRow11" relativePoint="BOTTOM" />
				</Anchors>
			</Button>

			<Button name="$parentRow13" inherits="ARKINV_TemplateSearchTableRow" id="13">
				<Anchors>
					<Anchor point="TOP" relativeTo="$parentRow12" relativePoint="BOTTOM" />
				</Anchors>
			</Button>

			<Button name="$parentRow14" inherits="ARKINV_TemplateSearchTableRow" id="14">
				<Anchors>
					<Anchor point="TOP" relativeTo="$parentRow13" relativePoint="BOTTOM" />
				</Anchors>
			</Button>

			<Button name="$parentRow15" inherits="ARKINV_TemplateSearchTableRow" id="15">
				<Anchors>
					<Anchor point="TOP" relativeTo="$parentRow14" relativePoint="BOTTOM" />
				</Anchors>
			</Button>

			<Button name="$parentRow16" inherits="ARKINV_TemplateSearchTableRow" id="16">
				<Anchors>
					<Anchor point="TOP" relativeTo="$parentRow15" relativePoint="BOTTOM" />
				</Anchors>
			</Button>

			<Button name="$parentRow17" inherits="ARKINV_TemplateSearchTableRow" id="17">
				<Anchors>
					<Anchor point="TOP" relativeTo="$parentRow16" relativePoint="BOTTOM" />
				</Anchors>
			</Button>

			<Button name="$parentRow18" inherits="ARKINV_TemplateSearchTableRow" id="18">
				<Anchors>
					<Anchor point="TOP" relativeTo="$parentRow17" relativePoint="BOTTOM" />
				</Anchors>
			</Button>

			<Button name="$parentRow19" inherits="ARKINV_TemplateSearchTableRow" id="19">
				<Anchors>
					<Anchor point="TOP" relativeTo="$parentRow18" relativePoint="BOTTOM" />
				</Anchors>
			</Button>

			<Button name="$parentRow20" inherits="ARKINV_TemplateSearchTableRow" id="20">
				<Anchors>
					<Anchor point="TOP" relativeTo="$parentRow19" relativePoint="BOTTOM" />
				</Anchors>
			</Button>

			<ScrollFrame name="$parentScroll" inherits="FauxScrollFrameTemplate">

				<Anchors>
					<Anchor point="TOPRIGHT">
						<Offset x="-30" y="-10" />
					</Anchor>
					<Anchor point="BOTTOMRIGHT">
						<Offset x="0" y="10" />
					</Anchor>
				</Anchors>

				<Scripts>

					<OnVerticalScroll>
						local h = getfenv()[this:GetParent():GetName() .. "RowHeight"]:GetText()
						FauxScrollFrame_OnVerticalScroll( h, ArkInventory_Frame_Search_Table_Refresh )
					</OnVerticalScroll>

					<OnShow>
						ArkInventory_Frame_Search_Table_Refresh()
					</OnShow>

				</Scripts>

			</ScrollFrame>

		</Frames>

		<Scripts>
		
			<OnLoad>
				ArkInventory.Frame_Search_Build_Table()
			</OnLoad>
			
		</Scripts>
		
	</Frame>


	
	
	
	
	<!-- basic view table -->
	<Frame virtual="true" name="ARKINV_TemplateSearchTableView">

		<Size x="2" y="450" />

		<Anchors>
			<Anchor point="TOP" />
			<Anchor point="LEFT" relativeTo="$parent" relativePoint="LEFT">
				<Offset x="20" y="0" />
			</Anchor>
			<Anchor point="RIGHT" relativeTo="$parent" relativePoint="RIGHT">
				<Offset x="-20" y="0" />
			</Anchor>
			<Anchor point="BOTTOM" relativeTo="$parent" relativePoint="BOTTOM">
				<Offset x="0" y="20" />
			</Anchor>
		</Anchors>
		
		<Scripts>

			<OnShow>
				getfenv()[this:GetName() .. "TableScroll"]:Show()
			</OnShow>

		</Scripts>

		<Frames>

			<Frame name="$parentSearch" inherits="ARKINV_TemplateFrameBasic">

				<Size x="2" y="40" />

				<Anchors>
					<Anchor point="TOP" relativeTo="$parent" relativePoint="TOP">
						<Offset x="0" y="-20" />
					</Anchor>
					<Anchor point="LEFT" relativeTo="$parent" relativePoint="LEFT" />
					<Anchor point="RIGHT" relativeTo="$parent" relativePoint="RIGHT" />
				</Anchors>

				<Frames>

					<EditBox name="$parentFilter" inherits="ARKINV_TemplateEditBox" letters="80">

						<Size x="2" y="20" />

						<Anchors>
							<Anchor point="LEFT" relativeTo="$parent" relativePoint="LEFT">
								<Offset x="80" y="0" />
							</Anchor>
							<Anchor point="RIGHT" relativeTo="$parent" relativePoint="RIGHT">
								<Offset x="-30" y="0" />
							</Anchor>
						</Anchors>

						<Scripts>

							<OnLoad>
								ArkInventory.UiSetEditBoxLabel( ArkInventory.Localise["MOD_MENU_MAIN_SEARCH"] .. ":" )
							</OnLoad>

							<OnShow>
								this:SetFocus()
							</OnShow>

							<OnCursorChanged>
								ArkInventory.Frame_Search_Table_Refresh( this:GetParent():GetParent():GetParent():GetName() )
							</OnCursorChanged>

							<OnEnterPressed>
								this:ClearFocus()
								ArkInventory.Frame_Search_Table_Refresh( this:GetParent():GetParent():GetParent():GetName() )
							</OnEnterPressed>

						</Scripts>

					</EditBox>

				</Frames>

			</Frame>

			<Frame name="$parentTable" inherits="ARKINV_TemplateSearchTable">

				<Anchors>
					<Anchor point="TOP" relativeTo="$parentSearch" relativePoint="BOTTOM" />
					<Anchor point="LEFT" />
					<Anchor point="RIGHT" />
				</Anchors>

			</Frame>
		
		</Frames>

	</Frame>

	
	<Frame virtual="true" name="ARKINV_TemplateSearchMain" inherits="ARKINV_TemplateFrameStandard">
	
		<Layers>
			<Layer level="BACKGROUND">
				<FontString name="$parentType" text="SEARCH" hidden="true" />
			</Layer>
		</Layers>

		<Frames>
		
			<Frame name="$parentView" inherits="ARKINV_TemplateSearchTableView" hidden="false" />
			
		</Frames>

	</Frame>

	
	
	
<!-- SEARCH FRAME STARTS HERE -->

	<Frame name="ARKINV_Search" parent="UIParent" toplevel="true" movable="true" enableMouse="true" hidden="true" clampedToScreen="true">
	
		<Size x="500" y="600" />

		<Anchors>
			<Anchor point="CENTER" relativeTo="$parent" relativePoint="CENTER" />
		</Anchors>

		<Frames>

			<Frame name="$parentTitle" inherits="ARKINV_TemplateFrameStandard">

				<Size x="400" y="40" />

				<Anchors>
					<Anchor point="TOPLEFT" relativeTo="$parent" relativePoint="TOPLEFT" />
					<Anchor point="RIGHT" relativeTo="$parent" relativePoint="RIGHT" />
				</Anchors>
			
				<Frames>
				
					<Button name="$parentMenu">
					
						<Size x="24" y="24" />
						
						<NormalTexture file="Interface\Icons\INV_Misc_EngGizmos_20" />
						
						<Anchors>
							<Anchor point="LEFT" relativeTo="$parent" relativePoint="LEFT">
								<Offset x="6" y="0" />
							</Anchor>
						</Anchors>
						
						<Scripts>
							<OnClick>
								ArkInventory.MenuSearchOpen( this:GetParent():GetParent() )
							</OnClick>
							<OnEnter>
								ArkInventory.GameTooltipSetText( this, ArkInventory.Localise["MOD_FRAME_MENU"] )
							</OnEnter>
							<OnLeave>
								ArkInventory.GameTooltipHide()
							</OnLeave>
						</Scripts>
						
					</Button>

					<Button name="$parentClose" inherits="ARKINV_TemplateButtonClose">
					
						<Anchors>
							<Anchor point="RIGHT" relativeTo="$parent" relativePoint="RIGHT">
								<Offset x="-8" y="0" />
							</Anchor>
						</Anchors>
						
						<Scripts>
						
							<OnClick>
								ArkInventory.Frame_Search_Hide()
							</OnClick>
							
						</Scripts>
						
					</Button>


					<Frame>
						<Layers>
							<Layer level="ARTWORK">
								<FontString name="$parentWho" inherits="ARKINV_GameFontNormalLarge" justifyH="LEFT" text="ERROR">
									<Anchors>
										<Anchor point="TOP" relativeTo="$parentMenu" relativePoint="TOP" />
										<Anchor point="BOTTOM" relativeTo="$parentMenu" relativePoint="BOTTOM" />
										<Anchor point="LEFT" relativeTo="$parentMenu" relativePoint="RIGHT">
											<Offset x="5" y="0" />
										</Anchor>
										<Anchor point="RIGHT" relativeTo="$parentClose" relativePoint="RIGHT">
											<Offset x="-20" y="0" />
										</Anchor>
									</Anchors>
								</FontString>
							</Layer>
						</Layers>
					</Frame>

				</Frames>

			</Frame>
			
			<Frame name="$parentFrame" inherits="ARKINV_TemplateSearchMain">
				<Anchors>
					<Anchor point="TOPLEFT" relativeTo="$parentTitle" relativePoint="BOTTOMLEFT">
						<Offset x="0" y="2" />
					</Anchor>
					<Anchor point="BOTTOMRIGHT" relativeTo="$parent" relativePoint="BOTTOMRIGHT" />
				</Anchors>
			</Frame>

		</Frames>

		<Scripts>

			<OnLoad>
				this:RegisterForDrag( "LeftButton" )
				tinsert( UISpecialFrames, this:GetName() )
			</OnLoad>

			<OnDragStart>
				this:StartMoving()
			</OnDragStart>

			<OnDragStop>
				this:StopMovingOrSizing()
			</OnDragStop>

			<OnShow>
				PlaySound( "igMainMenuOptionCheckBoxOn" )
				ArkInventory.Frame_Search_Paint()
			</OnShow>
			
			<OnHide>
				PlaySound( "igMainMenuOptionCheckBoxOn" )
			</OnHide>
			
		</Scripts>
		
	</Frame>
	
<!-- END OF MAIN FRAME -->
	
</Ui>
