<Ui xmlns="http://www.blizzard.com/wow/ui/" xmlns:xsi="http://www.w3.org/2001/XMLSchema-instance" xsi:schemaLocation="http://www.blizzard.com/wow/ui/..\FrameXML\UI.xsd">
	
	<Script file="Libs\Ace2\AceLibrary\AceLibrary.lua" />
	<Script file="Libs\Ace2\AceOO-2.0\AceOO-2.0.lua" />
	<Script file="Libs\Ace2\AceAddon-2.0\AceAddon-2.0.lua" />
	<Script file="Libs\Ace2\AceConsole-2.0\AceConsole-2.0.lua" />
	<Script file="Libs\Ace2\AceEvent-2.0\AceEvent-2.0.lua" />
	<Script file="Libs\Ace2\AceDB-2.0\AceDB-2.0.lua" />
	<Script file="Libs\Ace2\AceHook-2.1\AceHook-2.1.lua" />
	<Script file="Libs\Ace2\AceLocale-2.2\AceLocale-2.2.lua" />
	
	<Script file="Libs\Dewdrop\Dewdrop-2.0\Dewdrop-2.0.lua" />
	
	<Script file="Libs\PeriodicTable\LibPeriodicTable-3.1\LibPeriodicTable-3.1.lua" />
	<Script file="Libs\PeriodicTable\LibPeriodicTable-3.1-Consumable\LibPeriodicTable-3.1-Consumable.lua" />
	<Script file="Libs\PeriodicTable\LibPeriodicTable-3.1-Misc\LibPeriodicTable-3.1-Misc.lua" />
	<Script file="Libs\PeriodicTable\LibPeriodicTable-3.1-Reputation\LibPeriodicTable-3.1-Reputation.lua" />
	<Script file="Libs\PeriodicTable\LibPeriodicTable-3.1-Tradeskill\LibPeriodicTable-3.1-Tradeskill.lua" />
	<Script file="Libs\PeriodicTable\LibPeriodicTable-3.1-TradeskillResultMats\LibPeriodicTable-3.1-TradeskillResultMats.lua" />
	
	<Script file="Libs\LibStub\LibStub.lua" />
	<Script file="Libs\Ace3\CallbackHandler-1.0\CallbackHandler-1.0.lua" />
	<Script file="Libs\LibSharedMedia-3.0\LibSharedMedia-3.0.lua" />

</Ui>
