<Ui xmlns:xsi="http://www.w3.org/2001/XMLSchema-instance" xmlns:xsd="http://www.w3.org/2001/XMLSchema" xmlns="http://www.blizzard.com/wow/ui/">
	<Script file="Libs\Ace2\AceLibrary\AceLibrary.lua" />
	<Script file="Libs\Ace2\AceOO-2.0\AceOO-2.0.lua" />
	<Script file="Libs\Ace2\AceEvent-2.0\AceEvent-2.0.lua" />
	<Script file="Libs\Ace2\AceHook-2.1\AceHook-2.1.lua" />
	<Script file="Libs\Ace2\AceDB-2.0\AceDB-2.0.lua" />
	<Script file="Libs\Ace2\AceDebug-2.0\AceDebug-2.0.lua" />
	<Script file="Libs\Ace2\AceLocale-2.2\AceLocale-2.2.lua" />
	<Script file="Libs\Ace2\AceTab-2.0\AceTab-2.0.lua" />
	<Script file="Libs\Ace2\AceConsole-2.0\AceConsole-2.0.lua" />
	<Script file="Libs\Ace2\AceComm-2.0\AceComm-2.0.lua" />
	<Script file="Libs\Ace2\AceAddon-2.0\AceAddon-2.0.lua" />
	<Script file="Libs\Ace2\AceModuleCore-2.0\AceModuleCore-2.0.lua" />
</Ui>