<Ui xmlns="http://www.blizzard.com/wow/ui/" xmlns:xsi="http://www.w3.org/2001/XMLSchema-instance" 
	xsi:schemaLocation="http://www.blizzard.com/wow/ui/ C:\Projects\WoW\Bin\Interface\FrameXML\UI.xsd">

	<Script file="KA_RaidTracker_Buttons.lua"/>
	
	/*
		Buttons and Templates
	*/
	
	<Button name="KA_RaidTrackerTabTemplate" virtual="true">
		<Layers>
			<Layer level="BACKGROUND">
				<Texture name="$parentLeft" file="Interface\FriendsFrame\WhoFrame-ColumnTabs">
					<Size>
						<AbsDimension x="5" y="24"/>
					</Size>
					<Anchors>
						<Anchor point="TOPLEFT"/>
					</Anchors>
					<TexCoords left="0" right="0.078125" top="0" bottom="0.75"/>
				</Texture>
				<Texture name="$parentRight" file="Interface\FriendsFrame\WhoFrame-ColumnTabs">
					<Size>
						<AbsDimension x="4" y="24"/>
					</Size>
					<Anchors>
						<Anchor point="TOPRIGHT"/>
					</Anchors>
					<TexCoords left="0.90625" right="0.96875" top="0" bottom="0.75"/>
				</Texture>
			</Layer>
		</Layers>
		<ButtonText inherits="GameFontHighlightSmall">
			<Anchors>
				<Anchor point="LEFT">
					<Offset>
						<AbsDimension x="8" y="0"/>
					</Offset>
				</Anchor>
			</Anchors>
		</ButtonText>
	</Button>

	<Button name="KA_RaidTrackerItemTemplate" virtual="true" hidden="true">
		<Size>
			<AbsDimension x="39" y="39"/>
		</Size>
		<Layers>
			<Layer level="ARTWORK">
				<Texture name="$parentIconTexture">
					<Size>
						<AbsDimension x="39" y="39"/>
					</Size>
					<Anchors>
						<Anchor point="TOPLEFT">
							<Offset>
								<AbsDimension x="0" y="0"/>
							</Offset>
						</Anchor>
					</Anchors>
				</Texture>
			</Layer>
			<Layer level="OVERLAY">
				<FontString name="$parentDescription" inherits="QuestFont" justifyH="LEFT" justifyV="TOP">
					<Size>
						<AbsDimension x="215" y="27"/>
					</Size>
					<Anchors>
						<Anchor point="LEFT" relativePoint="RIGHT" relativeTo="$parentIconTexture">
							<Offset>
								<AbsDimension x="5" y="3"/>
							</Offset>
						</Anchor>
					</Anchors>
				</FontString>
				<FontString name="$parentLooted"  font="Fonts\FRIZQT__.TTF" justifyH="LEFT">
					<Size>
						<AbsDimension x="215" y="12"/>
					</Size>
					<FontHeight>
						<AbsValue val="10"/>
					</FontHeight>
					<Color r="0" g="0" b="0"/>
					<Anchors>
						<Anchor point="LEFT" relativePoint="RIGHT" relativeTo="$parentIconTexture">
							<Offset>
								<AbsDimension x="5" y="-14"/>
							</Offset>
						</Anchor>
					</Anchors>
				</FontString>
				<FontString name="$parentCount" inherits="NumberFontNormal" justifyH="RIGHT">
					<Anchors>
						<Anchor point="BOTTOMRIGHT">
							<Offset>
								<AbsDimension x="-2" y="2"/>
							</Offset>
						</Anchor>
					</Anchors>
				</FontString>
				<FontString name="$parentDeleteText" inherits="QuestFont" justifyH="RIGHT" text="[X]">
					<Anchors>
						<Anchor point="LEFT" relativePoint="RIGHT">
							<Offset>
								<AbsDimension x="218" y="-7"/>
							</Offset>
						</Anchor>
					</Anchors>
				</FontString>
			</Layer>
			<Layer level="BACKGROUND">
				<Texture file="Interface\Tooltips\UI-Tooltip-Background" name="$parentMouseOver" hidden="true">
					<Size>
						<AbsDimension x="215" y="40"/>
					</Size>
					<Anchors>
						<Anchor point="TOPLEFT">
							<Offset>
								<AbsDimension x="42" y="0"/>
							</Offset>
						</Anchor>
					</Anchors>
				</Texture>
			</Layer>
		</Layers>
		<Frames>
			<Frame name="$parentRightClickMenu" inherits="UIDropDownMenuTemplate" id="1" hidden="true">
				<Scripts>
					<OnLoad>
						UIDropDownMenu_Initialize(this, KA_RaidTracker_ItemsRightClickMenu_Initialize, "MENU");
					</OnLoad>
				</Scripts>
			</Frame>
			<Button name="$parentHitArea">
				<Anchors>
					<Anchor point="TOPLEFT">
						<Offset>
							<AbsDimension x="42" y="0"/>
						</Offset>
					</Anchor>
				</Anchors>
				<Size>
					<AbsDimension x="215" y="40"/>
				</Size>
				<Scripts>
					<OnLoad>
						this:RegisterForClicks("LeftButtonUp", "RightButtonUp");
					</OnLoad>
					<OnEnter>
						getglobal(this:GetParent():GetName() .. "MouseOver"):Show();
					</OnEnter>
					<OnLeave>
						getglobal(this:GetParent():GetName() .. "MouseOver"):Hide();
					</OnLeave>
					<OnClick>
						if(arg1 == "LeftButton") then
							if(IsControlKeyDown()) then
								DressUpItemLink("item:"..KARaidTrackerDB.RaidLog[this:GetParent().raidid]["Loot"][this:GetParent().itemid]["item"]["id"]);
							else
								KA_RaidTracker_SelectItem(this:GetParent().itemname);
								KA_RaidTracker_Update();
								KA_RaidTracker_UpdateView();
							end
						else
							KA_RaidTracker_ItemsRightClickMenu_Toggle();
							--KA_RaidTrackerEditLooterFrame.type = "looter";
							--KA_RaidTrackerEditLooterFrame.text = KARaidTrackerDB.RaidLog[this:GetParent().raidid]["Loot"][this:GetParent().itemid]["item"]["name"];
							--KA_RaidTrackerEditLooterFrame.color = KARaidTrackerDB.RaidLog[this:GetParent().raidid]["Loot"][this:GetParent().itemid]["item"]["c"];
							--KA_RaidTrackerEditLooterFrame.id = this:GetParent().raidid;
							--KA_RaidTrackerEditLooterFrame.itemid = this:GetParent().itemid;
							--KA_RaidTrackerEditLooterFrame:Show();
						end
					</OnClick>
				</Scripts>
			</Button>
			<Button name="$parentDelete">
				<Size>
					<AbsDimension x="18" y="16"/>
				</Size>
				<Anchors>
					<Anchor point="LEFT" relativePoint="RIGHT">
						<Offset>
							<AbsDimension x="218" y="-7"/>
						</Offset>
					</Anchor>
				</Anchors>
				<Scripts>
					<OnClick>
						KA_RaidTrackerAcceptDeleteFrame.id = this:GetParent().raidid;
						KA_RaidTrackerAcceptDeleteFrame.typeid = this:GetParent().itemid
						KA_RaidTrackerAcceptDeleteFrame.type = "item";
						KA_RaidTrackerAcceptDeleteFrame.header = "Delete Item";
						KA_RaidTrackerAcceptDeleteFrame:Show();
					</OnClick>
					<OnEnter>
						getglobal(this:GetName() .. "Text"):SetTextColor(0.8, 0.5, 0);
						GameTooltip:SetOwner(this, "ANCHOR_RIGHT");
						GameTooltip:ClearLines();
						GameTooltip:AddLine("Click to delete", 1, 0.7, 0);
						GameTooltip:Show();
					</OnEnter>
					<OnLeave>
						getglobal(this:GetName() .. "Text"):SetTextColor(0, 0, 0);
						GameTooltip:Hide();						
					</OnLeave>
				</Scripts>
			</Button>
			<Button name="$parentNote" hidden="false">
				<Size>
					<AbsDimension x="16" y="16"/>
				</Size>
				<Anchors>
					<Anchor point="LEFT" relativePoint="RIGHT">
						<Offset>
							<AbsDimension x="221" y="8"/>
						</Offset>
					</Anchor>
				</Anchors>
				<Scripts>
					<OnClick>
                        KA_RaidTracker_EditItemNote(this:GetParent().raidid, this:GetParent().itemid);
                    </OnClick>
					<OnEnter>
						GameTooltip:SetOwner(this, "ANCHOR_RIGHT");
						GameTooltip:ClearLines();
						GameTooltip:AddLine("Click to edit note", 1, 0.7, 0);
						if(KARaidTrackerDB.RaidLog[this:GetParent().raidid]["Loot"][this:GetParent().itemid]["note"]) then
							GameTooltip:AddLine(KARaidTrackerDB.RaidLog[this:GetParent().raidid]["Loot"][this:GetParent().itemid]["note"], 0.6, 0.6, 0.6);
						end
						GameTooltip:Show();
					</OnEnter>
					<OnLeave>
						GameTooltip:Hide();						
					</OnLeave>
					<OnLoad>
						this.note = "";
					</OnLoad>
				</Scripts>
				<NormalTexture name="$parentNormalTexture" file="Interface\Buttons\UI-GuildButton-PublicNote-Up"/>
				<DisabledTexture file="Interface\Buttons\UI-GuildButton-PublicNote-Disabled"/>
				<HighlightTexture file="Interface\Buttons\UI-GuildButton-PublicNote-Up" alphaMode="ADD"/>
			</Button>
		</Frames>
		<Scripts>
			<OnEnter>
				KA_RaidTrackerItem_SetHyperlink();
			</OnEnter>
			<OnLeave>
				GameTooltip:Hide();
			</OnLeave>
			<OnClick>
				if(arg1 == "RightButton" and KARaidTrackerDB.RaidLog[this.raidid]["Loot"][this.itemid]) then
					GameTooltip:SetOwner(this, "ANCHOR_RIGHT");
					GameTooltip:SetHyperlink("item:"..KARaidTrackerDB.RaidLog[this.raidid]["Loot"][this.itemid]["item"]["id"]);
					GameTooltip:Hide();
				end
				KA_RaidTrackerItem_GetChatHyperlink();
			</OnClick>
			<OnLoad>
				this:RegisterForClicks("LeftButtonUp", "RightButtonUp");
				getglobal(this:GetName() .. "MouseOver"):SetAlpha(0.25);
				getglobal(this:GetName() .. "MouseOver"):SetVertexColor(1, 1, 0);
			</OnLoad>
		</Scripts>
	</Button>
	
	<Button name="KA_RaidTrackerTitleButtonTemplate" virtual="true">
		<Size>
			<AbsDimension x="300" y="16"/>
		</Size>
		<ButtonText name="$parentButtonText" inherits="GameFontNormal" justifyH="LEFT" nonspacewrap="true">
			<Size>
				<AbsDimension x="300" y="10"/>
			</Size>
			<Anchors>
				<Anchor point="LEFT">
					<Offset>
						<AbsDimension x="5" y="0"/>
					</Offset>
				</Anchor>
			</Anchors> 
		</ButtonText>
		<HighlightText name="$parentHighlightText" inherits="GameFontHighlight" justifyH="LEFT" nonspacewrap="true">
			<Size>
				<AbsDimension x="300" y="10"/>
			</Size>
			<Anchors>
				<Anchor point="LEFT">
					<Offset>
						<AbsDimension x="5" y="0"/>
					</Offset>
				</Anchor>
			</Anchors>
		</HighlightText>
		<DisabledText name="$parentDisabledText" inherits="GameFontHighlight" justifyH="LEFT" nonspacewrap="true">
			<Size>
				<AbsDimension x="300" y="10"/>
			</Size>
			<Anchors>
				<Anchor point="LEFT">
					<Offset>
						<AbsDimension x="5" y="0"/>
					</Offset>
				</Anchor>
			</Anchors>
		</DisabledText>
		<Scripts>
			<OnLoad>
				this:RegisterForClicks("LeftButtonUp", "RightButtonUp");
			</OnLoad>
			<OnClick>
				if(arg1 == "LeftButton") then
					KA_RaidTracker_SelectRaid(this:GetID());
					KA_RaidTracker_LastPage = { };
					KA_RaidTrackerFrameBackButton:Disable();
				else
					KA_RaidTracker_RaidsRightClickMenu_Toggle();
					--KA_RaidTrackerGenerateDkpLink(FauxScrollFrame_GetOffset(KA_RaidTrackerListScrollFrame) + this:GetID());
				end
				
			</OnClick>
		</Scripts>
		<Frames>
			<Frame name="$parentRightClickMenu" inherits="UIDropDownMenuTemplate" id="1" hidden="true">
				<Scripts>
					<OnLoad>
						UIDropDownMenu_Initialize(this, KA_RaidTracker_RaidsRightClickMenu_Initialize, "MENU");
					</OnLoad>
				</Scripts>
			</Frame>
		</Frames>
	</Button>


</Ui>