<Ui xmlns="http://www.blizzard.com/wow/ui/" xmlns:xsi="http://www.w3.org/2001/XMLSchema-instance" xsi:schemaLocation="http://www.blizzard.com/wow/ui/ ..\FrameXML\UI.xsd">

	<Script file="localization-enUS.lua"/>
	<Script file="localization-deDE.lua"/>
	<Script file="localization-frFR.lua"/>

	<Script file="FriendsFacts.lua"/>

	<Frame name="FriendsFacts" hidden="true">
		<Scripts>
			<OnLoad>
				this:RegisterEvent("VARIABLES_LOADED")
			</OnLoad>
			<OnEvent>
				FriendsFacts_OnEvent(event)
			</OnEvent>
		</Scripts>
	</Frame>

</Ui>

