<Bindings>
	<!-- Toggle TellTrack On/Off -->
	<Binding name="TELLTRACK" description="Toggle tell track" header="TELLTRACKHEADER">
		TellTrack_Toggle_Enabled(-1);
	</Binding>
	<Binding name="TELLTRACK_RETELL" description="Retell">
		TellTrack_InitiateWhisperToPreviousTarget();
	</Binding>
	<Binding name="TELLTRACK1" description="Send tell to tell track number 1">
		TellTrack_InitiateWhisperByID(1);
	</Binding>
	<Binding name="TELLTRACK2" description="Send tell to tell track number 2">
		TellTrack_InitiateWhisperByID(2);
	</Binding>
	<Binding name="TELLTRACK3" description="Send tell to tell track number 3">
		TellTrack_InitiateWhisperByID(3);
	</Binding>
	<Binding name="TELLTRACK4" description="Send tell to tell track number 4">
		TellTrack_InitiateWhisperByID(4);
	</Binding>
</Bindings>