<Bindings>
	<Binding name="ROUTESCWPSTART" header="Routes">
		LibStub("AceAddon-3.0"):GetAddon("Routes"):GetModule("Waypoints"):QueueFirstNode()
	</Binding>
	<Binding name="ROUTESCWPSTOP">
		LibStub("AceAddon-3.0"):GetAddon("Routes"):GetModule("Waypoints"):RemoveQueuedNode()
	</Binding>
	<Binding name="ROUTESCWPCHANGEDIR">
		LibStub("AceAddon-3.0"):GetAddon("Routes"):GetModule("Waypoints"):ChangeWaypointDirection()
	</Binding>
	<Binding name="ROUTESTTSTART">
		LibStub("AceAddon-3.0"):GetAddon("Routes"):GetModule("TomTom"):QueueFirstNode()
	</Binding>
	<Binding name="ROUTESTTSTOP">
		LibStub("AceAddon-3.0"):GetAddon("Routes"):GetModule("TomTom"):RemoveQueuedNode()
	</Binding>
	<Binding name="ROUTESTTCHANGEDIR">
		LibStub("AceAddon-3.0"):GetAddon("Routes"):GetModule("TomTom"):ChangeWaypointDirection()
	</Binding>
</Bindings>
