<Ui xmlns="http://www.blizzard.com/wow/ui/" xmlns:xsi="http://www.w3.org/2001/XMLSchema-instance" xsi:schemaLocation="http://www.blizzard.com/wow/ui/
..\FrameXML\UI.xsd">
	<Script file="Perl_Config_Party.lua"/>


	<Frame name="Perl_Config_Party_Frame" frameStrata="DIALOG" hidden="true" enableMouse="true">
		<Size>
			<AbsDimension x="600" y="380"/>
		</Size>
		<Anchors>
			<Anchor point="TOPLEFT" relativePoint="TOPLEFT" relativeTo="Perl_Config_Frame">
				<Offset>
					<AbsDimension x="0" y="-120"/>
				</Offset>
			</Anchor>
		</Anchors>
		<Layers>
			<Layer level="ARTWORK">
				<Texture name="Perl_Config_Party_Header" file="Interface\DialogFrame\UI-DialogBox-Header">
					<Size>
						<AbsDimension x="256" y="64"/>
					</Size>
					<Anchors>
						<Anchor point="TOP">
							<Offset>
								<AbsDimension x="0" y="12"/>
							</Offset>
						</Anchor>
					</Anchors>
				</Texture>
				<FontString inherits="GameFontNormal" text="PERL_LOCALIZED_CONFIG_PARTY">
					<Anchors>
						<Anchor point="TOP" relativeTo="Perl_Config_Party_Header">
							<Offset>
								<AbsDimension x="0" y="-14"/>
							</Offset>
						</Anchor>
					</Anchors>
				</FontString>

				<FontString name="$parent_Space_Text" inherits="GameFontNormal" text="PERL_LOCALIZED_CONFIG_PARTY_SPACING">
					<Anchors>
						<Anchor point="LEFT" relativePoint="TOPLEFT">
							<Offset>
								<AbsDimension x="20" y="-270"/>
							</Offset>
						</Anchor>
					</Anchors>
				</FontString>

				<FontString name="$parent_Display_Mode_Text" inherits="GameFontNormal" text="PERL_LOCALIZED_CONFIG_DISPLAY_MODE">
					<Anchors>
						<Anchor point="LEFT" relativePoint="TOPLEFT">
							<Offset>
								<AbsDimension x="200" y="-200"/>
							</Offset>
						</Anchor>
					</Anchors>
				</FontString>

				<FontString name="$parent_Misc2_Text" inherits="GameFontNormal" text=" ">
					<Anchors>
						<Anchor point="LEFT" relativePoint="TOPLEFT">
							<Offset>
								<AbsDimension x="200" y="-30"/>
							</Offset>
						</Anchor>
					</Anchors>
				</FontString>

				<FontString name="$parent_Misc_Text" inherits="GameFontNormal" text="PERL_LOCALIZED_CONFIG_MISC">
					<Anchors>
						<Anchor point="LEFT" relativePoint="TOPLEFT">
							<Offset>
								<AbsDimension x="20" y="-30"/>
							</Offset>
						</Anchor>
					</Anchors>
				</FontString>

				<FontString name="$parent_Transparency_Text" inherits="GameFontNormal" text="PERL_LOCALIZED_CONFIG_TRANSPARENCY">
					<Anchors>
						<Anchor point="LEFT" relativePoint="TOPLEFT">
							<Offset>
								<AbsDimension x="350" y="-30"/>
							</Offset>
						</Anchor>
					</Anchors>
				</FontString>

				<FontString name="$parent_Buff_Location_Text" inherits="GameFontNormal" text="PERL_LOCALIZED_CONFIG_BUFF_LOCATION">
					<Anchors>
						<Anchor point="LEFT" relativePoint="TOPLEFT">
							<Offset>
								<AbsDimension x="400" y="-90"/>
							</Offset>
						</Anchor>
					</Anchors>
				</FontString>

				<FontString name="$parent_Debuff_Location_Text" inherits="GameFontNormal" text="PERL_LOCALIZED_CONFIG_DEBUFF_LOCATION">
					<Anchors>
						<Anchor point="LEFT" relativePoint="TOPLEFT">
							<Offset>
								<AbsDimension x="400" y="-120"/>
							</Offset>
						</Anchor>
					</Anchors>
				</FontString>

				<FontString name="$parent_Buff_Text" inherits="GameFontNormal" text="PERL_LOCALIZED_CONFIG_BUFF_NUMBER">
					<Anchors>
						<Anchor point="LEFT" relativePoint="TOPLEFT">
							<Offset>
								<AbsDimension x="400" y="-150"/>
							</Offset>
						</Anchor>
					</Anchors>
				</FontString>

				<FontString name="$parent_Debuff_Text" inherits="GameFontNormal" text="PERL_LOCALIZED_CONFIG_DEBUFF_NUMBER">
					<Anchors>
						<Anchor point="LEFT" relativePoint="TOPLEFT">
							<Offset>
								<AbsDimension x="400" y="-180"/>
							</Offset>
						</Anchor>
					</Anchors>
				</FontString>

				<FontString name="$parent_Buff_Size_Text" inherits="GameFontNormal" text="PERL_LOCALIZED_CONFIG_BUFF_SIZE_LARGE">
					<Anchors>
						<Anchor point="LEFT" relativePoint="TOPLEFT">
							<Offset>
								<AbsDimension x="400" y="-210"/>
							</Offset>
						</Anchor>
					</Anchors>
				</FontString>

				<FontString name="$parent_Debuff_Size_Text" inherits="GameFontNormal" text="PERL_LOCALIZED_CONFIG_DEBUFF_SIZE_LARGE">
					<Anchors>
						<Anchor point="LEFT" relativePoint="TOPLEFT">
							<Offset>
								<AbsDimension x="400" y="-270"/>
							</Offset>
						</Anchor>
					</Anchors>
				</FontString>

				<FontString name="$parent_Scaling_Text" inherits="GameFontNormal" text="PERL_LOCALIZED_CONFIG_SCALING">
					<Anchors>
						<Anchor point="LEFT" relativePoint="TOPLEFT">
							<Offset>
								<AbsDimension x="20" y="-325"/>
							</Offset>
						</Anchor>
					</Anchors>
				</FontString>
			</Layer>
		</Layers>

		<Frames>
			<CheckButton name="$parent_CheckButton1" inherits="UICheckButtonTemplate" id="1">
				<Size>
					<AbsDimension x="20" y="20"/>
				</Size>
				<Anchors>
					<Anchor point="TOPLEFT" relativePoint="TOPLEFT" relativeTo="$parent_Display_Mode_Text">
						<Offset>
							<AbsDimension x="20" y="-20"/>
						</Offset>
					</Anchor>
				</Anchors>
				<Scripts>
					<OnLoad>
						getglobal(this:GetName().."Text"):SetText(PERL_LOCALIZED_CONFIG_ALWAYS_SHOWN);
					</OnLoad>
					<OnClick>
						Perl_Config_Party_Frame_CheckButton2:SetChecked(nil)	<!-- We need to uncheck Button 2 -->
						Perl_Config_Party_Frame_CheckButton3:SetChecked(nil)	<!-- We need to uncheck Button 3 -->
						Perl_Config_Party_Hidden_Update();
					</OnClick>
				</Scripts>
			</CheckButton>

			<CheckButton name="$parent_CheckButton2" inherits="UICheckButtonTemplate" id="2">
				<Size>
					<AbsDimension x="20" y="20"/>
				</Size>
				<Anchors>
					<Anchor point="TOPLEFT" relativePoint="TOPLEFT" relativeTo="$parent_CheckButton1" >
						<Offset>
							<AbsDimension x="0" y="-20"/>
						</Offset>
					</Anchor>
				</Anchors>
				<Scripts>
					<OnLoad>
						getglobal(this:GetName().."Text"):SetText(PERL_LOCALIZED_CONFIG_HIDDEN_IN_RAID);
					</OnLoad>
					<OnClick>
						Perl_Config_Party_Frame_CheckButton1:SetChecked(nil)	<!-- We need to uncheck Button 1 -->
						Perl_Config_Party_Frame_CheckButton3:SetChecked(nil)	<!-- We need to uncheck Button 3 -->
						Perl_Config_Party_Hidden_Update();
					</OnClick>
				</Scripts>
			</CheckButton>

			<CheckButton name="$parent_CheckButton3" inherits="UICheckButtonTemplate" id="3">
				<Size>
					<AbsDimension x="20" y="20"/>
				</Size>
				<Anchors>
					<Anchor point="TOPLEFT" relativePoint="TOPLEFT" relativeTo="$parent_CheckButton2">
						<Offset>
							<AbsDimension x="0" y="-20"/>
						</Offset>
					</Anchor>
				</Anchors>
				<Scripts>
					<OnLoad>
						getglobal(this:GetName().."Text"):SetText(PERL_LOCALIZED_CONFIG_ALWAYS_HIDDEN);
					</OnLoad>
					<OnClick>
						Perl_Config_Party_Frame_CheckButton1:SetChecked(nil)	<!-- We need to uncheck Button 1 -->
						Perl_Config_Party_Frame_CheckButton2:SetChecked(nil)	<!-- We need to uncheck Button 2 -->
						Perl_Config_Party_Hidden_Update();
					</OnClick>
				</Scripts>
			</CheckButton>

			<CheckButton name="$parent_CheckButton10" inherits="UICheckButtonTemplate" id="10">
				<Size>
					<AbsDimension x="20" y="20"/>
				</Size>
				<Anchors>
					<Anchor point="TOPLEFT" relativePoint="TOPLEFT" relativeTo="$parent_Misc2_Text">
						<Offset>
							<AbsDimension x="20" y="-20"/>
						</Offset>
					</Anchor>
				</Anchors>
				<Scripts>
					<OnLoad>
						getglobal(this:GetName().."Text"):SetText(PERL_LOCALIZED_CONFIG_VERTICAL_FRAMES);
					</OnLoad>
					<OnClick>
						Perl_Config_Party_VerticalAlign_Update();
					</OnClick>
				</Scripts>
			</CheckButton>

			<CheckButton name="$parent_CheckButton16" inherits="UICheckButtonTemplate" id="16">
				<Size>
					<AbsDimension x="20" y="20"/>
				</Size>
				<Anchors>
					<Anchor point="TOPLEFT" relativePoint="TOPLEFT" relativeTo="$parent_CheckButton10">
						<Offset>
							<AbsDimension x="0" y="-20"/>
						</Offset>
					</Anchor>
				</Anchors>
				<Scripts>
					<OnLoad>
						getglobal(this:GetName().."Text"):SetText(PERL_LOCALIZED_CONFIG_CLASS_COLORED_NAMES);
					</OnLoad>
					<OnClick>
						Perl_Config_Party_Class_Colored_Names_Update();
					</OnClick>
				</Scripts>
			</CheckButton>

			<CheckButton name="$parent_CheckButton18" inherits="UICheckButtonTemplate" id="18">
				<Size>
					<AbsDimension x="20" y="20"/>
				</Size>
				<Anchors>
					<Anchor point="TOPLEFT" relativePoint="TOPLEFT" relativeTo="$parent_CheckButton16">
						<Offset>
							<AbsDimension x="0" y="-20"/>
						</Offset>
					</Anchor>
				</Anchors>
				<Scripts>
					<OnLoad>
						getglobal(this:GetName().."Text"):SetText(PERL_LOCALIZED_CONFIG_HIDE_CLASSICON_FRAME);
					</OnLoad>
					<OnClick>
						Perl_Config_Party_Hide_Class_Level_Frame_Update();
					</OnClick>
				</Scripts>
			</CheckButton>

			<CheckButton name="$parent_CheckButton20" inherits="UICheckButtonTemplate" id="20">
				<Size>
					<AbsDimension x="20" y="20"/>
				</Size>
				<Anchors>
					<Anchor point="TOPLEFT" relativePoint="TOPLEFT" relativeTo="$parent_CheckButton18">
						<Offset>
							<AbsDimension x="0" y="-20"/>
						</Offset>
					</Anchor>
				</Anchors>
				<Scripts>
					<OnLoad>
						getglobal(this:GetName().."Text"):SetText(PERL_LOCALIZED_CONFIG_PVP_STATUS_ICON);
					</OnLoad>
					<OnClick>
						Perl_Config_Party_PvP_Icon_Update();
					</OnClick>
				</Scripts>
			</CheckButton>

			<CheckButton name="$parent_CheckButton13" inherits="UICheckButtonTemplate" id="13">
				<Size>
					<AbsDimension x="20" y="20"/>
				</Size>
				<Anchors>
					<Anchor point="TOPLEFT" relativePoint="TOPLEFT" relativeTo="$parent_CheckButton20">
						<Offset>
							<AbsDimension x="0" y="-20"/>
						</Offset>
					</Anchor>
				</Anchors>
				<Scripts>
					<OnLoad>
						getglobal(this:GetName().."Text"):SetText(PERL_LOCALIZED_CONFIG_PARTY_FKEYS);
					</OnLoad>
					<OnClick>
						Perl_Config_Party_FKeys_Update();
					</OnClick>
				</Scripts>
			</CheckButton>

			<CheckButton name="$parent_CheckButton14" inherits="UICheckButtonTemplate" id="14">
				<Size>
					<AbsDimension x="20" y="20"/>
				</Size>
				<Anchors>
					<Anchor point="TOPLEFT" relativePoint="TOPLEFT" relativeTo="$parent_CheckButton13">
						<Offset>
							<AbsDimension x="0" y="-20"/>
						</Offset>
					</Anchor>
				</Anchors>
				<Scripts>
					<OnLoad>
						getglobal(this:GetName().."Text"):SetText(PERL_LOCALIZED_CONFIG_CLASS_BUFF);
					</OnLoad>
					<OnClick>
						Perl_Config_Party_Class_Buffs_Update();
					</OnClick>
				</Scripts>
			</CheckButton>

			<CheckButton name="$parent_CheckButton22" inherits="UICheckButtonTemplate" id="22">
				<Size>
					<AbsDimension x="20" y="20"/>
				</Size>
				<Anchors>
					<Anchor point="TOPLEFT" relativePoint="TOPLEFT" relativeTo="$parent_CheckButton14">
						<Offset>
							<AbsDimension x="0" y="-20"/>
						</Offset>
					</Anchor>
				</Anchors>
				<Scripts>
					<OnLoad>
						getglobal(this:GetName().."Text"):SetText(PERL_LOCALIZED_CONFIG_CLASS_DEBUFF);
					</OnLoad>
					<OnClick>
						Perl_Config_Party_Class_Debuffs_Update();
					</OnClick>
				</Scripts>
			</CheckButton>

			<CheckButton name="$parent_CheckButton4" inherits="UICheckButtonTemplate" id="4">
				<Size>
					<AbsDimension x="20" y="20"/>
				</Size>
				<Anchors>
					<Anchor point="TOPLEFT" relativePoint="TOPLEFT" relativeTo="$parent_Misc_Text">
						<Offset>
							<AbsDimension x="20" y="-20"/>
						</Offset>
					</Anchor>
				</Anchors>
				<Scripts>
					<OnLoad>
						getglobal(this:GetName().."Text"):SetText(PERL_LOCALIZED_CONFIG_COMPACT);
					</OnLoad>
					<OnClick>
						Perl_Config_Party_Compact_Update();
					</OnClick>
				</Scripts>
			</CheckButton>

			<CheckButton name="$parent_CheckButton11" inherits="UICheckButtonTemplate" id="11">
				<Size>
					<AbsDimension x="20" y="20"/>
				</Size>
				<Anchors>
					<Anchor point="TOPLEFT" relativePoint="TOPLEFT" relativeTo="$parent_CheckButton4">
						<Offset>
							<AbsDimension x="20" y="-20"/>
						</Offset>
					</Anchor>
				</Anchors>
				<Scripts>
					<OnLoad>
						getglobal(this:GetName().."Text"):SetText(PERL_LOCALIZED_CONFIG_DISPLAY_PERCENTS);
					</OnLoad>
					<OnClick>
						Perl_Config_Party_Compact_Percent_Update();
					</OnClick>
				</Scripts>
			</CheckButton>

			<CheckButton name="$parent_CheckButton17" inherits="UICheckButtonTemplate" id="17">
				<Size>
					<AbsDimension x="20" y="20"/>
				</Size>
				<Anchors>
					<Anchor point="TOPLEFT" relativePoint="TOPLEFT" relativeTo="$parent_CheckButton11">
						<Offset>
							<AbsDimension x="0" y="-20"/>
						</Offset>
					</Anchor>
				</Anchors>
				<Scripts>
					<OnLoad>
						getglobal(this:GetName().."Text"):SetText(PERL_LOCALIZED_CONFIG_SHORT_BARS);
					</OnLoad>
					<OnClick>
						Perl_Config_Party_Short_Bars_Update();
					</OnClick>
				</Scripts>
			</CheckButton>

			<CheckButton name="$parent_CheckButton5" inherits="UICheckButtonTemplate" id="5">
				<Size>
					<AbsDimension x="20" y="20"/>
				</Size>
				<Anchors>
					<Anchor point="TOPLEFT" relativePoint="TOPLEFT" relativeTo="$parent_CheckButton17">
						<Offset>
							<AbsDimension x="-20" y="-20"/>
						</Offset>
					</Anchor>
				</Anchors>
				<Scripts>
					<OnLoad>
						getglobal(this:GetName().."Text"):SetText(PERL_LOCALIZED_CONFIG_HEALER_MODE);
					</OnLoad>
					<OnClick>
						Perl_Config_Party_Healer_Update();
					</OnClick>
				</Scripts>
			</CheckButton>

			<CheckButton name="$parent_CheckButton19" inherits="UICheckButtonTemplate" id="19">
				<Size>
					<AbsDimension x="20" y="20"/>
				</Size>
				<Anchors>
					<Anchor point="TOPLEFT" relativePoint="TOPLEFT" relativeTo="$parent_CheckButton5">
						<Offset>
							<AbsDimension x="20" y="-20"/>
						</Offset>
					</Anchor>
				</Anchors>
				<Scripts>
					<OnLoad>
						getglobal(this:GetName().."Text"):SetText(PERL_LOCALIZED_CONFIG_DISPLAY_MANA_DEFICIT);
					</OnLoad>
					<OnClick>
						Perl_Config_Party_Mana_Deficit_Update();
					</OnClick>
				</Scripts>
			</CheckButton>

			<CheckButton name="$parent_CheckButton21" inherits="UICheckButtonTemplate" id="21">
				<Size>
					<AbsDimension x="20" y="20"/>
				</Size>
				<Anchors>
					<Anchor point="TOPLEFT" relativePoint="TOPLEFT" relativeTo="$parent_CheckButton19">
						<Offset>
							<AbsDimension x="0" y="-20"/>
						</Offset>
					</Anchor>
				</Anchors>
				<Scripts>
					<OnLoad>
						getglobal(this:GetName().."Text"):SetText(PERL_LOCALIZED_CONFIG_SHOW_BAR_VALUES);
					</OnLoad>
					<OnClick>
						Perl_Config_Party_Show_Bar_Values_Update();
					</OnClick>
				</Scripts>
			</CheckButton>

			<CheckButton name="$parent_CheckButton6" inherits="UICheckButtonTemplate" id="6">
				<Size>
					<AbsDimension x="20" y="20"/>
				</Size>
				<Anchors>
					<Anchor point="TOPLEFT" relativePoint="TOPLEFT" relativeTo="$parent_CheckButton21">
						<Offset>
							<AbsDimension x="-20" y="-20"/>
						</Offset>
					</Anchor>
				</Anchors>
				<Scripts>
					<OnLoad>
						getglobal(this:GetName().."Text"):SetText(PERL_LOCALIZED_CONFIG_PET_SUPPORT);
					</OnLoad>
					<OnClick>
						Perl_Config_Party_Pets_Update();
					</OnClick>
				</Scripts>
			</CheckButton>

			<CheckButton name="$parent_CheckButton12" inherits="UICheckButtonTemplate" id="12">
				<Size>
					<AbsDimension x="20" y="20"/>
				</Size>
				<Anchors>
					<Anchor point="TOPLEFT" relativePoint="TOPLEFT" relativeTo="$parent_CheckButton6">
						<Offset>
							<AbsDimension x="0" y="-20"/>
						</Offset>
					</Anchor>
				</Anchors>
				<Scripts>
					<OnLoad>
						getglobal(this:GetName().."Text"):SetText(PERL_LOCALIZED_CONFIG_PORTRAITS);
					</OnLoad>
					<OnClick>
						Perl_Config_Party_Portrait_Update();
					</OnClick>
				</Scripts>
			</CheckButton>

			<CheckButton name="$parent_CheckButton15" inherits="UICheckButtonTemplate" id="15">
				<Size>
					<AbsDimension x="20" y="20"/>
				</Size>
				<Anchors>
					<Anchor point="TOPLEFT" relativePoint="TOPLEFT" relativeTo="$parent_CheckButton12">
						<Offset>
							<AbsDimension x="20" y="-20"/>
						</Offset>
					</Anchor>
				</Anchors>
				<Scripts>
					<OnLoad>
						getglobal(this:GetName().."Text"):SetText(PERL_LOCALIZED_CONFIG_THREED_PORTRAITS);
					</OnLoad>
					<OnClick>
						Perl_Config_Party_3D_Portrait_Update();
					</OnClick>
				</Scripts>
			</CheckButton>

			<CheckButton name="$parent_CheckButton23" inherits="UICheckButtonTemplate" id="23">
				<Size>
					<AbsDimension x="20" y="20"/>
				</Size>
				<Anchors>
					<Anchor point="TOPLEFT" relativePoint="TOPLEFT" relativeTo="$parent_CheckButton15">
						<Offset>
							<AbsDimension x="0" y="-20"/>
						</Offset>
					</Anchor>
				</Anchors>
				<Scripts>
					<OnLoad>
						getglobal(this:GetName().."Text"):SetText(PERL_LOCALIZED_CONFIG_PARTY_PORTRAITBUFFS);
					</OnLoad>
					<OnClick>
						Perl_Config_Party_Portrait_Buffs_Update();
					</OnClick>
				</Scripts>
			</CheckButton>

			<CheckButton name="$parent_CheckButton8" inherits="UICheckButtonTemplate" id="8">
				<Size>
					<AbsDimension x="20" y="20"/>
				</Size>
				<Anchors>
					<Anchor point="TOPLEFT" relativePoint="TOPLEFT" relativeTo="$parent_CheckButton23">
						<Offset>
							<AbsDimension x="-20" y="-20"/>
						</Offset>
					</Anchor>
				</Anchors>
				<Scripts>
					<OnLoad>
						getglobal(this:GetName().."Text"):SetText(PERL_LOCALIZED_CONFIG_PARTY_LOCK);
					</OnLoad>
					<OnClick>
						Perl_Config_Party_Lock_Update();
					</OnClick>
				</Scripts>
			</CheckButton>

			<Slider name="$parent_Slider1" inherits="OptionsSliderTemplate" minValue="1" maxValue="149" valueStep="1">
				<Size>
					<AbsDimension x="200" y="15"/>
				</Size>
				<Anchors>
					<Anchor point="TOPLEFT" relativePoint="TOPLEFT" relativeTo="$parent_Scaling_Text">
						<Offset>
							<AbsDimension x="20" y="-20"/>
						</Offset>
					</Anchor>
				</Anchors>
				<Scripts>
					<OnValueChanged>
						getglobal(this:GetName().."Text"):SetText(getglobal(this:GetName()):GetValue());
						Perl_Config_Party_Set_Scale(getglobal(this:GetName()):GetValue());
					</OnValueChanged>
				</Scripts>
			</Slider>

			<CheckButton name="$parent_CheckButton9" inherits="UICheckButtonTemplate" id="9">
				<Size>
					<AbsDimension x="20" y="20"/>
				</Size>
				<Anchors>
					<Anchor point="TOPLEFT" relativePoint="TOPRIGHT" relativeTo="$parent_Slider1">
						<Offset>
							<AbsDimension x="20" y="0"/>
						</Offset>
					</Anchor>
				</Anchors>
				<Scripts>
					<OnLoad>
						getglobal(this:GetName().."Text"):SetText(PERL_LOCALIZED_CONFIG_SCALING_SET_CURRENT);
					</OnLoad>
					<OnClick>
						Perl_Config_Party_Set_Scale();
					</OnClick>
				</Scripts>
			</CheckButton>

			<Slider name="$parent_Slider2" inherits="OptionsSliderTemplate" minValue="-150" maxValue="150" valueStep="1">
				<Size>
					<AbsDimension x="350" y="15"/>
				</Size>
				<Anchors>
					<Anchor point="TOPLEFT" relativePoint="TOPLEFT" relativeTo="$parent_Space_Text">
						<Offset>
							<AbsDimension x="20" y="-25"/>
						</Offset>
					</Anchor>
				</Anchors>
				<Scripts>
					<OnValueChanged>
						getglobal(this:GetName().."Text"):SetText(getglobal(this:GetName()):GetValue());
						Perl_Config_Party_Set_Space(getglobal(this:GetName()):GetValue());
					</OnValueChanged>
				</Scripts>
			</Slider>

			<Slider name="$parent_Slider3" inherits="OptionsSliderTemplate" minValue="0" maxValue="100" valueStep="1">
				<Size>
					<AbsDimension x="200" y="15"/>
				</Size>
				<Anchors>
					<Anchor point="TOPLEFT" relativePoint="TOPLEFT" relativeTo="$parent_Transparency_Text">
						<Offset>
							<AbsDimension x="20" y="-20"/>
						</Offset>
					</Anchor>
				</Anchors>
				<Scripts>
					<OnValueChanged>
						getglobal(this:GetName().."Text"):SetText(getglobal(this:GetName()):GetValue());
						Perl_Config_Party_Set_Transparency(getglobal(this:GetName()):GetValue());
					</OnValueChanged>
				</Scripts>
			</Slider>

			<Slider name="$parent_Slider4" inherits="OptionsSliderTemplate" minValue="1" maxValue="7" valueStep="1">
				<Size>
					<AbsDimension x="75" y="15"/>
				</Size>
				<Anchors>
					<Anchor point="TOPLEFT" relativePoint="TOPRIGHT" relativeTo="$parent_Buff_Location_Text">
						<Offset>
							<AbsDimension x="0" y="0"/>
						</Offset>
					</Anchor>
				</Anchors>
				<Scripts>
					<OnValueChanged>
						getglobal(this:GetName().."Text"):SetText(getglobal(this:GetName()):GetValue());
						Perl_Config_Party_Set_Buff_Location(getglobal(this:GetName()):GetValue());
					</OnValueChanged>
				</Scripts>
			</Slider>

			<Slider name="$parent_Slider5" inherits="OptionsSliderTemplate" minValue="1" maxValue="7" valueStep="1">
				<Size>
					<AbsDimension x="75" y="15"/>
				</Size>
				<Anchors>
					<Anchor point="TOPLEFT" relativePoint="TOPRIGHT" relativeTo="$parent_Debuff_Location_Text">
						<Offset>
							<AbsDimension x="0" y="0"/>
						</Offset>
					</Anchor>
				</Anchors>
				<Scripts>
					<OnValueChanged>
						getglobal(this:GetName().."Text"):SetText(getglobal(this:GetName()):GetValue());
						Perl_Config_Party_Set_Debuff_Location(getglobal(this:GetName()):GetValue());
					</OnValueChanged>
				</Scripts>
			</Slider>

			<Slider name="$parent_Slider6" inherits="OptionsSliderTemplate" minValue="1" maxValue="50" valueStep="1">
				<Size>
					<AbsDimension x="150" y="15"/>
				</Size>
				<Anchors>
					<Anchor point="TOPLEFT" relativePoint="TOPLEFT" relativeTo="$parent_Buff_Size_Text">
						<Offset>
							<AbsDimension x="20" y="-25"/>
						</Offset>
					</Anchor>
				</Anchors>
				<Scripts>
					<OnValueChanged>
						getglobal(this:GetName().."Text"):SetText(getglobal(this:GetName()):GetValue());
						Perl_Config_Party_Set_Buff_Size(getglobal(this:GetName()):GetValue());
					</OnValueChanged>
				</Scripts>
			</Slider>

			<Slider name="$parent_Slider7" inherits="OptionsSliderTemplate" minValue="1" maxValue="50" valueStep="1">
				<Size>
					<AbsDimension x="150" y="15"/>
				</Size>
				<Anchors>
					<Anchor point="TOPLEFT" relativePoint="TOPLEFT" relativeTo="$parent_Debuff_Size_Text">
						<Offset>
							<AbsDimension x="20" y="-25"/>
						</Offset>
					</Anchor>
				</Anchors>
				<Scripts>
					<OnValueChanged>
						getglobal(this:GetName().."Text"):SetText(getglobal(this:GetName()):GetValue());
						Perl_Config_Party_Set_Debuff_Size(getglobal(this:GetName()):GetValue());
					</OnValueChanged>
				</Scripts>
			</Slider>

			<Slider name="$parent_Slider8" inherits="OptionsSliderTemplate" minValue="0" maxValue="16" valueStep="1">
				<Size>
					<AbsDimension x="75" y="15"/>
				</Size>
				<Anchors>
					<Anchor point="TOPLEFT" relativePoint="TOPRIGHT" relativeTo="$parent_Buff_Text">
						<Offset>
							<AbsDimension x="0" y="0"/>
						</Offset>
					</Anchor>
				</Anchors>
				<Scripts>
					<OnValueChanged>
						getglobal(this:GetName().."Text"):SetText(getglobal(this:GetName()):GetValue());
						Perl_Config_Party_Set_Buffs(getglobal(this:GetName()):GetValue());
					</OnValueChanged>
				</Scripts>
			</Slider>

			<Slider name="$parent_Slider9" inherits="OptionsSliderTemplate" minValue="0" maxValue="16" valueStep="1">
				<Size>
					<AbsDimension x="75" y="15"/>
				</Size>
				<Anchors>
					<Anchor point="TOPLEFT" relativePoint="TOPRIGHT" relativeTo="$parent_Debuff_Text">
						<Offset>
							<AbsDimension x="0" y="0"/>
						</Offset>
					</Anchor>
				</Anchors>
				<Scripts>
					<OnValueChanged>
						getglobal(this:GetName().."Text"):SetText(getglobal(this:GetName()):GetValue());
						Perl_Party_Set_Debuffs(getglobal(this:GetName()):GetValue());
					</OnValueChanged>
				</Scripts>
			</Slider>
		</Frames>

	</Frame>
</Ui>
