<Ui xmlns="http://www.blizzard.com/wow/ui/" xmlns:xsi="http://www.w3.org/2001/XMLSchema-instance" xsi:schemaLocation="http://www.blizzard.com/wow/ui/
..\FrameXML\UI.xsd">

<Script file="libs\LibStub\LibStub.lua"/>
<Script file="libs\AceLibrary\AceLibrary.lua"/>
<Script file="libs\AceOO-2.0\AceOO-2.0.lua"/>
<Script file="libs\AceAddon-2.0\AceAddon-2.0.lua"/>
<Script file="libs\AceConsole-2.0\AceConsole-2.0.lua"/>
<Script file="libs\AceDB-2.0\AceDB-2.0.lua"/>
<Script file="libs\AceDebug-2.0\AceDebug-2.0.lua"/>
<Script file="libs\AceEvent-2.0\AceEvent-2.0.lua"/>
<Script file="libs\AceLocale-2.2\AceLocale-2.2.lua"/>

<Script file="libs\Dewdrop-2.0\Dewdrop-2.0.lua"/>
<Script file="libs\Tablet-2.0\Tablet-2.0.lua"/>
<Script file="libs\LibGratuity-3.0\LibGratuity-3.0.lua"/>
<Script file="libs\SpecialEvents-Aura-2.0\SpecialEvents-Aura-2.0.lua"/>
<Include file="libs\LibCrayon-3.0\lib.xml"/>
<Script file="libs\Roster-2.1\Roster-2.1.lua"/>
<Include file="libs\LibSharedMedia-3.0\lib.xml"/>
<Include file="libs\LibBabble-Class-3.0\lib.xml"/>

</Ui>
