<Ui xmlns="http://www.blizzard.com/wow/ui/" xmlns:xsi="http://www.w3.org/2001/XMLSchema-instance" xsi:schemaLocation="http://www.blizzard.com/wow/ui/ C:\Projects\WoW\Bin\Interface\FrameXML\UI.xsd">
	<Script file="CensusPlayerList.lua"/>
    <Button name="CensusPlusPlayerButtonTemplate" virtual="true">
        <Size>
            <AbsDimension x="330" y="16" />
        </Size>
        <Layers>
            <Layer level="BORDER">
				<FontString name="$parentName" inherits="GameFontNormalSmall" justifyH="LEFT">
					<Size>
						<AbsDimension x="88" y="16"/>
					</Size>
					<Anchors>
						<Anchor point="TOPLEFT">
							<Offset>
								<AbsDimension x="2" y="-1"/>
							</Offset>
						</Anchor>
					</Anchors>
				</FontString>
				<FontString name="$parentLevel" inherits="GameFontHighlightSmall" justifyH="CENTER">
					<Size>
						<AbsDimension x="20" y="16"/>
					</Size>
					<Anchors>
						<Anchor point="LEFT" relativeTo="$parentName" relativePoint="RIGHT">
							<Offset>
								<AbsDimension x="2" y="0"/>
							</Offset>
						</Anchor>
					</Anchors>
				</FontString>
				<FontString name="$parentClass" inherits="GameFontHighlightSmall" justifyH="LEFT">
					<Size>
						<AbsDimension x="100" y="16"/>
					</Size>
					<Anchors>
						<Anchor point="LEFT" relativeTo="$parentLevel" relativePoint="RIGHT">
							<Offset>
								<AbsDimension x="22" y="0"/>
							</Offset>
						</Anchor>
					</Anchors>
				</FontString>
				<FontString name="$parentSeen" inherits="GameFontHighlightSmall" justifyH="LEFT">
					<Size>
						<AbsDimension x="130" y="16"/>
					</Size>
					<Anchors>
						<Anchor point="LEFT" relativeTo="$parentClass" relativePoint="RIGHT">
							<Offset>
								<AbsDimension x="22" y="0"/>
							</Offset>
						</Anchor>
					</Anchors>
				</FontString>
            </Layer>
        </Layers>
        <HighlightTexture file="Interface\QuestFrame\UI-QuestTitleHighlight" alphaMode="ADD">
            <Size>
                <AbsDimension x="310" y="16" />
            </Size>
            <Anchors>
                <Anchor point="TOP">
                    <Offset>
                        <AbsDimension x="0" y="0" />
                    </Offset>
                </Anchor>
            </Anchors>
        </HighlightTexture>
        <Scripts>
			<OnLoad>
				this:RegisterForClicks( "RightButtonUp");
			</OnLoad>
            <OnClick>
				CensusPlus_PlayerButton_OnClick();
				PlaySound("igMainMenuOptionCheckBoxOn");
			</OnClick>
        </Scripts>
    </Button>
    <Frame name="CP_PlayerListWindow" toplevel="true" enableMouse="true" movable="true" parent="UIParent" hidden="true" frameStrata="DIALOG" >
        <Size>
            <AbsDimension x="390" y="400" />
        </Size>
        <Anchors>
			<Anchor point="TOPRIGHT" relativeTo="CensusPlus">
				<Offset>
					<AbsDimension x="20" y="0"/>
				</Offset>
			</Anchor>
        </Anchors>
        <Backdrop bgFile="Interface\DialogFrame\UI-DialogBox-Background" edgeFile="Interface\DialogFrame\UI-DialogBox-Border" tile="true">
            <BackgroundInsets>
                <AbsInset left="11" right="12" top="12" bottom="11" />
            </BackgroundInsets>
            <TileSize>
                <AbsValue val="32" />
            </TileSize>
            <EdgeSize>
                <AbsValue val="32" />
            </EdgeSize>
        </Backdrop>
        <Layers>
			<Layer level="ARTWORK">
				<Texture name="CensusPlayerListFrameHeader" file="Interface\DialogFrame\UI-DialogBox-Header">
					<Size>
						<AbsDimension x="296" y="64"/>
					</Size>
					<Anchors>
						<Anchor point="TOP">
							<Offset>
								<AbsDimension x="0" y="12"/>
							</Offset>
						</Anchor>
					</Anchors>
				</Texture>
				<FontString inherits="GameFontNormal" text="CENSUSPlus_Characters">
					<Anchors>
						<Anchor point="TOP" relativeTo="CensusPlayerListFrameHeader">
							<Offset>
								<AbsDimension x="0" y="-14"/>
							</Offset>
						</Anchor>
					</Anchors>
				</FontString>
                <FontString name="CensusPlayerListCount" inherits="GameFontHighlight" text="TOTAL CHARS">
                    <Anchors>
                        <Anchor point="BOTTOMLEFT" relativeTo="CP_PlayerListWindow" relativeFrom="BOTTOMLEFT">
                            <Offset>
                                <AbsDimension x="20" y="25" />
                            </Offset>
                        </Anchor>
                    </Anchors>
                </FontString>
			</Layer>            
        </Layers>
        <Frames>
            <Button name="CP_PlayerListCloseButton" inherits="UIPanelCloseButton">
                <Anchors>
                    <Anchor point="TOPRIGHT">
                        <Offset>
                            <AbsDimension x="-5" y="-5" />
                        </Offset>
                    </Anchor>
                </Anchors>
                <Scripts>
                    <OnClick>
						PlaySound("igMainMenuOptionCheckBoxOn");
						HideUIPanel(CP_PlayerListWindow);
					</OnClick>
                </Scripts>
            </Button>

            <Button name="CensusPlusPlayerButton1" inherits="CensusPlusPlayerButtonTemplate" id="1">
                <Anchors>
                    <Anchor point="TOPLEFT" relativeTo="CP_PlayerListWindow">
                        <Offset>
                            <AbsDimension x="20" y="-30" />
                        </Offset>
                    </Anchor>
                </Anchors>
            </Button>
            <Button name="CensusPlusPlayerButton2" inherits="CensusPlusPlayerButtonTemplate" id="2">
                <Anchors>
                    <Anchor point="TOPLEFT" relativeTo="CensusPlusPlayerButton1" relativePoint="BOTTOMLEFT">
                        <Offset>
                            <AbsDimension x="0" y="0" />
                        </Offset>
                    </Anchor>
                </Anchors>
            </Button>
            <Button name="CensusPlusPlayerButton3" inherits="CensusPlusPlayerButtonTemplate" id="3">
                <Anchors>
                    <Anchor point="TOPLEFT" relativeTo="CensusPlusPlayerButton2" relativePoint="BOTTOMLEFT">
                        <Offset>
                            <AbsDimension x="0" y="0" />
                        </Offset>
                    </Anchor>
                </Anchors>
            </Button>
            <Button name="CensusPlusPlayerButton4" inherits="CensusPlusPlayerButtonTemplate" id="4">
                <Anchors>
                    <Anchor point="TOPLEFT" relativeTo="CensusPlusPlayerButton3" relativePoint="BOTTOMLEFT">
                        <Offset>
                            <AbsDimension x="0" y="0" />
                        </Offset>
                    </Anchor>
                </Anchors>
            </Button>
            <Button name="CensusPlusPlayerButton5" inherits="CensusPlusPlayerButtonTemplate" id="5">
                <Anchors>
                    <Anchor point="TOPLEFT" relativeTo="CensusPlusPlayerButton4" relativePoint="BOTTOMLEFT">
                        <Offset>
                            <AbsDimension x="0" y="0" />
                        </Offset>
                    </Anchor>
                </Anchors>
            </Button>
            <Button name="CensusPlusPlayerButton6" inherits="CensusPlusPlayerButtonTemplate" id="6">
                <Anchors>
                    <Anchor point="TOPLEFT" relativeTo="CensusPlusPlayerButton5" relativePoint="BOTTOMLEFT">
                        <Offset>
                            <AbsDimension x="0" y="0" />
                        </Offset>
                    </Anchor>
                </Anchors>
            </Button>
            <Button name="CensusPlusPlayerButton7" inherits="CensusPlusPlayerButtonTemplate" id="7">
                <Anchors>
                    <Anchor point="TOPLEFT" relativeTo="CensusPlusPlayerButton6" relativePoint="BOTTOMLEFT">
                        <Offset>
                            <AbsDimension x="0" y="0" />
                        </Offset>
                    </Anchor>
                </Anchors>
            </Button>
            <Button name="CensusPlusPlayerButton8" inherits="CensusPlusPlayerButtonTemplate" id="8">
                <Anchors>
                    <Anchor point="TOPLEFT" relativeTo="CensusPlusPlayerButton7" relativePoint="BOTTOMLEFT">
                        <Offset>
                            <AbsDimension x="0" y="0" />
                        </Offset>
                    </Anchor>
                </Anchors>
            </Button>
            <Button name="CensusPlusPlayerButton9" inherits="CensusPlusPlayerButtonTemplate" id="9">
                <Anchors>
                    <Anchor point="TOPLEFT" relativeTo="CensusPlusPlayerButton8" relativePoint="BOTTOMLEFT">
                        <Offset>
                            <AbsDimension x="0" y="0" />
                        </Offset>
                    </Anchor>
                </Anchors>
            </Button>
            <Button name="CensusPlusPlayerButton10" inherits="CensusPlusPlayerButtonTemplate" id="10">
                <Anchors>
                    <Anchor point="TOPLEFT" relativeTo="CensusPlusPlayerButton9" relativePoint="BOTTOMLEFT">
                        <Offset>
                            <AbsDimension x="0" y="0" />
                        </Offset>
                    </Anchor>
                </Anchors>
            </Button>        
            <Button name="CensusPlusPlayerButton11" inherits="CensusPlusPlayerButtonTemplate" id="11">
                <Anchors>
                    <Anchor point="TOPLEFT" relativeTo="CensusPlusPlayerButton10" relativePoint="BOTTOMLEFT">
                        <Offset>
                            <AbsDimension x="0" y="0" />
                        </Offset>
                    </Anchor>
                </Anchors>
            </Button>        
            <Button name="CensusPlusPlayerButton12" inherits="CensusPlusPlayerButtonTemplate" id="12">
                <Anchors>
                    <Anchor point="TOPLEFT" relativeTo="CensusPlusPlayerButton11" relativePoint="BOTTOMLEFT">
                        <Offset>
                            <AbsDimension x="0" y="0" />
                        </Offset>
                    </Anchor>
                </Anchors>
            </Button>        
            <Button name="CensusPlusPlayerButton13" inherits="CensusPlusPlayerButtonTemplate" id="13">
                <Anchors>
                    <Anchor point="TOPLEFT" relativeTo="CensusPlusPlayerButton12" relativePoint="BOTTOMLEFT">
                        <Offset>
                            <AbsDimension x="0" y="0" />
                        </Offset>
                    </Anchor>
                </Anchors>
            </Button>        
            <Button name="CensusPlusPlayerButton14" inherits="CensusPlusPlayerButtonTemplate" id="14">
                <Anchors>
                    <Anchor point="TOPLEFT" relativeTo="CensusPlusPlayerButton13" relativePoint="BOTTOMLEFT">
                        <Offset>
                            <AbsDimension x="0" y="0" />
                        </Offset>
                    </Anchor>
                </Anchors>
            </Button>        
            <Button name="CensusPlusPlayerButton15" inherits="CensusPlusPlayerButtonTemplate" id="15">
                <Anchors>
                    <Anchor point="TOPLEFT" relativeTo="CensusPlusPlayerButton14" relativePoint="BOTTOMLEFT">
                        <Offset>
                            <AbsDimension x="0" y="0" />
                        </Offset>
                    </Anchor>
                </Anchors>
            </Button>        
            <Button name="CensusPlusPlayerButton16" inherits="CensusPlusPlayerButtonTemplate" id="16">
                <Anchors>
                    <Anchor point="TOPLEFT" relativeTo="CensusPlusPlayerButton15" relativePoint="BOTTOMLEFT">
                        <Offset>
                            <AbsDimension x="0" y="0" />
                        </Offset>
                    </Anchor>
                </Anchors>
            </Button>        
            <Button name="CensusPlusPlayerButton17" inherits="CensusPlusPlayerButtonTemplate" id="17">
                <Anchors>
                    <Anchor point="TOPLEFT" relativeTo="CensusPlusPlayerButton16" relativePoint="BOTTOMLEFT">
                        <Offset>
                            <AbsDimension x="0" y="0" />
                        </Offset>
                    </Anchor>
                </Anchors>
            </Button>        
            <Button name="CensusPlusPlayerButton18" inherits="CensusPlusPlayerButtonTemplate" id="18">
                <Anchors>
                    <Anchor point="TOPLEFT" relativeTo="CensusPlusPlayerButton17" relativePoint="BOTTOMLEFT">
                        <Offset>
                            <AbsDimension x="0" y="0" />
                        </Offset>
                    </Anchor>
                </Anchors>
            </Button>        
            <Button name="CensusPlusPlayerButton19" inherits="CensusPlusPlayerButtonTemplate" id="19">
                <Anchors>
                    <Anchor point="TOPLEFT" relativeTo="CensusPlusPlayerButton18" relativePoint="BOTTOMLEFT">
                        <Offset>
                            <AbsDimension x="0" y="0" />
                        </Offset>
                    </Anchor>
                </Anchors>
            </Button>        
            <Button name="CensusPlusPlayerButton20" inherits="CensusPlusPlayerButtonTemplate" id="20">
                <Anchors>
                    <Anchor point="TOPLEFT" relativeTo="CensusPlusPlayerButton19" relativePoint="BOTTOMLEFT">
                        <Offset>
                            <AbsDimension x="0" y="0" />
                        </Offset>
                    </Anchor>
                </Anchors>
            </Button>        
            <ScrollFrame name="CensusPlusPlayerListScrollFrame" inherits="FauxScrollFrameTemplate">
                <Size>
                    <AbsDimension x="340" y="350" />
                </Size>
                <Anchors>
                    <Anchor point="TOPLEFT" relativeTo="CensusPlusPlayerButton1" relativePoint="TOPLEFT">
                        <Offset>
                            <AbsDimension x="-10" y="0" />
                        </Offset>
                    </Anchor>
                </Anchors>
                <Scripts>
                    <OnVerticalScroll>
						FauxScrollFrame_OnVerticalScroll(CensusPlus_GUILDBUTTONSIZEY, CensusPlus_UpdatePlayerListButtons);
					</OnVerticalScroll>
                </Scripts>
            </ScrollFrame>
        </Frames>
        <Scripts>
            <OnShow>
				CensusPlus_PlayerListOnShow();
			</OnShow>
            <OnMouseUp>
                if ( this.isMoving ) then
                    this:StopMovingOrSizing();
                    this.isMoving = false;
                end
            </OnMouseUp>
            <OnMouseDown>
                if ( ( ( not this.isLocked ) or ( this.isLocked == 0 ) ) and ( arg1 == "LeftButton" ) ) then
                    this:StartMoving();
                    this.isMoving = true;
                end
            </OnMouseDown>
            <OnHide>
                if ( this.isMoving ) then
                    this:StopMovingOrSizing();
                    this.isMoving = false;
                end
            </OnHide>
        </Scripts>
    </Frame>
</Ui>
