<Bindings>
	<Binding name="CK_STAR" header="CK_TITLE">
		SetRaidTargetIcon("mouseover", 1)
	</Binding>
	<Binding name="CK_CIRCLE" header="CK_TITLE">
		SetRaidTargetIcon("mouseover", 2)
	</Binding>
	<Binding name="CK_DIAMOND" header="CK_TITLE">
		SetRaidTargetIcon("mouseover", 3)
	</Binding>
	<Binding name="CK_TRIANGLE" header="CK_TITLE">
		SetRaidTargetIcon("mouseover", 4)
	</Binding>
	<Binding name="CK_MOON" header="CK_TITLE">
		SetRaidTargetIcon("mouseover", 5)
	</Binding>
	<Binding name="CK_SQUARE" header="CK_TITLE">
		SetRaidTargetIcon("mouseover", 6)
	</Binding>
	<Binding name="CK_CROSS" header="CK_TITLE">
		SetRaidTargetIcon("mouseover", 7)
	</Binding>
	<Binding name="CK_SKULL" header="CK_TITLE">
		SetRaidTargetIcon("mouseover", 8)
	</Binding>
	<Binding name="CK_NONE" header="CK_TITLE">
		SetRaidTargetIcon("mouseover", 0)
	</Binding>
</Bindings>
