
<Ui xmlns="http://www.blizzard.com/wow/ui/" xmlns:xsi="http://www.w3.org/2001/XMLSchema-instance" xsi:schemaLocation="http://www.blizzard.com/wow/ui/ C:\Projects\WoW\Bin\Interface\FrameXML\UI.xsd">

	<CheckButton name="GHIActionBarButtonTemplate" inherits="SecureActionButtonTemplate, ActionButtonTemplate" virtual="true">
		<Scripts>
			<OnLoad>
				GHI_ActionSlotButton_OnLoad();
				
			</OnLoad>
			<OnAttributeChanged>
				--ActionButton_UpdateAction();
			</OnAttributeChanged>
			<OnEvent>
				--ActionButton_OnEvent(event);
			</OnEvent>
			<PostClick>
				--ActionButton_UpdateState();
				
			</PostClick>
			<OnDragStart>
				GHI_ActionSlotButton_OnClick(true);
			</OnDragStart>
			<OnClick>
				GHI_ActionSlotButton_OnClick(false);
			</OnClick>
			<OnReceiveDrag>
				GHI_ActionSlotButton_OnClick(false);
			</OnReceiveDrag>
			<OnEnter>
				
				
				GHI_ActionSlotButton_OnEnter()
			</OnEnter>
			<OnLeave>
				GameTooltip:Hide();
			</OnLeave>
			<OnUpdate>
				if not(this.loaded == true) then
					this.loaded = true;
					GHI_ActionSlotButton_OnLoad();
				end
				GHI_ActionSlotButton_OnUpdate()
			</OnUpdate>
		</Scripts>
	</CheckButton>
	
	<!--
	<CheckButton name="ActionButton1" inherits="ActionBarButtonTemplate" parent="MainMenuBarArtFrame" id="1">
		<Anchors>
			<Anchor point="BOTTOMLEFT">
				<Offset>
					<AbsDimension x="8" y="4"/>
				</Offset>
			</Anchor>
		</Anchors>
	</CheckButton>
	<CheckButton name="ActionButton2" inherits="ActionBarButtonTemplate" parent="MainMenuBarArtFrame" id="2">
		<Anchors>
			<Anchor point="LEFT" relativeTo="ActionButton1" relativePoint="RIGHT">
				<Offset>
					<AbsDimension x="6" y="0"/>
				</Offset>
			</Anchor>
		</Anchors>
	</CheckButton>
	<CheckButton name="ActionButton3" inherits="ActionBarButtonTemplate" parent="MainMenuBarArtFrame" id="3">
		<Anchors>
			<Anchor point="LEFT" relativeTo="ActionButton2" relativePoint="RIGHT">
				<Offset>
					<AbsDimension x="6" y="0"/>
				</Offset>
			</Anchor>
		</Anchors>
	</CheckButton>
	<CheckButton name="ActionButton4" inherits="ActionBarButtonTemplate" parent="MainMenuBarArtFrame" id="4">
		<Anchors>
			<Anchor point="LEFT" relativeTo="ActionButton3" relativePoint="RIGHT">
				<Offset>
					<AbsDimension x="6" y="0"/>
				</Offset>
			</Anchor>
		</Anchors>
	</CheckButton>
	<CheckButton name="ActionButton5" inherits="ActionBarButtonTemplate" parent="MainMenuBarArtFrame" id="5">
		<Anchors>
			<Anchor point="LEFT" relativeTo="ActionButton4" relativePoint="RIGHT">
				<Offset>
					<AbsDimension x="6" y="0"/>
				</Offset>
			</Anchor>
		</Anchors>
	</CheckButton>
	<CheckButton name="ActionButton6" inherits="ActionBarButtonTemplate" parent="MainMenuBarArtFrame" id="6">
		<Anchors>
			<Anchor point="LEFT" relativeTo="ActionButton5" relativePoint="RIGHT">
				<Offset>
					<AbsDimension x="6" y="0"/>
				</Offset>
			</Anchor>
		</Anchors>
	</CheckButton>
	<CheckButton name="ActionButton7" inherits="ActionBarButtonTemplate" parent="MainMenuBarArtFrame" id="7">
		<Anchors>
			<Anchor point="LEFT" relativeTo="ActionButton6" relativePoint="RIGHT">
				<Offset>
					<AbsDimension x="6" y="0"/>
				</Offset>
			</Anchor>
		</Anchors>
	</CheckButton>
	<CheckButton name="ActionButton8" inherits="ActionBarButtonTemplate" parent="MainMenuBarArtFrame" id="8">
		<Anchors>
			<Anchor point="LEFT" relativeTo="ActionButton7" relativePoint="RIGHT">
				<Offset>
					<AbsDimension x="6" y="0"/>
				</Offset>
			</Anchor>
		</Anchors>
	</CheckButton>
	<CheckButton name="ActionButton9" inherits="ActionBarButtonTemplate" parent="MainMenuBarArtFrame" id="9">
		<Anchors>
			<Anchor point="LEFT" relativeTo="ActionButton8" relativePoint="RIGHT">
				<Offset>
					<AbsDimension x="6" y="0"/>
				</Offset>
			</Anchor>
		</Anchors>
	</CheckButton>
	<CheckButton name="ActionButton10" inherits="ActionBarButtonTemplate" parent="MainMenuBarArtFrame" id="10">
		<Anchors>
			<Anchor point="LEFT" relativeTo="ActionButton9" relativePoint="RIGHT">
				<Offset>
					<AbsDimension x="6" y="0"/>
				</Offset>
			</Anchor>
		</Anchors>
	</CheckButton>
	<CheckButton name="ActionButton11" inherits="ActionBarButtonTemplate" parent="MainMenuBarArtFrame" id="11">
		<Anchors>
			<Anchor point="LEFT" relativeTo="ActionButton10" relativePoint="RIGHT">
				<Offset>
					<AbsDimension x="6" y="0"/>
				</Offset>
			</Anchor>
		</Anchors>
	</CheckButton>
	<CheckButton name="ActionButton12" inherits="ActionBarButtonTemplate" parent="MainMenuBarArtFrame" id="12">
		<Anchors>
			<Anchor point="LEFT" relativeTo="ActionButton11" relativePoint="RIGHT">
				<Offset>
					<AbsDimension x="6" y="0"/>
				</Offset>
			</Anchor>
		</Anchors>
	</CheckButton>
	<Button name="ActionBarUpButton" parent="MainMenuBarArtFrame">
		<Size>
			<AbsDimension x="32" y="32"/>
		</Size>
		<Anchors>
			<Anchor point="CENTER" relativeTo="MainMenuBarArtFrame" relativePoint="TOPLEFT">
				<Offset>
					<AbsDimension x="522" y="-22"/>
				</Offset>
			</Anchor>
		</Anchors>
		<HitRectInsets>
			<AbsInset left="6" right="6" top="7" bottom="7"/>
		</HitRectInsets>
		<Scripts>
			<OnClick>
				ActionBar_PageUp();
				PlaySound("UChatScrollButton");
			</OnClick>
		</Scripts>
		<NormalTexture file="Interface\MainMenuBar\UI-MainMenu-ScrollUpButton-Up"/>
		<PushedTexture file="Interface\MainMenuBar\UI-MainMenu-ScrollUpButton-Down"/>
		<DisabledTexture file="Interface\Buttons\UI-ScrollBar-ScrollUpButton-Disabled"/>
		<HighlightTexture alphaMode="ADD" file="Interface\MainMenuBar\UI-MainMenu-ScrollUpButton-Highlight"/>
	</Button>
	<Button name="ActionBarDownButton" parent="MainMenuBarArtFrame">
		<Size>
			<AbsDimension x="32" y="32"/>
		</Size>
		<Anchors>
			<Anchor point="CENTER" relativeTo="MainMenuBarArtFrame" relativePoint="TOPLEFT">
				<Offset>
					<AbsDimension x="522" y="-42"/>
				</Offset>
			</Anchor>
		</Anchors>
		<HitRectInsets>
			<AbsInset left="6" right="6" top="7" bottom="7"/>
		</HitRectInsets>
		<Scripts>
			<OnClick>
				ActionBar_PageDown();
				PlaySound("UChatScrollButton");
			</OnClick>
		</Scripts>
		<NormalTexture file="Interface\MainMenuBar\UI-MainMenu-ScrollDownButton-Up"/>
		<PushedTexture file="Interface\MainMenuBar\UI-MainMenu-ScrollDownButton-Down"/>
		<DisabledTexture file="Interface\Buttons\UI-ScrollBar-ScrollDownButton-Disabled"/>
		<HighlightTexture alphaMode="ADD" file="Interface\MainMenuBar\UI-MainMenu-ScrollDownButton-Highlight"/>
	</Button>

	-->
	
	<CheckButton name="GHIMultiBar1ButtonTemplate" virtual="true" inherits="GHIActionBarButtonTemplate">
		<Scripts>
			<OnLoad>
				this.buttonType = "MULTIACTIONBAR1BUTTON"
			</OnLoad>
		</Scripts>
	</CheckButton>
	<CheckButton name="GHIMultiBar2ButtonTemplate" virtual="true" inherits="GHIActionBarButtonTemplate">
		<Scripts>
			<OnLoad>
				this.buttonType = "MULTIACTIONBAR2BUTTON"
				
			</OnLoad>
		</Scripts>
	</CheckButton>
	<CheckButton name="GHIMultiBar3ButtonTemplate" virtual="true" inherits="GHIActionBarButtonTemplate">
		<Scripts>
			<OnLoad>
				this.buttonType = "MULTIACTIONBAR3BUTTON"
				
			</OnLoad>
		</Scripts>
	</CheckButton>
	<CheckButton name="GHIMultiBar4ButtonTemplate" virtual="true" inherits="GHIActionBarButtonTemplate">
		<Scripts>
			<OnLoad>
				this.buttonType = "MULTIACTIONBAR4BUTTON"
				
			</OnLoad>
		</Scripts>
	</CheckButton>
	
	<Frame name="GHIHorizontalMultiBar1" toplevel="true" frameStrata="HIGH" virtual="true" hidden="true">
		<Size>
			<AbsDimension x="500" y="38"/>
		</Size>
		<Attributes>
			<Attribute name="actionpage" type="number" value="6"/>
		</Attributes>
		<Frames>
			<CheckButton name="$parentButton1" inherits="GHIMultiBar1ButtonTemplate" id="1">
				<Anchors>
					<Anchor point="BOTTOMLEFT">
						<Offset>
							<AbsDimension x="0" y="0"/>
						</Offset>
					</Anchor>
				</Anchors>
			</CheckButton>
			<CheckButton name="$parentButton2" inherits="GHIMultiBar1ButtonTemplate" id="2">
				<Anchors>
					<Anchor point="LEFT" relativeTo="$parentButton1" relativePoint="RIGHT">
						<Offset>
							<AbsDimension x="6" y="0"/>
						</Offset>
					</Anchor>
				</Anchors>
			</CheckButton>
			<CheckButton name="$parentButton3" inherits="GHIMultiBar1ButtonTemplate" id="3">
				<Anchors>
					<Anchor point="LEFT" relativeTo="$parentButton2" relativePoint="RIGHT">
						<Offset>
							<AbsDimension x="6" y="0"/>
						</Offset>
					</Anchor>
				</Anchors>
			</CheckButton>
			<CheckButton name="$parentButton4" inherits="GHIMultiBar1ButtonTemplate" id="4">
				<Anchors>
					<Anchor point="LEFT" relativeTo="$parentButton3" relativePoint="RIGHT">
						<Offset>
							<AbsDimension x="6" y="0"/>
						</Offset>
					</Anchor>
				</Anchors>
			</CheckButton>
			<CheckButton name="$parentButton5" inherits="GHIMultiBar1ButtonTemplate" id="5">
				<Anchors>
					<Anchor point="LEFT" relativeTo="$parentButton4" relativePoint="RIGHT">
						<Offset>
							<AbsDimension x="6" y="0"/>
						</Offset>
					</Anchor>
				</Anchors>
			</CheckButton>
			<CheckButton name="$parentButton6" inherits="GHIMultiBar1ButtonTemplate" id="6">
				<Anchors>
					<Anchor point="LEFT" relativeTo="$parentButton5" relativePoint="RIGHT">
						<Offset>
							<AbsDimension x="6" y="0"/>
						</Offset>
					</Anchor>
				</Anchors>
			</CheckButton>
			<CheckButton name="$parentButton7" inherits="GHIMultiBar1ButtonTemplate" id="7">
				<Anchors>
					<Anchor point="LEFT" relativeTo="$parentButton6" relativePoint="RIGHT">
						<Offset>
							<AbsDimension x="6" y="0"/>
						</Offset>
					</Anchor>
				</Anchors>
			</CheckButton>
			<CheckButton name="$parentButton8" inherits="GHIMultiBar1ButtonTemplate" id="8">
				<Anchors>
					<Anchor point="LEFT" relativeTo="$parentButton7" relativePoint="RIGHT">
						<Offset>
							<AbsDimension x="6" y="0"/>
						</Offset>
					</Anchor>
				</Anchors>
			</CheckButton>
			<CheckButton name="$parentButton9" inherits="GHIMultiBar1ButtonTemplate" id="9">
				<Anchors>
					<Anchor point="LEFT" relativeTo="$parentButton8" relativePoint="RIGHT">
						<Offset>
							<AbsDimension x="6" y="0"/>
						</Offset>
					</Anchor>
				</Anchors>
			</CheckButton>
			<CheckButton name="$parentButton10" inherits="GHIMultiBar1ButtonTemplate" id="10">
				<Anchors>
					<Anchor point="LEFT" relativeTo="$parentButton9" relativePoint="RIGHT">
						<Offset>
							<AbsDimension x="6" y="0"/>
						</Offset>
					</Anchor>
				</Anchors>
			</CheckButton>
			<CheckButton name="$parentButton11" inherits="GHIMultiBar1ButtonTemplate" id="11">
				<Anchors>
					<Anchor point="LEFT" relativeTo="$parentButton10" relativePoint="RIGHT">
						<Offset>
							<AbsDimension x="6" y="0"/>
						</Offset>
					</Anchor>
				</Anchors>
			</CheckButton>
			<CheckButton name="$parentButton12" inherits="GHIMultiBar1ButtonTemplate" id="12">
				<Anchors>
					<Anchor point="LEFT" relativeTo="$parentButton11" relativePoint="RIGHT">
						<Offset>
							<AbsDimension x="6" y="0"/>
						</Offset>
					</Anchor>
				</Anchors>
			</CheckButton>
		</Frames>
	</Frame>
	<Frame name="GHIHorizontalMultiBar2" toplevel="true" frameStrata="HIGH" virtual="true" hidden="true">
		<Size>
			<AbsDimension x="500" y="38"/>
		</Size>
		<Attributes>
			<Attribute name="actionpage" type="number" value="5"/>
		</Attributes>
		<Frames>
			<CheckButton name="$parentButton1" inherits="GHIMultiBar2ButtonTemplate" id="1">
				<Anchors>
					<Anchor point="BOTTOMLEFT">
						<Offset>
							<AbsDimension x="0" y="0"/>
						</Offset>
					</Anchor>
				</Anchors>
			</CheckButton>
			<CheckButton name="$parentButton2" inherits="GHIMultiBar2ButtonTemplate" id="2">
				<Anchors>
					<Anchor point="LEFT" relativeTo="$parentButton1" relativePoint="RIGHT">
						<Offset>
							<AbsDimension x="6" y="0"/>
						</Offset>
					</Anchor>
				</Anchors>
			</CheckButton>
			<CheckButton name="$parentButton3" inherits="GHIMultiBar2ButtonTemplate" id="3">
				<Anchors>
					<Anchor point="LEFT" relativeTo="$parentButton2" relativePoint="RIGHT">
						<Offset>
							<AbsDimension x="6" y="0"/>
						</Offset>
					</Anchor>
				</Anchors>
			</CheckButton>
			<CheckButton name="$parentButton4" inherits="GHIMultiBar2ButtonTemplate" id="4">
				<Anchors>
					<Anchor point="LEFT" relativeTo="$parentButton3" relativePoint="RIGHT">
						<Offset>
							<AbsDimension x="6" y="0"/>
						</Offset>
					</Anchor>
				</Anchors>
			</CheckButton>
			<CheckButton name="$parentButton5" inherits="GHIMultiBar2ButtonTemplate" id="5">
				<Anchors>
					<Anchor point="LEFT" relativeTo="$parentButton4" relativePoint="RIGHT">
						<Offset>
							<AbsDimension x="6" y="0"/>
						</Offset>
					</Anchor>
				</Anchors>
			</CheckButton>
			<CheckButton name="$parentButton6" inherits="GHIMultiBar2ButtonTemplate" id="6">
				<Anchors>
					<Anchor point="LEFT" relativeTo="$parentButton5" relativePoint="RIGHT">
						<Offset>
							<AbsDimension x="6" y="0"/>
						</Offset>
					</Anchor>
				</Anchors>
			</CheckButton>
			<CheckButton name="$parentButton7" inherits="GHIMultiBar2ButtonTemplate" id="7">
				<Anchors>
					<Anchor point="LEFT" relativeTo="$parentButton6" relativePoint="RIGHT">
						<Offset>
							<AbsDimension x="6" y="0"/>
						</Offset>
					</Anchor>
				</Anchors>
			</CheckButton>
			<CheckButton name="$parentButton8" inherits="GHIMultiBar2ButtonTemplate" id="8">
				<Anchors>
					<Anchor point="LEFT" relativeTo="$parentButton7" relativePoint="RIGHT">
						<Offset>
							<AbsDimension x="6" y="0"/>
						</Offset>
					</Anchor>
				</Anchors>
			</CheckButton>
			<CheckButton name="$parentButton9" inherits="GHIMultiBar2ButtonTemplate" id="9">
				<Anchors>
					<Anchor point="LEFT" relativeTo="$parentButton8" relativePoint="RIGHT">
						<Offset>
							<AbsDimension x="6" y="0"/>
						</Offset>
					</Anchor>
				</Anchors>
			</CheckButton>
			<CheckButton name="$parentButton10" inherits="GHIMultiBar2ButtonTemplate" id="10">
				<Anchors>
					<Anchor point="LEFT" relativeTo="$parentButton9" relativePoint="RIGHT">
						<Offset>
							<AbsDimension x="6" y="0"/>
						</Offset>
					</Anchor>
				</Anchors>
			</CheckButton>
			<CheckButton name="$parentButton11" inherits="GHIMultiBar2ButtonTemplate" id="11">
				<Anchors>
					<Anchor point="LEFT" relativeTo="$parentButton10" relativePoint="RIGHT">
						<Offset>
							<AbsDimension x="6" y="0"/>
						</Offset>
					</Anchor>
				</Anchors>
			</CheckButton>
			<CheckButton name="$parentButton12" inherits="GHIMultiBar2ButtonTemplate" id="12">
				<Anchors>
					<Anchor point="LEFT" relativeTo="$parentButton11" relativePoint="RIGHT">
						<Offset>
							<AbsDimension x="6" y="0"/>
						</Offset>
					</Anchor>
				</Anchors>
			</CheckButton>
		</Frames>
	</Frame>
	<Frame name="GHIVerticalMultiBar3" toplevel="true" frameStrata="HIGH" virtual="true" hidden="true">
		<Size>
			<AbsDimension x="38" y="500"/>
		</Size>
		<Attributes>
			<Attribute name="actionpage" type="number" value="3"/>
		</Attributes>
		<Frames>
			<CheckButton name="$parentButton1" inherits="GHIMultiBar3ButtonTemplate" id="1">
				<Anchors>
					<Anchor point="TOPRIGHT">
						<Offset>
							<AbsDimension x="0" y="0"/>
						</Offset>
					</Anchor>
				</Anchors>
			</CheckButton>
			<CheckButton name="$parentButton2" inherits="GHIMultiBar3ButtonTemplate" id="2">
				<Anchors>
					<Anchor point="TOP" relativeTo="$parentButton1" relativePoint="BOTTOM">
						<Offset>
							<AbsDimension x="0" y="-6"/>
						</Offset>
					</Anchor>
				</Anchors>
			</CheckButton>
			<CheckButton name="$parentButton3" inherits="GHIMultiBar3ButtonTemplate" id="3">
				<Anchors>
					<Anchor point="TOP" relativeTo="$parentButton2" relativePoint="BOTTOM">
						<Offset>
							<AbsDimension x="0" y="-6"/>
						</Offset>
					</Anchor>
				</Anchors>
			</CheckButton>
			<CheckButton name="$parentButton4" inherits="GHIMultiBar3ButtonTemplate" id="4">
				<Anchors>
					<Anchor point="TOP" relativeTo="$parentButton3" relativePoint="BOTTOM">
						<Offset>
							<AbsDimension x="0" y="-6"/>
						</Offset>
					</Anchor>
				</Anchors>
			</CheckButton>
			<CheckButton name="$parentButton5" inherits="GHIMultiBar3ButtonTemplate" id="5">
				<Anchors>
					<Anchor point="TOP" relativeTo="$parentButton4" relativePoint="BOTTOM">
						<Offset>
							<AbsDimension x="0" y="-6"/>
						</Offset>
					</Anchor>
				</Anchors>
			</CheckButton>
			<CheckButton name="$parentButton6" inherits="GHIMultiBar3ButtonTemplate" id="6">
				<Anchors>
					<Anchor point="TOP" relativeTo="$parentButton5" relativePoint="BOTTOM">
						<Offset>
							<AbsDimension x="0" y="-6"/>
						</Offset>
					</Anchor>
				</Anchors>
			</CheckButton>
			<CheckButton name="$parentButton7" inherits="GHIMultiBar3ButtonTemplate" id="7">
				<Anchors>
					<Anchor point="TOP" relativeTo="$parentButton6" relativePoint="BOTTOM">
						<Offset>
							<AbsDimension x="0" y="-6"/>
						</Offset>
					</Anchor>
				</Anchors>
			</CheckButton>
			<CheckButton name="$parentButton8" inherits="GHIMultiBar3ButtonTemplate" id="8">
				<Anchors>
					<Anchor point="TOP" relativeTo="$parentButton7" relativePoint="BOTTOM">
						<Offset>
							<AbsDimension x="0" y="-6"/>
						</Offset>
					</Anchor>
				</Anchors>
			</CheckButton>
			<CheckButton name="$parentButton9" inherits="GHIMultiBar3ButtonTemplate" id="9">
				<Anchors>
					<Anchor point="TOP" relativeTo="$parentButton8" relativePoint="BOTTOM">
						<Offset>
							<AbsDimension x="0" y="-6"/>
						</Offset>
					</Anchor>
				</Anchors>
			</CheckButton>
			<CheckButton name="$parentButton10" inherits="GHIMultiBar3ButtonTemplate" id="10">
				<Anchors>
					<Anchor point="TOP" relativeTo="$parentButton9" relativePoint="BOTTOM">
						<Offset>
							<AbsDimension x="0" y="-6"/>
						</Offset>
					</Anchor>
				</Anchors>
			</CheckButton>
			<CheckButton name="$parentButton11" inherits="GHIMultiBar3ButtonTemplate" id="11">
				<Anchors>
					<Anchor point="TOP" relativeTo="$parentButton10" relativePoint="BOTTOM">
						<Offset>
							<AbsDimension x="0" y="-6"/>
						</Offset>
					</Anchor>
				</Anchors>
			</CheckButton>
			<CheckButton name="$parentButton12" inherits="GHIMultiBar3ButtonTemplate" id="12">
				<Anchors>
					<Anchor point="TOP" relativeTo="$parentButton11" relativePoint="BOTTOM">
						<Offset>
							<AbsDimension x="0" y="-6"/>
						</Offset>
					</Anchor>
				</Anchors>
			</CheckButton>
		</Frames>
	</Frame>
	<Frame name="GHIVerticalMultiBar4" toplevel="true" frameStrata="HIGH" virtual="true" hidden="true">
		<Size>
			<AbsDimension x="38" y="500"/>
		</Size>
		<Attributes>
			<Attribute name="actionpage" type="number" value="4"/>
		</Attributes>
		<Frames>
			<CheckButton name="$parentButton1" inherits="GHIMultiBar4ButtonTemplate" id="1">
				<Anchors>
					<Anchor point="TOPRIGHT">
						<Offset>
							<AbsDimension x="0" y="0"/>
						</Offset>
					</Anchor>
				</Anchors>
			</CheckButton>
			<CheckButton name="$parentButton2" inherits="GHIMultiBar4ButtonTemplate" id="2">
				<Anchors>
					<Anchor point="TOP" relativeTo="$parentButton1" relativePoint="BOTTOM">
						<Offset>
							<AbsDimension x="0" y="-6"/>
						</Offset>
					</Anchor>
				</Anchors>
			</CheckButton>
			<CheckButton name="$parentButton3" inherits="GHIMultiBar4ButtonTemplate" id="3">
				<Anchors>
					<Anchor point="TOP" relativeTo="$parentButton2" relativePoint="BOTTOM">
						<Offset>
							<AbsDimension x="0" y="-6"/>
						</Offset>
					</Anchor>
				</Anchors>
			</CheckButton>
			<CheckButton name="$parentButton4" inherits="GHIMultiBar4ButtonTemplate" id="4">
				<Anchors>
					<Anchor point="TOP" relativeTo="$parentButton3" relativePoint="BOTTOM">
						<Offset>
							<AbsDimension x="0" y="-6"/>
						</Offset>
					</Anchor>
				</Anchors>
			</CheckButton>
			<CheckButton name="$parentButton5" inherits="GHIMultiBar4ButtonTemplate" id="5">
				<Anchors>
					<Anchor point="TOP" relativeTo="$parentButton4" relativePoint="BOTTOM">
						<Offset>
							<AbsDimension x="0" y="-6"/>
						</Offset>
					</Anchor>
				</Anchors>
			</CheckButton>
			<CheckButton name="$parentButton6" inherits="GHIMultiBar4ButtonTemplate" id="6">
				<Anchors>
					<Anchor point="TOP" relativeTo="$parentButton5" relativePoint="BOTTOM">
						<Offset>
							<AbsDimension x="0" y="-6"/>
						</Offset>
					</Anchor>
				</Anchors>
			</CheckButton>
			<CheckButton name="$parentButton7" inherits="GHIMultiBar4ButtonTemplate" id="7">
				<Anchors>
					<Anchor point="TOP" relativeTo="$parentButton6" relativePoint="BOTTOM">
						<Offset>
							<AbsDimension x="0" y="-6"/>
						</Offset>
					</Anchor>
				</Anchors>
			</CheckButton>
			<CheckButton name="$parentButton8" inherits="GHIMultiBar4ButtonTemplate" id="8">
				<Anchors>
					<Anchor point="TOP" relativeTo="$parentButton7" relativePoint="BOTTOM">
						<Offset>
							<AbsDimension x="0" y="-6"/>
						</Offset>
					</Anchor>
				</Anchors>
			</CheckButton>
			<CheckButton name="$parentButton9" inherits="GHIMultiBar4ButtonTemplate" id="9">
				<Anchors>
					<Anchor point="TOP" relativeTo="$parentButton8" relativePoint="BOTTOM">
						<Offset>
							<AbsDimension x="0" y="-6"/>
						</Offset>
					</Anchor>
				</Anchors>
			</CheckButton>
			<CheckButton name="$parentButton10" inherits="GHIMultiBar4ButtonTemplate" id="10">
				<Anchors>
					<Anchor point="TOP" relativeTo="$parentButton9" relativePoint="BOTTOM">
						<Offset>
							<AbsDimension x="0" y="-6"/>
						</Offset>
					</Anchor>
				</Anchors>
			</CheckButton>
			<CheckButton name="$parentButton11" inherits="GHIMultiBar4ButtonTemplate" id="11">
				<Anchors>
					<Anchor point="TOP" relativeTo="$parentButton10" relativePoint="BOTTOM">
						<Offset>
							<AbsDimension x="0" y="-6"/>
						</Offset>
					</Anchor>
				</Anchors>
			</CheckButton>
			<CheckButton name="$parentButton12" inherits="GHIMultiBar4ButtonTemplate" id="12">
				<Anchors>
					<Anchor point="TOP" relativeTo="$parentButton11" relativePoint="BOTTOM">
						<Offset>
							<AbsDimension x="0" y="-6"/>
						</Offset>
					</Anchor>
				</Anchors>
			</CheckButton>
		</Frames>
	</Frame>
	
	
	<Frame name="GHIMultiBarBottomLeft" inherits="GHIHorizontalMultiBar1" parent="UIParent">
		<Anchors>
			<Anchor point="RIGHT" relativeTo="MultiBarBottomLeft" relativePoint="RIGHT">
				<Offset>
					<AbsDimension x="0" y="0"/>
				</Offset>
			</Anchor>
		</Anchors>
	</Frame>
	<Frame name="GHIMultiBarBottomRight" inherits="GHIHorizontalMultiBar2" parent="UIParent">
		<Anchors>
			<Anchor point="RIGHT" relativeTo="MultiBarBottomRight" relativePoint="RIGHT">
				<Offset>
					<AbsDimension x="0" y="0"/>
				</Offset>
			</Anchor>
		</Anchors>
	</Frame>
	<Frame name="GHIMultiBarRight" inherits="GHIVerticalMultiBar3" parent="UIParent">
		<Anchors>
			<Anchor point="RIGHT" relativeTo="MultiBarRight" relativePoint="RIGHT">
				<Offset>
					<AbsDimension x="0" y="0"/>
				</Offset>
			</Anchor>
		</Anchors>
	</Frame>
	<Frame name="GHIMultiBarLeft" inherits="GHIVerticalMultiBar4" parent="UIParent">
		<Anchors>
			<Anchor point="RIGHT" relativeTo="MultiBarLeft" relativePoint="RIGHT">
				<Offset>
					<AbsDimension x="0" y="0"/>
				</Offset>
			</Anchor>
		</Anchors>
		<Scripts>
			<OnLoad>
				MultiActionBarFrame_OnLoad();
			</OnLoad>
		</Scripts>
	</Frame>
	
	
</Ui>
