﻿<Ui xmlns="http://www.blizzard.com/wow/ui/" xmlns:xsi="http://www.w3.org/2001/XMLSchema-instance" xsi:schemaLocation="http://www.blizzard.com/wow/ui/
..\FrameXML\UI.xsd">

  <Script file="TriviaBot.lua"/>
  <Script file="Questions1.lua"/>
  <Script file="Questions2.lua"/>
  <Script file="Questions3.lua"/>
  <Script file="Questions4.lua"/>
  <Script file="Questions5.lua"/>
  <Script file="Questions6.lua"/>
  <Script file="Questions7.lua"/>
  <Script file="Questions8.lua"/>
  <Script file="Questions9.lua"/>
  <Script file="Questions10.lua"/>
  <Script file="Questions11.lua"/>
  <Script file="Questions12.lua"/>
  <Script file="Questions13.lua"/>
  <Script file="Questions14.lua"/>
  <Script file="Questions15.lua"/>
  <Script file="Questions16.lua"/>
  <Script file="Questions17.lua"/>
  <Script file="Questions18.lua"/>
  <Script file="Questions19.lua"/>
  <Script file="Questions20.lua"/>
  <Frame name="TriviaBot" frameStrata="BACKGROUND" parent="UIParent">
    <Frames>
      <Frame name="TriviaBotGUI" frameStrata="BACKGROUND" movable="true" parent="UIParent">
        <Layers>
          <Layer level="ARTWORK">
            <Texture name="TriviaBotGUI_HeaderTexture" file="Interface\DialogFrame\UI-DialogBox-Header"> </Texture>
            <FontString name="TriviaBotGUI_HeaderLabel" inherits="GameFontNormal" text=""></FontString>
          </Layer>
        </Layers>
        
        <!-- Main TriviaBot Frame -->
        <Frames>
          <!-- Close Button -->
          <Button name="TriviaBotGUI_CloseButton" inherits="UIPanelCloseButton"></Button>
          
          <!-- Question List -->
          <Frame name="TriviaBotGUI_QuestionList" inherits="UIDropDownMenuTemplate" enableMouse="true">
            <Layers>
              <Layer level="ARTWORK">
                <FontString name="TriviaBotGUI_QuestionListLabel" inherits="GameFontNormal" text="Question List:"></FontString>
              </Layer>
            </Layers>
          </Frame>

          <!-- Channel Type List -->
          <Frame name="TriviaBotGUI_ChannelType" inherits="UIDropDownMenuTemplate" enableMouse="true">
            <Layers>
              <Layer level="ARTWORK">
                <FontString name="TriviaBotGUI_ChannelTypeLabel" inherits="GameFontNormal" text="Channel Type:"></FontString>
              </Layer>
            </Layers>
          </Frame>

          <!-- Channel Selection -->
          <EditBox name="TriviaBotGUI_Channel" letters="20" autoFocus="false">
            <Layers>
              <Layer level="BACKGROUND">
                <Texture name="TriviaBotGUI_ChannelTexture1" file="Interface\ChatFrame\UI-ChatInputBorder-Left"></Texture>
                <Texture name="TriviaBotGUI_ChannelTexture2" file="Interface\ChatFrame\UI-ChatInputBorder-Right"></Texture>
              </Layer>
              <Layer level="ARTWORK">
                <FontString name="TriviaBotGUI_ChannelLabel" inherits="GameFontNormal" text="Channel:"></FontString>
              </Layer>
            </Layers>
            <FontString inherits="ChatFontNormal"></FontString>
          </EditBox>
          
          <!-- Question Interval Setting -->
          <EditBox name="TriviaBotGUI_QuestionInterval" letters="80" autoFocus="false">
            <Layers>
              <Layer level="BACKGROUND">
                <Texture name="TriviaBotGUI_QuestionIntervalTexture1" file="Interface\ChatFrame\UI-ChatInputBorder-Left"></Texture>
                <Texture name="TriviaBotGUI_QuestionIntervalTexture2" file="Interface\ChatFrame\UI-ChatInputBorder-Right"></Texture>
              </Layer>
              <Layer level="ARTWORK">
                <FontString name="TriviaBotGUI_QuestionIntervalLabel" inherits="GameFontNormal" text="Question Interval:"></FontString>
              </Layer>
            </Layers>
            <FontString inherits="ChatFontNormal"></FontString>
          </EditBox>
          
          <!-- Question Timeout Setting -->
          <EditBox name="TriviaBotGUI_QuestionTimeOut" letters="80" autoFocus="false">
            <Layers>
              <Layer level="BACKGROUND">
                <Texture name="TriviaBotGUI_QuestionTimeOutTexture1" file="Interface\ChatFrame\UI-ChatInputBorder-Left"></Texture>
                <Texture name="TriviaBotGUI_QuestionTimeOutTexture2" file="Interface\ChatFrame\UI-ChatInputBorder-Right"></Texture>
              </Layer>
              <Layer level="ARTWORK">
                <FontString name="TriviaBotGUI_QuestionTimeOutLabel" inherits="GameFontNormal" text="Question Timeout:"></FontString>
              </Layer>
            </Layers>
            <FontString inherits="ChatFontNormal"></FontString>
          </EditBox>
          
          <!-- Question Warning Setting -->
          <EditBox name="TriviaBotGUI_QuestionWarning" letters="80" autoFocus="false">
            <Layers>
              <Layer level="BACKGROUND">
                <Texture name="TriviaBotGUI_QuestionWarningTexture1" file="Interface\ChatFrame\UI-ChatInputBorder-Left"></Texture>
                <Texture name="TriviaBotGUI_QuestionWarningTexture2" file="Interface\ChatFrame\UI-ChatInputBorder-Right"></Texture>
              </Layer>
              <Layer level="ARTWORK">
                <FontString name="TriviaBotGUI_QuestionWarningLabel" inherits="GameFontNormal" text="Question Warning:"></FontString>
              </Layer>
            </Layers>
            <FontString inherits="ChatFontNormal"></FontString>
          </EditBox>

          <!-- Score Count Setting -->
          <EditBox name="TriviaBotGUI_ScoreCount" letters="80" autoFocus="false">
            <Layers>
              <Layer level="BACKGROUND">
                <Texture name="TriviaBotGUI_ScoreCountTexture1" file="Interface\ChatFrame\UI-ChatInputBorder-Left"></Texture>
                <Texture name="TriviaBotGUI_ScoreCountTexture2" file="Interface\ChatFrame\UI-ChatInputBorder-Right"></Texture>
              </Layer>
              <Layer level="ARTWORK">
                <FontString name="TriviaBotGUI_ScoreCountLabel" inherits="GameFontNormal" text="Score Reporting Count:"></FontString>
              </Layer>
            </Layers>
            <FontString inherits="ChatFontNormal"></FontString>
          </EditBox>
          
          <!-- Score Frequency Setting -->
          <EditBox name="TriviaBotGUI_ScoreFrequency" letters="80" autoFocus="false">
            <Layers>
              <Layer level="BACKGROUND">
                <Texture name="TriviaBotGUI_ScoreFrequencyTexture1" file="Interface\ChatFrame\UI-ChatInputBorder-Left"></Texture>
                <Texture name="TriviaBotGUI_ScoreFrequencyTexture2" file="Interface\ChatFrame\UI-ChatInputBorder-Right"></Texture>
              </Layer>
              <Layer level="ARTWORK">
                <FontString name="TriviaBotGUI_ScoreFrequencyLabel" inherits="GameFontNormal" text="Score Report Frequency:"></FontString>
              </Layer>
            </Layers>
            <FontString inherits="ChatFontNormal"></FontString>
          </EditBox>

          <!-- Show Answer CheckBox and Text -->
          <CheckButton name="TriviaBotGUI_ShowAnswerCheckBox" inherits="OptionsCheckButtonTemplate" id="1">
            <Layers>
              <Layer level="ARTWORK">
                <FontString name="TriviaBotGUI_ShowAnswerCheckBoxLabel" inherits="GameFontNormal" text="Show Answers"></FontString>
              </Layer>
            </Layers>
          </CheckButton>

          <!-- Report Scores CheckBox -->
          <CheckButton name="TriviaBotGUI_ReportCheckBox" inherits="OptionsCheckButtonTemplate" id="1">
            <Layers>
              <Layer level="ARTWORK">
                <FontString name="TriviaBotGUI_ReportCheckBoxLabel" inherits="GameFontNormal" text="Report Scores"></FontString>
              </Layer>
            </Layers>
          </CheckButton>
          
          <!-- Start/Stop Button -->
          <Button name="TriviaBotGUI_StartStopButton" inherits="OptionsButtonTemplate" text="Start TriviaBot"></Button>

          <!-- Skip Button -->
          <Button name="TriviaBotGUI_SkipButton" inherits="OptionsButtonTemplate" text="Skip Question"></Button>


          <!-- Game Scores Button -->
          <Button name="TriviaBotGUI_GameScoresButton" inherits="OptionsButtonTemplate" text="Send Game Scores"></Button>


          <!-- All-Time Scores Button -->
          <Button name="TriviaBotGUI_AllTimeScoresButton" inherits="OptionsButtonTemplate" text="Send All-Time Scores"></Button>
        </Frames>
        
        <Scripts>
          <OnMouseDown>
            if ( arg1 == "LeftButton" ) then
              this:StartMoving();
            end
          </OnMouseDown>
          <OnMouseUp>
            if ( arg1 == "LeftButton" ) then
              this:StopMovingOrSizing();
            end
          </OnMouseUp>
          <OnHide>
            this:StopMovingOrSizing();
          </OnHide>
        </Scripts>
      </Frame>
    </Frames>
    <Scripts>
      <OnLoad>
        this.TimeSinceLastUpdate = 0;
        TriviaBot_OnLoad();
      </OnLoad>
      <OnUpdate>
        TriviaBot_OnUpdate(arg1);
      </OnUpdate>
      <OnEvent>
        TriviaBot_OnEvent(event);
      </OnEvent>
    </Scripts>
  </Frame>
</Ui>