<Ui xmlns="http://www.blizzard.com/wow/ui/" xmlns:xsi="http://www.w3.org/2001/XMLSchema-instance" xsi:schemaLocation="http://www.blizzard.com/wow/ui/
..\FrameXML\UI.xsd">
	<Frame parent="UIParent">
		<Frames>
			<Button name="TitanPanelEpicMusicPlayerButton" inherits="TitanPanelComboTemplate" frameStrata="FULLSCREEN" toplevel="true">
				<Scripts>
					<OnLoad>
						this:RegisterForClicks("LeftButtonUp","RightButtonUp","MiddleButtonUp")
						if ( IsAddOnLoaded("Titan") ) then
							EpicMusicPlayerTitan:OnLoad();
							TitanPanelButton_OnLoad();
						end
					</OnLoad>
					<OnMouseUp>
						if(not (arg1 == "RightButton"))then
							EpicMusicPlayer:OnDisplayClick(this)
							TitanTooltip_SetPanelTooltip("EpicMusicPlayer")
						end
					</OnMouseUp>
					<OnClick>
						if(arg1 == "RightButton")then
							GameTooltip:Hide()
							EpicMusicPlayer:OnDisplayClick(this)
						end
					</OnClick>
					<OnMouseWheel> 
						EpicMusicPlayer:DisplyScrollHandler()
					</OnMouseWheel> 
				</Scripts>
			</Button>
		</Frames>
	</Frame>
</Ui>