<?xml version="1.0" encoding="utf-8"?>
<Ui xmlns:xsi="http://www.w3.org/2001/XMLSchema-instance" xmlns="http://www.blizzard.com/wow/ui/" xsi:schemaLocation="http://www.blizzard.com/wow/ui/
..\FrameXML\UI.xsd">

<Include file="libs\LibRock-1.0\lib.xml"/>
<Include file="libs\LibRockConfig-1.0\lib.xml"/>
<Include file="libs\LibRockDB-1.0\lib.xml"/>
<Include file="libs\LibRockEvent-1.0\lib.xml"/>
<Include file="libs\LibRockTimer-1.0\lib.xml"/>
<Include file="libs\LibRockLocale-1.0\lib.xml"/>
<Include file="libs\LibBabble-Zone-3.0\lib.xml"/>
<Include file="libs\LibFuBarPlugin-3.0\lib.xml"/>
<Include file="libs\LibJostle-3.0\lib.xml"/>
<Include file="libs\LibTourist-3.0\lib.xml"/>
<Script file="libs\AceLibrary\AceLibrary.lua"/>
<Script file="libs\Tablet-2.0\Tablet-2.0.lua"/>

</Ui>
