﻿<Ui xmlns="http://www.blizzard.com/wow/ui/" xmlns:xsi="http://www.w3.org/2001/XMLSchema-instance" xsi:schemaLocation="http://www.blizzard.com/wow/ui/
..\FrameXML\UI.xsd">

<script file="libs\AceLibrary\AceLibrary.lua"/>
<script file="libs\AceOO-2.0\AceOO-2.0.lua"/>
<script file="libs\AceAddon-2.0\AceAddon-2.0.lua"/>
<script file="libs\AceConsole-2.0\AceConsole-2.0.lua"/>
<script file="libs\AceDB-2.0\AceDB-2.0.lua"/>
<script file="libs\Dewdrop-2.0\Dewdrop-2.0.lua"/>
<script file="libs\AceEvent-2.0\AceEvent-2.0.lua"/>
<script file="libs\AceHook-2.1\AceHook-2.1.lua"/>
<script file="libs\AceLocale-2.2\AceLocale-2.2.lua"/>
<script file="libs\AceModuleCore-2.0\AceModuleCore-2.0.lua"/>

</Ui>