<!--

MonkeyClock
A simplified and modified version of:

	Clock: a simple in-game clock window
		copyright 2004 by Telo

	- Displays the time in a small, movable window
	- Displays time-based character information in a tooltip on mouseover

-->

<Ui xmlns="http://www.blizzard.com/wow/ui/" xmlns:xsi="http://www.w3.org/2001/XMLSchema-instance" xsi:schemaLocation="http://www.blizzard.com/wow/ui/ ..\..\FrameXML\UI.xsd">
	<Script file="localization.lua"/>
	<Script file="MonkeyClock.lua"/>
	<Frame name="MonkeyClockFrame" frameStrata="HIGH" toplevel="true" enableMouse="true" movable="true" parent="UIParent">
		<Size>
			<AbsDimension x="96" y="32"/>
		</Size>
		<Anchors>
			<Anchor point="TOP"/>
		</Anchors>
		<Backdrop bgFile="Interface\DialogFrame\UI-DialogBox-Background" edgeFile="Interface\Tooltips\UI-Tooltip-Border" tile="true">
			<BackgroundInsets>
				<AbsInset left="5" right="5" top="5" bottom="5"/>
			</BackgroundInsets>
			<TileSize>
				<AbsValue val="16"/>
			</TileSize>
			<EdgeSize>
				<AbsValue val="16"/>
			</EdgeSize>
		</Backdrop>
		<Frames>
			<Button name="MonkeyClockTextButton">
				<Size>
					<AbsDimension x="96" y="12"/>
				</Size>
				<Anchors>
					<Anchor point="TOP">
						<Offset>
							<AbsDimension x="0" y="-9"/>
						</Offset>
					</Anchor>
				</Anchors>
				<Layers>
					<Layer level="BACKGROUND">
						<FontString name="MonkeyClockText" inherits="GameFontNormal">
							<Size>
								<AbsDimension x="96" y="12"/>
							</Size>
							<Anchors>
								<Anchor point="TOP"/>
							</Anchors>
						</FontString>
					</Layer>
				</Layers>
				<Scripts>
					<OnEnter>
						MonkeyClock_OnEnter();
					</OnEnter>
					<OnLeave>
						GameTooltip:Hide();
					</OnLeave>
					<OnMouseDown>
						MonkeyClock_OnMouseDown(arg1);
					</OnMouseDown>
					<OnMouseUp>
						MonkeyClock_OnMouseUp(arg1);
					</OnMouseUp>
				</Scripts>
			</Button>
		</Frames>
		<Scripts>
			<OnLoad>
				MonkeyClock_OnLoad();
			</OnLoad>
			<OnUpdate>
				MonkeyClock_OnUpdate(arg1);
			</OnUpdate>
			<OnEvent>
				MonkeyClock_OnEvent(event);
			</OnEvent>
			<OnMouseDown>
				MonkeyClock_OnMouseDown(arg1);
			</OnMouseDown>
			<OnMouseUp>
				MonkeyClock_OnMouseUp(arg1);
			</OnMouseUp>
		</Scripts>
	</Frame>
</Ui>
