<Ui xmlns="http://www.blizzard.com/wow/ui/" xmlns:xsi="http://www.w3.org/2001/XMLSchema-instance" xsi:schemaLocation="http://www.blizzard.com/wow/ui/
..\FrameXML\UI.xsd">
	<Script file="Perl_Party.lua"/>


	<!-- Virtual buffs template -->
	<Button name="Perl_Party_BuffTemplate" virtual="true">
		<Size>
			<AbsDimension x="16" y="16"/>
		</Size>
		<Layers>
			<Layer level="ARTWORK">
				<Texture name="$parentIcon">
					<Size>
						<AbsDimension x="16" y="16"/>
					</Size>
					<Anchors>
						<Anchor point="TOPLEFT">
							<Offset>
								<AbsDimension x="0" y="0"/>
							</Offset>
						</Anchor>
					</Anchors>
				</Texture>
			</Layer>
			<Layer level="OVERLAY">
				<Texture name="$parentDebuffBorder" file="Interface\Buttons\UI-Debuff-Overlays" hidden="true">
					<Size>
						<AbsDimension x="16" y="16"/>
					</Size>
					<Anchors>
						<Anchor point="TOPLEFT">
							<Offset>
								<AbsDimension x="0" y="0"/>
							</Offset>
						</Anchor>
					</Anchors>
					<TexCoords left="0.296875" right="0.5703125" top="0" bottom="0.515625"/>
				</Texture>
				<FontString name="$parentCount" inherits="NumberFontNormalSmall">
					<Anchors>
						<Anchor point="BOTTOMRIGHT">
							<Offset>
								<AbsDimension x="-1" y="0"/>
							</Offset>
						</Anchor>
					</Anchors>
				</FontString>
			</Layer>
		</Layers>
		<Scripts>
			<OnEnter>
				Perl_Party_SetBuffTooltip();
			</OnEnter>
			<OnLeave>
				GameTooltip:Hide();
			</OnLeave>
		</Scripts>
	</Button>


	<!-- Frame to display Party's health -->
	<Frame name="Perl_Party_FrameTemplate" virtual="true" frameStrata="LOW" toplevel="true">
		<Size>
			<!-- The size of this frame determines what can be clicked for the menu and moving, hence it is the same size as the name frame. (This is no longer true in 0.48) -->
			<AbsDimension x="202" y="24"/>
		</Size>
		<Anchors>
			<Anchor point="TOPLEFT">
				<Offset>
					<AbsDimension x="500" y="-200"/>
				</Offset>
			</Anchor>
		</Anchors>


		<!-- Script Events -->
		<Scripts>
			<OnLoad>
				Perl_Party_OnLoad(self);
			</OnLoad>
		</Scripts>

		<Frames>
			<!-- Frame for the drop down menu. -->
			<Frame name="$parent_DropDown" inherits="UIDropDownMenuTemplate" id="1" hidden="true">
				<Size>
					<AbsDimension x="10" y="10"/>
				</Size>
				<Anchors>
					<Anchor point="TOP">
						<Offset>
							<AbsDimension x="0" y="0"/>
						</Offset>
					</Anchor>
				</Anchors>
				<Scripts>
					<OnLoad>
						Perl_PartyDropDown_OnLoad();
					</OnLoad>
				</Scripts>
			</Frame>


			<!-- Party Name -->
			<Frame name="$parent_NameFrame">
				<Size>
					<AbsDimension x="202" y="24"/>
				</Size>
				<Anchors>
					<Anchor point="TOPLEFT">
						<Offset>
							<AbsDimension x="0" y="0"/>
						</Offset>
					</Anchor>
				</Anchors>
				<Backdrop bgFile="Interface\AddOns\Perl_Config\Perl_Black" edgeFile="Interface\Tooltips\UI-Tooltip-Border" tile="true">
					<EdgeSize>
						<AbsValue val="16"/>
					</EdgeSize>
					<TileSize>
						<AbsValue val="16"/>
					</TileSize>
					<BackgroundInsets>
						<AbsInset left="5" right="5" top="5" bottom="5"/>
					</BackgroundInsets>
				</Backdrop>
				<Layers>
					<Layer level="OVERLAY">
						<!-- Leader Icon -->
						<Texture name="$parent_LeaderIcon" file="Interface\GroupFrame\UI-Group-LeaderIcon" hidden="true">
							<Size>
								<AbsDimension x="16" y="16"/>
							</Size>
							<Anchors>
								<Anchor point="TOP">
									<Offset>
										<AbsDimension x="0" y="7"/>
									</Offset>
								</Anchor>
							</Anchors>
						</Texture>

						<!-- Master Icon -->
						<Texture name="$parent_MasterIcon" file="Interface\GroupFrame\UI-Group-MasterLooter" hidden="true">
							<Size>
								<AbsDimension x="16" y="16"/>
							</Size>
							<Anchors>
								<Anchor point="TOPLEFT">
									<Offset>
										<AbsDimension x="65" y="7"/>
									</Offset>
								</Anchor>
							</Anchors>
						</Texture>

						<!-- PVP Icon -->
						<Texture name="$parent_PVPStatus" file="Interface\TargetingFrame\UI-PVP-FFA">
							<Size>
								<AbsDimension x="32" y="32"/>
							</Size>
							<Anchors>
								<Anchor point="TOPLEFT" relativePoint="TOPLEFT">
									<Offset>
										<AbsDimension x="2" y="-2"/>
									</Offset>
								</Anchor>
							</Anchors>
						</Texture>

						<!-- Death Icon -->
						<Texture name="$parent_DeadStatus" file="Interface\TargetingFrame\TargetDead" visible="false">
							<Size>
								<AbsDimension x="16" y="16"/>
							</Size>
							<Anchors>
								<Anchor point="TOPRIGHT" relativePoint="TOPRIGHT">
									<Offset>
										<AbsDimension x="-25" y="-4"/>
									</Offset>
								</Anchor>
							</Anchors>
						</Texture>

						<!-- Disconnected Icon -->
						<Texture name="$parent_DisconnectStatus" file="Interface\CharacterFrame\Disconnect-Icon" visible="false">
							<Size>
								<AbsDimension x="32" y="32"/>
							</Size>
							<Anchors>
								<Anchor point="TOPRIGHT" relativePoint="TOPRIGHT">
									<Offset>
										<AbsDimension x="-35" y="3"/>
									</Offset>
								</Anchor>
							</Anchors>
						</Texture>

						<!-- F Key Text -->
						<Fontstring name="$parent_FKeyText" inherits="GameFontNormal" text="Error!">
							<Anchors>
								<Anchor point="TOPRIGHT" relativePoint="TOPRIGHT">
									<Offset>
										<AbsDimension x="-8" y="-6"/>
									</Offset>
								</Anchor>
							</Anchors>
						</Fontstring>
					</Layer>
				</Layers>
			</Frame>


			<!-- Party Name Frame -->
			<Frame name="$parent_Name">
				<Size>
					<AbsDimension x="202" y="24"/>
				</Size>
				<Anchors>
					<Anchor point="TOPLEFT" relativePoint="TOPLEFT" relativeTo="$parent_NameFrame">
						<Offset>
							<AbsDimension x="0" y="0"/>
						</Offset>
					</Anchor>
				</Anchors>
				<Frames>
					<Button name="$parent_CastClickOverlay" inherits="SecureUnitButtonTemplate">
						<Size>
							<AbsDimension x="202" y="24"/>
						</Size>
						<Anchors>
							<Anchor point="TOPLEFT">
								<Offset>
									<AbsDimension x="0" y="0"/>
								</Offset>
							</Anchor>
						</Anchors>
						<Scripts>
							<OnLoad>
								this:RegisterForClicks("AnyUp");
								this:RegisterForDrag("LeftButton");
								Perl_Party_CastClickOverlay_OnLoad();
							</OnLoad>
							<OnDragStart>
								Perl_Party_DragStart(arg1);
							</OnDragStart>
							<OnDragStop>
								Perl_Party_DragStop(arg1);
							</OnDragStop>
							<OnEnter>
								Perl_Party_Tip();
								UnitFrame_OnEnter(self);
							</OnEnter>
							<OnLeave>
								UnitFrame_OnLeave();
							</OnLeave>
						</Scripts>
					</Button>
				</Frames>
				<Layers>
					<Layer level="OVERLAY">
						<!-- Name Text -->
						<Fontstring name="$parent_NameBarText" inherits="GameFontNormal" text="Error!"/>
					</Layer>
				</Layers>
			</Frame>


			<!-- Voice Chat Icon Frame-->
			<Frame name="$parent_VoiceChatIconFrame" hidden="true">
				<Size>
					<AbsDimension x="16" y="16"/>
				</Size>
				<Anchors>
					<Anchor point="TOPLEFT">
						<Offset>
							<AbsDimension x="0" y="0"/>
						</Offset>
					</Anchor>
				</Anchors>
				<Layers>
					<Layer level="OVERLAY">
						<!-- Voice Chat Icon -->
						<Texture name="$parent_VoiceChatIcon" file="Interface\Common\VoiceChat-Speaker" hidden="false">
							<Size>
								<AbsDimension x="16" y="16"/>
							</Size>
						</Texture>
						<Texture name="$parent_VoiceChatSpeakerIcon" file="Interface\Common\VoiceChat-On" hidden="false">
							<Size>
								<AbsDimension x="16" y="16"/>
							</Size>
						</Texture>
					</Layer>
				</Layers>
			</Frame>


			<!-- Party Level Frame -->
			<Frame name="$parent_LevelFrame">
				<Size>
					<AbsDimension x="34" y="42"/>
				</Size>
				<Anchors>
					<Anchor point="TOPLEFT" relativePoint="BOTTOMLEFT" relativeTo="$parent_NameFrame">
						<Offset>
							<AbsDimension x="0" y="2"/>
						</Offset>
					</Anchor>
				</Anchors>
				<Frames>
					<Button name="$parent_CastClickOverlay" inherits="SecureUnitButtonTemplate">
						<Size>
							<AbsDimension x="34" y="42"/>
						</Size>
						<Anchors>
							<Anchor point="TOPLEFT">
								<Offset>
									<AbsDimension x="0" y="0"/>
								</Offset>
							</Anchor>
						</Anchors>
						<Scripts>
							<OnLoad>
								this:RegisterForClicks("AnyUp");
								this:RegisterForDrag("LeftButton");
								Perl_Party_CastClickOverlay_OnLoad();
							</OnLoad>
							<OnDragStart>
								Perl_Party_DragStart(arg1);
							</OnDragStart>
							<OnDragStop>
								Perl_Party_DragStop(arg1);
							</OnDragStop>
						</Scripts>
					</Button>
				</Frames>
				<Backdrop bgFile="Interface\AddOns\Perl_Config\Perl_Black" edgeFile="Interface\Tooltips\UI-Tooltip-Border" tile="true">
					<EdgeSize>
						<AbsValue val="16"/>
					</EdgeSize>
					<TileSize>
						<AbsValue val="16"/>
					</TileSize>
					<BackgroundInsets>
						<AbsInset left="5" right="5" top="5" bottom="5"/>
					</BackgroundInsets>
				</Backdrop>
				<Layers>
					<Layer level="OVERLAY">
						<!-- Class Icon -->
						<Texture name="$parent_ClassTexture" file="Interface\Glues\CharacterCreate\UI-CharacterCreate-Classes">
							<Size>
								<AbsDimension x="24" y="24"/>
							</Size>
							<Anchors>
								<Anchor point="TOPLEFT" relativePoint="TOPLEFT">
									<Offset>
										<AbsDimension x="5" y="-5"/>
									</Offset>
								</Anchor>
							</Anchors>
						</Texture>

						<!-- Level Text -->
						<Fontstring name="$parent_LevelBarText" inherits="GameFontNormalSmall" text="Error!">
							<Anchors>
								<Anchor point="BOTTOM">
									<Offset>
										<AbsDimension x="0" y="4"/>
									</Offset>
								</Anchor>
							</Anchors>
						</Fontstring>
					</Layer>
				</Layers>
			</Frame>


			<!-- Portrait Frame -->
			<Frame name="$parent_PortraitFrame">
				<Size>
					<AbsDimension x="64" y="64"/>
				</Size>
				<Anchors>
					<Anchor point="TOPRIGHT" relativePoint="TOPLEFT" relativeTo="$parent_NameFrame">
						<Offset>
							<AbsDimension x="2" y="0"/>
						</Offset>
					</Anchor>
				</Anchors>
				<Backdrop bgFile="Interface\AddOns\Perl_Config\Perl_Black" edgeFile="Interface\Tooltips\UI-Tooltip-Border" tile="true">
					<EdgeSize>
						<AbsValue val="16"/>
					</EdgeSize>
					<TileSize>
						<AbsValue val="16"/>
					</TileSize>
					<BackgroundInsets>
						<AbsInset left="5" right="5" top="5" bottom="5"/>
					</BackgroundInsets>
				</Backdrop>
				<Frames>
					<PlayerModel name="$parent_PartyModel" hidden="true">
						<Size>
							<AbsDimension x="54" y="54"/>
						</Size>
						<Anchors>
							<Anchor point="CENTER">
								<Offset>
									<AbsDimension x="1" y="-1"/>
								</Offset>
							</Anchor>
						</Anchors>
						<Scripts>
							<OnUpdate>
								this:SetCamera(0);
							</OnUpdate>
						</Scripts>
					</PlayerModel>
					<Button name="$parent_CastClickOverlay" inherits="SecureUnitButtonTemplate">
						<Size>
							<AbsDimension x="64" y="64"/>
						</Size>
						<Anchors>
							<Anchor point="TOPLEFT">
								<Offset>
									<AbsDimension x="0" y="0"/>
								</Offset>
							</Anchor>
						</Anchors>
						<Scripts>
							<OnLoad>
								this:RegisterForClicks("AnyUp");
								this:RegisterForDrag("LeftButton");
								Perl_Party_CastClickOverlay_OnLoad();
							</OnLoad>
							<OnDragStart>
								Perl_Party_DragStart(arg1);
							</OnDragStart>
							<OnDragStop>
								Perl_Party_DragStop(arg1);
							</OnDragStop>
						</Scripts>
					</Button>
				</Frames>
				<Layers>
					<!-- Portrait -->
					<Layer level="ARTWORK">
						<Texture name="$parent_Portrait">
							<Size>
								<AbsDimension x="52" y="52"/>
							</Size>
							<Anchors>
								<Anchor point="TOP" relativePoint="TOP">
									<Offset>
										<AbsDimension x="0" y="-6"/>
									</Offset>
								</Anchor>
							</Anchors>
						</Texture>
					</Layer>
				</Layers>
			</Frame>


			<!-- Party Stats -->
			<Frame name="$parent_StatsFrame">
				<Size>
					<AbsDimension x="240" y="42"/>
				</Size>
				<Anchors>
					<Anchor point="TOPLEFT" relativePoint="BOTTOMLEFT" relativeTo="$parent_NameFrame">
						<Offset>
							<AbsDimension x="30" y="2"/>
						</Offset>
					</Anchor>
				</Anchors>
				<Backdrop bgFile="Interface\AddOns\Perl_Config\Perl_Black" edgeFile="Interface\Tooltips\UI-Tooltip-Border" tile="true">
					<EdgeSize>
						<AbsValue val="16"/>
					</EdgeSize>
					<TileSize>
						<AbsValue val="16"/>
					</TileSize>
					<BackgroundInsets>
						<AbsInset left="5" right="5" top="5" bottom="5"/>
					</BackgroundInsets>
				</Backdrop>
				<Frames>
					<Button name="$parent_CastClickOverlay" inherits="SecureUnitButtonTemplate">
						<Size>
							<AbsDimension x="240" y="42"/>
						</Size>
						<Anchors>
							<Anchor point="TOPLEFT">
								<Offset>
									<AbsDimension x="0" y="0"/>
								</Offset>
							</Anchor>
						</Anchors>
						<Scripts>
							<OnLoad>
								this:RegisterForClicks("AnyUp");
								this:RegisterForDrag("LeftButton");
								Perl_Party_CastClickOverlay_OnLoad();
							</OnLoad>
							<OnDragStart>
								Perl_Party_DragStart(arg1);
							</OnDragStart>
							<OnDragStop>
								Perl_Party_DragStop(arg1);
							</OnDragStop>
						</Scripts>
					</Button>

					<!-- Health Bar -->
					<StatusBar name="$parent_HealthBar">
						<Size>
							<AbsDimension x="150" y="10"/>
						</Size>
						<Anchors>
							<Anchor point="TOPLEFT" relativePoint="TOPLEFT">
								<Offset>
									<AbsDimension x="10" y="-10"/>
								</Offset>
							</Anchor>
						</Anchors>
						<BarTexture name="$parent_HealthBarTex" file="Interface\TargetingFrame\UI-StatusBar"/>
						<BarColor r="0" g="0.8" b="0"/>
						<Layers>
							<!-- Text -->
							<Layer level="OVERLAY">
								<Fontstring name="$parent_HealthBarText" inherits="GameFontNormalSmall" text="Error!">
									<Anchors>
										<Anchor point="RIGHT">
											<Offset>
												<AbsDimension x="70" y="0"/>
											</Offset>
										</Anchor>
									</Anchors>
									<Color r="1" g="1" b="1"/>
								</Fontstring>
								<Fontstring name="$parent_HealthBarTextPercent" inherits="GameFontNormalSmall" text="Error!">
									<Anchors>
										<Anchor point="TOP" relativePoint="TOP">
											<Offset>
												<AbsDimension x="0" y="1"/>
											</Offset>
										</Anchor>
									</Anchors>
									<Color r="1" g="1" b="1"/>
								</Fontstring>
								<Fontstring name="$parent_HealthBarTextCompactPercent" inherits="GameFontNormalSmall" text="Error!">
									<Anchors>
										<Anchor point="RIGHT" relativePoint="RIGHT">
											<Offset>
												<AbsDimension x="35" y="0"/>
											</Offset>
										</Anchor>
									</Anchors>
									<Color r="1" g="1" b="1"/>
								</Fontstring>
							</Layer>
						</Layers>
					</StatusBar>
					<StatusBar name="$parent_HealthBarFadeBar" hidden="true">
						<Size>
							<AbsDimension x="150" y="10"/>
						</Size>
						<Anchors>
							<Anchor point="TOP" relativePoint="TOP" relativeTo="$parent_HealthBar">
								<Offset>
									<AbsDimension x="0" y="0"/>
								</Offset>
							</Anchor>
						</Anchors>
						<BarTexture name="$parent_HealthBarFadeBarTex" file="Interface\TargetingFrame\UI-StatusBar"/>
						<BarColor r="0" g="0.8" b="0" a="0.25"/>
					</StatusBar>
					<StatusBar name="$parent_HealthBarBG">
						<Size>
							<AbsDimension x="150" y="10"/>
						</Size>
						<Anchors>
							<Anchor point="TOP" relativePoint="TOP" relativeTo="$parent_HealthBar">
								<Offset>
									<AbsDimension x="0" y="0"/>
								</Offset>
							</Anchor>
						</Anchors>
						<BarTexture name="$parent_HealthBarBGTex" file="Interface\TargetingFrame\UI-TargetingFrame-BarFill"/>
						<BarColor r="0" g="0.8" b="0" a="0.25"/>
					</StatusBar>
					<Button name="$parent_HealthBar_CastClickOverlay" inherits="SecureUnitButtonTemplate">
						<Size>
							<AbsDimension x="150" y="10"/>
						</Size>
						<Anchors>
							<Anchor point="TOP" relativePoint="TOP" relativeTo="$parent_HealthBar">
								<Offset>
									<AbsDimension x="0" y="0"/>
								</Offset>
							</Anchor>
						</Anchors>
						<Scripts>
							<OnLoad>
								this:RegisterForClicks("AnyUp");
								this:RegisterForDrag("LeftButton");
								Perl_Party_CastClickOverlay_OnLoad();
							</OnLoad>
							<OnEnter>
								Perl_Party_HealthShow(this:GetParent():GetParent());
							</OnEnter>
							<OnLeave>
								Perl_Party_HealthHide(this:GetParent():GetParent());
							</OnLeave>
							<OnDragStart>
								Perl_Party_DragStart(arg1);
							</OnDragStart>
							<OnDragStop>
								Perl_Party_DragStop(arg1);
							</OnDragStop>
						</Scripts>
					</Button>

					<!-- Mana Bar -->
					<StatusBar name="$parent_ManaBar">
						<Size>
							<AbsDimension x="150" y="10"/>
						</Size>
						<Anchors>
							<Anchor point="TOP" relativePoint="BOTTOM" relativeTo="$parent_HealthBar">
								<Offset>
									<AbsDimension x="0" y="-2"/>
								</Offset>
							</Anchor>
						</Anchors>
						<BarTexture name="$parent_ManaBarTex" file="Interface\TargetingFrame\UI-StatusBar"/>
						<BarColor r="0" g="0" b="1"/>
						<Layers>
							<!-- Text -->
							<Layer level="OVERLAY">
								<Fontstring name="$parent_ManaBarText" inherits="GameFontNormalSmall" text="Error!">
									<Anchors>
										<Anchor point="RIGHT">
											<Offset>
												<AbsDimension x="70" y="0"/>
											</Offset>
										</Anchor>
									</Anchors>
									<Color r="1" g="1" b="1"/>
								</Fontstring>
								<Fontstring name="$parent_ManaBarTextPercent" inherits="GameFontNormalSmall" text="Error!">
									<Anchors>
										<Anchor point="TOP" relativePoint="TOP">
											<Offset>
												<AbsDimension x="0" y="1"/>
											</Offset>
										</Anchor>
									</Anchors>
									<Color r="1" g="1" b="1"/>
								</Fontstring>
								<Fontstring name="$parent_ManaBarTextCompactPercent" inherits="GameFontNormalSmall" text="Error!">
									<Anchors>
										<Anchor point="RIGHT" relativePoint="RIGHT">
											<Offset>
												<AbsDimension x="35" y="0"/>
											</Offset>
										</Anchor>
									</Anchors>
									<Color r="1" g="1" b="1"/>
								</Fontstring>
							</Layer>
						</Layers>
					</StatusBar>
					<StatusBar name="$parent_ManaBarFadeBar" hidden="true">
						<Size>
							<AbsDimension x="150" y="10"/>
						</Size>
						<Anchors>
							<Anchor point="TOP" relativePoint="TOP" relativeTo="$parent_ManaBar">
								<Offset>
									<AbsDimension x="0" y="0"/>
								</Offset>
							</Anchor>
						</Anchors>
						<BarTexture name="$parent_ManaBarFadeBarTex" file="Interface\TargetingFrame\UI-StatusBar"/>
						<BarColor r="0" g="0.8" b="0" a="0.25"/>
					</StatusBar>
					<StatusBar name="$parent_ManaBarBG">
						<Size>
							<AbsDimension x="150" y="10"/>
						</Size>
						<Anchors>
							<Anchor point="TOP" relativePoint="TOP" relativeTo="$parent_ManaBar">
								<Offset>
									<AbsDimension x="0" y="0"/>
								</Offset>
							</Anchor>
						</Anchors>
						<BarTexture name="$parent_ManaBarBGTex" file="Interface\TargetingFrame\UI-TargetingFrame-BarFill"/>
						<BarColor r="0" g="0" b="1" a="0.25"/>
					</StatusBar>
					<Button name="$parent_ManaBar_CastClickOverlay" inherits="SecureUnitButtonTemplate">
						<Size>
							<AbsDimension x="150" y="10"/>
						</Size>
						<Anchors>
							<Anchor point="TOP" relativePoint="TOP" relativeTo="$parent_ManaBar">
								<Offset>
									<AbsDimension x="0" y="0"/>
								</Offset>
							</Anchor>
						</Anchors>
						<Scripts>
							<OnLoad>
								this:RegisterForClicks("AnyUp");
								this:RegisterForDrag("LeftButton");
								Perl_Party_CastClickOverlay_OnLoad();
							</OnLoad>
							<OnEnter>
								Perl_Party_ManaShow(this:GetParent():GetParent());
							</OnEnter>
							<OnLeave>
								Perl_Party_ManaHide(this:GetParent():GetParent());
							</OnLeave>
							<OnDragStart>
								Perl_Party_DragStart(arg1);
							</OnDragStart>
							<OnDragStop>
								Perl_Party_DragStop(arg1);
							</OnDragStop>
						</Scripts>
					</Button>

					<!-- Pet Health Bar -->
					<StatusBar name="$parent_PetHealthBar">
						<Size>
							<AbsDimension x="150" y="10"/>
						</Size>
						<Anchors>
							<Anchor point="TOP" relativePoint="BOTTOM" relativeTo="$parent_ManaBar">
								<Offset>
									<AbsDimension x="0" y="-2"/>
								</Offset>
							</Anchor>
						</Anchors>
						<BarTexture name="$parent_PetHealthBarTex" file="Interface\TargetingFrame\UI-StatusBar"/>
						<BarColor r="0" g="0.8" b="0"/>
						<Layers>
							<!-- Text -->
							<Layer level="OVERLAY">
								<Fontstring name="$parent_PetHealthBarText" inherits="GameFontNormalSmall" text="Error!">
									<Anchors>
										<Anchor point="RIGHT">
											<Offset>
												<AbsDimension x="70" y="0"/>
											</Offset>
										</Anchor>
									</Anchors>
									<Color r="1" g="1" b="1"/>
								</Fontstring>
								<Fontstring name="$parent_PetHealthBarTextPercent" inherits="GameFontNormalSmall" text="Error!">
									<Anchors>
										<Anchor point="TOP" relativePoint="TOP">
											<Offset>
												<AbsDimension x="0" y="1"/>
											</Offset>
										</Anchor>
									</Anchors>
									<Color r="1" g="1" b="1"/>
								</Fontstring>
								<Fontstring name="$parent_PetHealthBarTextCompactPercent" inherits="GameFontNormalSmall" text="Error!">
									<Anchors>
										<Anchor point="RIGHT" relativePoint="RIGHT">
											<Offset>
												<AbsDimension x="35" y="0"/>
											</Offset>
										</Anchor>
									</Anchors>
									<Color r="1" g="1" b="1"/>
								</Fontstring>
							</Layer>
						</Layers>
					</StatusBar>
					<StatusBar name="$parent_PetHealthBarFadeBar" hidden="true">
						<Size>
							<AbsDimension x="150" y="10"/>
						</Size>
						<Anchors>
							<Anchor point="TOP" relativePoint="TOP" relativeTo="$parent_PetHealthBar">
								<Offset>
									<AbsDimension x="0" y="0"/>
								</Offset>
							</Anchor>
						</Anchors>
						<BarTexture name="$parent_PetHealthBarFadeBarTex" file="Interface\TargetingFrame\UI-StatusBar"/>
						<BarColor r="0" g="0.8" b="0" a="0.25"/>
					</StatusBar>
					<StatusBar name="$parent_PetHealthBarBG">
						<Size>
							<AbsDimension x="150" y="10"/>
						</Size>
						<Anchors>
							<Anchor point="TOP" relativePoint="TOP" relativeTo="$parent_PetHealthBar">
								<Offset>
									<AbsDimension x="0" y="0"/>
								</Offset>
							</Anchor>
						</Anchors>
						<BarTexture name="$parent_PetHealthBarBGTex" file="Interface\TargetingFrame\UI-TargetingFrame-BarFill"/>
						<BarColor r="0" g="0.8" b="0" a="0.25"/>
					</StatusBar>
					<Button name="$parent_PetHealthBar_CastClickOverlay" inherits="SecureUnitButtonTemplate">
						<Size>
							<AbsDimension x="150" y="10"/>
						</Size>
						<Anchors>
							<Anchor point="TOP" relativePoint="TOP" relativeTo="$parent_PetHealthBar">
								<Offset>
									<AbsDimension x="0" y="0"/>
								</Offset>
							</Anchor>
						</Anchors>
						<Scripts>
							<OnLoad>
								this:RegisterForClicks("AnyUp");
								this:RegisterForDrag("LeftButton");
								Perl_Party_Pet_CastClickOverlay_OnLoad();
							</OnLoad>
							<OnEnter>
								Perl_Party_Pet_HealthShow(this:GetParent():GetParent());
							</OnEnter>
							<OnLeave>
								Perl_Party_Pet_HealthHide(this:GetParent():GetParent());
							</OnLeave>
							<OnDragStart>
								Perl_Party_DragStart(arg1);
							</OnDragStart>
							<OnDragStop>
								Perl_Party_DragStop(arg1);
							</OnDragStop>
						</Scripts>
					</Button>

				</Frames>
			</Frame>


			<!-- Buffs Frame -->
			<Frame name="$parent_BuffFrame" frameStrata="BACKGROUND">
				<Size>
					<AbsDimension x="100" y="60"/>
				</Size>
				<Anchors>
					<Anchor point="TOPLEFT" relativePoint="BOTTOMLEFT" relativeTo="$parent_StatsFrame">
						<Offset>
							<AbsDimension x="-27" y="5"/>
						</Offset>
					</Anchor>
				</Anchors>
				<Frames>
					<Button name="$parent_Buff1" inherits="Perl_Party_BuffTemplate" id="1">
						<Anchors>
							<Anchor point="TOPLEFT">
								<Offset>
									<AbsDimension x="0" y="-5"/>
								</Offset>
							</Anchor>
						</Anchors>
					</Button>

					<Button name="$parent_Buff2" inherits="Perl_Party_BuffTemplate" id="2">
						<Anchors>
							<Anchor point="TOPLEFT" relativeTo="$parent_Buff1" relativePoint="TOPRIGHT">
								<Offset>
									<AbsDimension x="5" y="0"/>
								</Offset>
							</Anchor>
						</Anchors>
					</Button>

					<Button name="$parent_Buff3" inherits="Perl_Party_BuffTemplate" id="3">
						<Anchors>
							<Anchor point="TOPLEFT" relativeTo="$parent_Buff2" relativePoint="TOPRIGHT">
								<Offset>
									<AbsDimension x="5" y="0"/>
								</Offset>
							</Anchor>
						</Anchors>
					</Button>

					<Button name="$parent_Buff4" inherits="Perl_Party_BuffTemplate" id="4">
						<Anchors>
							<Anchor point="TOPLEFT" relativeTo="$parent_Buff3" relativePoint="TOPRIGHT">
								<Offset>
									<AbsDimension x="5" y="0"/>
								</Offset>
							</Anchor>
						</Anchors>
					</Button>

					<Button name="$parent_Buff5" inherits="Perl_Party_BuffTemplate" id="5">
						<Anchors>
							<Anchor point="TOPLEFT" relativeTo="$parent_Buff4" relativePoint="TOPRIGHT">
								<Offset>
									<AbsDimension x="5" y="0"/>
								</Offset>
							</Anchor>
						</Anchors>
					</Button>

					<Button name="$parent_Buff6" inherits="Perl_Party_BuffTemplate" id="6">
						<Anchors>
							<Anchor point="TOPLEFT" relativeTo="$parent_Buff5" relativePoint="TOPRIGHT">
								<Offset>
									<AbsDimension x="5" y="0"/>
								</Offset>
							</Anchor>
						</Anchors>
					</Button>

					<Button name="$parent_Buff7" inherits="Perl_Party_BuffTemplate" id="7">
						<Anchors>
							<Anchor point="TOPLEFT" relativeTo="$parent_Buff6" relativePoint="TOPRIGHT">
								<Offset>
									<AbsDimension x="5" y="0"/>
								</Offset>
							</Anchor>
						</Anchors>
					</Button>

					<Button name="$parent_Buff8" inherits="Perl_Party_BuffTemplate" id="8">
						<Anchors>
							<Anchor point="TOPLEFT" relativeTo="$parent_Buff7" relativePoint="TOPRIGHT">
								<Offset>
									<AbsDimension x="5" y="0"/>
								</Offset>
							</Anchor>
						</Anchors>
					</Button>

					<Button name="$parent_Buff9" inherits="Perl_Party_BuffTemplate" id="9">
						<Anchors>
							<Anchor point="TOPLEFT" relativeTo="$parent_Buff8" relativePoint="TOPRIGHT">
								<Offset>
									<AbsDimension x="5" y="0"/>
								</Offset>
							</Anchor>
						</Anchors>
					</Button>

					<Button name="$parent_Buff10" inherits="Perl_Party_BuffTemplate" id="10">
						<Anchors>
							<Anchor point="TOPLEFT" relativeTo="$parent_Buff9" relativePoint="TOPRIGHT">
								<Offset>
									<AbsDimension x="5" y="0"/>
								</Offset>
							</Anchor>
						</Anchors>
					</Button>

					<Button name="$parent_Buff11" inherits="Perl_Party_BuffTemplate" id="11">
						<Anchors>
							<Anchor point="TOPLEFT" relativeTo="$parent_Buff10" relativePoint="TOPRIGHT">
								<Offset>
									<AbsDimension x="5" y="0"/>
								</Offset>
							</Anchor>
						</Anchors>
					</Button>

					<Button name="$parent_Buff12" inherits="Perl_Party_BuffTemplate" id="12">
						<Anchors>
							<Anchor point="TOPLEFT" relativeTo="$parent_Buff11" relativePoint="TOPRIGHT">
								<Offset>
									<AbsDimension x="5" y="0"/>
								</Offset>
							</Anchor>
						</Anchors>
					</Button>

					<Button name="$parent_Buff13" inherits="Perl_Party_BuffTemplate" id="13">
						<Anchors>
							<Anchor point="TOPLEFT" relativeTo="$parent_Buff12" relativePoint="TOPRIGHT">
								<Offset>
									<AbsDimension x="5" y="0"/>
								</Offset>
							</Anchor>
						</Anchors>
					</Button>

					<Button name="$parent_Buff14" inherits="Perl_Party_BuffTemplate" id="14">
						<Anchors>
							<Anchor point="TOPLEFT" relativeTo="$parent_Buff13" relativePoint="TOPRIGHT">
								<Offset>
									<AbsDimension x="5" y="0"/>
								</Offset>
							</Anchor>
						</Anchors>
					</Button>

					<Button name="$parent_Buff15" inherits="Perl_Party_BuffTemplate" id="15">
						<Anchors>
							<Anchor point="TOPLEFT" relativeTo="$parent_Buff14" relativePoint="TOPRIGHT">
								<Offset>
									<AbsDimension x="5" y="0"/>
								</Offset>
							</Anchor>
						</Anchors>
					</Button>

					<Button name="$parent_Buff16" inherits="Perl_Party_BuffTemplate" id="16">
						<Anchors>
							<Anchor point="TOPLEFT" relativeTo="$parent_Buff15" relativePoint="TOPRIGHT">
								<Offset>
									<AbsDimension x="5" y="0"/>
								</Offset>
							</Anchor>
						</Anchors>
					</Button>

					<Button name="$parent_Debuff1" inherits="Perl_Party_BuffTemplate" id="17">
						<Anchors>
							<Anchor point="TOPLEFT" relativeTo="$parent_Buff1" relativePoint="BOTTOMLEFT">
								<Offset>
									<AbsDimension x="197" y="74"/> <!-- 197, 74 -->
								</Offset>
							</Anchor>
						</Anchors>
					</Button>

					<Button name="$parent_Debuff2" inherits="Perl_Party_BuffTemplate" id="18">
						<Anchors>
							<Anchor point="TOPLEFT" relativeTo="$parent_Debuff1" relativePoint="TOPRIGHT">
								<Offset>
									<AbsDimension x="5" y="0"/>
								</Offset>
							</Anchor>
						</Anchors>
					</Button>

					<Button name="$parent_Debuff3" inherits="Perl_Party_BuffTemplate" id="19">
						<Anchors>
							<Anchor point="TOPLEFT" relativeTo="$parent_Debuff2" relativePoint="TOPRIGHT">
								<Offset>
									<AbsDimension x="5" y="0"/>
								</Offset>
							</Anchor>
						</Anchors>
					</Button>

					<Button name="$parent_Debuff4" inherits="Perl_Party_BuffTemplate" id="20">
						<Anchors>
							<Anchor point="TOPLEFT" relativeTo="$parent_Debuff3" relativePoint="TOPRIGHT">
								<Offset>
									<AbsDimension x="5" y="0"/>
								</Offset>
							</Anchor>
						</Anchors>
					</Button>

					<Button name="$parent_Debuff5" inherits="Perl_Party_BuffTemplate" id="21">
						<Anchors>
							<Anchor point="TOPLEFT" relativeTo="$parent_Debuff4" relativePoint="TOPRIGHT">
								<Offset>
									<AbsDimension x="5" y="0"/>
								</Offset>
							</Anchor>
						</Anchors>
					</Button>

					<Button name="$parent_Debuff6" inherits="Perl_Party_BuffTemplate" id="22">
						<Anchors>
							<Anchor point="TOPLEFT" relativeTo="$parent_Debuff5" relativePoint="TOPRIGHT">
								<Offset>
									<AbsDimension x="5" y="0"/>
								</Offset>
							</Anchor>
						</Anchors>
					</Button>

					<Button name="$parent_Debuff7" inherits="Perl_Party_BuffTemplate" id="23">
						<Anchors>
							<Anchor point="TOPLEFT" relativeTo="$parent_Debuff6" relativePoint="TOPRIGHT">
								<Offset>
									<AbsDimension x="5" y="0"/>
								</Offset>
							</Anchor>
						</Anchors>
					</Button>

					<Button name="$parent_Debuff8" inherits="Perl_Party_BuffTemplate" id="24">
						<Anchors>
							<Anchor point="TOPLEFT" relativeTo="$parent_Debuff7" relativePoint="TOPRIGHT">
								<Offset>
									<AbsDimension x="5" y="0"/>
								</Offset>
							</Anchor>
						</Anchors>
					</Button>

					<Button name="$parent_Debuff9" inherits="Perl_Party_BuffTemplate" id="25">
						<Anchors>
							<Anchor point="TOPLEFT" relativeTo="$parent_Debuff8" relativePoint="TOPRIGHT">
								<Offset>
									<AbsDimension x="5" y="0"/>
								</Offset>
							</Anchor>
						</Anchors>
					</Button>

					<Button name="$parent_Debuff10" inherits="Perl_Party_BuffTemplate" id="26">
						<Anchors>
							<Anchor point="TOPLEFT" relativeTo="$parent_Debuff9" relativePoint="TOPRIGHT">
								<Offset>
									<AbsDimension x="5" y="0"/>
								</Offset>
							</Anchor>
						</Anchors>
					</Button>

					<Button name="$parent_Debuff11" inherits="Perl_Party_BuffTemplate" id="27">
						<Anchors>
							<Anchor point="TOPLEFT" relativeTo="$parent_Debuff10" relativePoint="TOPRIGHT">
								<Offset>
									<AbsDimension x="5" y="0"/>
								</Offset>
							</Anchor>
						</Anchors>
					</Button>

					<Button name="$parent_Debuff12" inherits="Perl_Party_BuffTemplate" id="28">
						<Anchors>
							<Anchor point="TOPLEFT" relativeTo="$parent_Debuff11" relativePoint="TOPRIGHT">
								<Offset>
									<AbsDimension x="5" y="0"/>
								</Offset>
							</Anchor>
						</Anchors>
					</Button>

					<Button name="$parent_Debuff13" inherits="Perl_Party_BuffTemplate" id="29">
						<Anchors>
							<Anchor point="TOPLEFT" relativeTo="$parent_Debuff12" relativePoint="TOPRIGHT">
								<Offset>
									<AbsDimension x="5" y="0"/>
								</Offset>
							</Anchor>
						</Anchors>
					</Button>

					<Button name="$parent_Debuff14" inherits="Perl_Party_BuffTemplate" id="30">
						<Anchors>
							<Anchor point="TOPLEFT" relativeTo="$parent_Debuff13" relativePoint="TOPRIGHT">
								<Offset>
									<AbsDimension x="5" y="0"/>
								</Offset>
							</Anchor>
						</Anchors>
					</Button>

					<Button name="$parent_Debuff15" inherits="Perl_Party_BuffTemplate" id="31">
						<Anchors>
							<Anchor point="TOPLEFT" relativeTo="$parent_Debuff14" relativePoint="TOPRIGHT">
								<Offset>
									<AbsDimension x="5" y="0"/>
								</Offset>
							</Anchor>
						</Anchors>
					</Button>

					<Button name="$parent_Debuff16" inherits="Perl_Party_BuffTemplate" id="32">
						<Anchors>
							<Anchor point="TOPLEFT" relativeTo="$parent_Debuff15" relativePoint="TOPRIGHT">
								<Offset>
									<AbsDimension x="5" y="0"/>
								</Offset>
							</Anchor>
						</Anchors>
					</Button>
					<!-- End buttons -->
				</Frames>
			</Frame>
		</Frames>
	</Frame>


	<!-- The Real Frames -->
	<Frame name="Perl_Party_Frame" frameStrata="LOW" toplevel="true" movable="true" parent="UIParent">
		<Size>
			<AbsDimension x="225" y="42"/>
		</Size>
		<Anchors>
			<Anchor point="TOPLEFT">
				<Offset>
					<AbsDimension x="-7" y="-187"/>
				</Offset>
			</Anchor>
		</Anchors>
		<Frames>
			<!--
			<Frame name="Perl_Party_Background">
				<Size>
					<AbsDimension x="225" y="42"/>
				</Size>
				<Anchors>
					<Anchor point="TOPLEFT">
						<Offset>
							<AbsDimension x="0" y="0"/>
						</Offset>
					</Anchor>
				</Anchors>
				<Backdrop bgFile="Interface\AddOns\Perl_Config\Perl_Black" edgeFile="Interface\Tooltips\UI-Tooltip-Border" tile="true">
					<EdgeSize>
						<AbsValue val="16"/>
					</EdgeSize>
					<TileSize>
						<AbsValue val="16"/>
					</TileSize>
					<BackgroundInsets>
						<AbsInset left="5" right="5" top="5" bottom="5"/>
					</BackgroundInsets>
				</Backdrop>
			</Frame>
			-->
			<Frame name="Perl_Party_MemberFrame1" inherits="Perl_Party_FrameTemplate" hidden="true" id="1">
				<Anchors>
					<Anchor point="TOPLEFT" relativeTo="Perl_Party_Frame">
						<Offset>
							<AbsDimension x="5" y="-5"/>
						</Offset>
					</Anchor>
				</Anchors>
			</Frame>
			<Frame name="Perl_Party_MemberFrame2" inherits="Perl_Party_FrameTemplate" hidden="true" id="2">
				<Anchors>
					<Anchor point="TOPLEFT" relativeTo="Perl_Party_MemberFrame1">
						<Offset>
							<AbsDimension x="0" y="-80"/>
						</Offset>
					</Anchor>
				</Anchors>
			</Frame>
			<Frame name="Perl_Party_MemberFrame3" inherits="Perl_Party_FrameTemplate" hidden="true" id="3">
				<Anchors>
					<Anchor point="TOPLEFT" relativeTo="Perl_Party_MemberFrame2">
						<Offset>
							<AbsDimension x="0" y="-80"/>
						</Offset>
					</Anchor>
				</Anchors>
			</Frame>
			<Frame name="Perl_Party_MemberFrame4" inherits="Perl_Party_FrameTemplate" hidden="true" id="4">
				<Anchors>
					<Anchor point="TOPLEFT" relativeTo="Perl_Party_MemberFrame3">
						<Offset>
							<AbsDimension x="0" y="-80"/>
						</Offset>
					</Anchor>
				</Anchors>
			</Frame>
		</Frames>
	</Frame>

	<Frame name="Perl_Party_1_HealthBar_Fade_OnUpdate_Frame" movable="true" parent="UIParent" hidden="true" enableMouse="true">
		<Scripts>
			<OnUpdate>
				Perl_Party_One_HealthBar_Fade(arg1);
			</OnUpdate>
		</Scripts>
	</Frame>

	<Frame name="Perl_Party_2_HealthBar_Fade_OnUpdate_Frame" movable="true" parent="UIParent" hidden="true" enableMouse="true">
		<Scripts>
			<OnUpdate>
				Perl_Party_Two_HealthBar_Fade(arg1);
			</OnUpdate>
		</Scripts>
	</Frame>

	<Frame name="Perl_Party_3_HealthBar_Fade_OnUpdate_Frame" movable="true" parent="UIParent" hidden="true" enableMouse="true">
		<Scripts>
			<OnUpdate>
				Perl_Party_Three_HealthBar_Fade(arg1);
			</OnUpdate>
		</Scripts>
	</Frame>

	<Frame name="Perl_Party_4_HealthBar_Fade_OnUpdate_Frame" movable="true" parent="UIParent" hidden="true" enableMouse="true">
		<Scripts>
			<OnUpdate>
				Perl_Party_Four_HealthBar_Fade(arg1);
			</OnUpdate>
		</Scripts>
	</Frame>

	<Frame name="Perl_Party_1_ManaBar_Fade_OnUpdate_Frame" movable="true" parent="UIParent" hidden="true" enableMouse="true">
		<Scripts>
			<OnUpdate>
				Perl_Party_One_ManaBar_Fade(arg1);
			</OnUpdate>
		</Scripts>
	</Frame>

	<Frame name="Perl_Party_2_ManaBar_Fade_OnUpdate_Frame" movable="true" parent="UIParent" hidden="true" enableMouse="true">
		<Scripts>
			<OnUpdate>
				Perl_Party_Two_ManaBar_Fade(arg1);
			</OnUpdate>
		</Scripts>
	</Frame>

	<Frame name="Perl_Party_3_ManaBar_Fade_OnUpdate_Frame" movable="true" parent="UIParent" hidden="true" enableMouse="true">
		<Scripts>
			<OnUpdate>
				Perl_Party_Three_ManaBar_Fade(arg1);
			</OnUpdate>
		</Scripts>
	</Frame>

	<Frame name="Perl_Party_4_ManaBar_Fade_OnUpdate_Frame" movable="true" parent="UIParent" hidden="true" enableMouse="true">
		<Scripts>
			<OnUpdate>
				Perl_Party_Four_ManaBar_Fade(arg1);
			</OnUpdate>
		</Scripts>
	</Frame>

	<Frame name="Perl_Party_1_PetHealthBar_Fade_OnUpdate_Frame" movable="true" parent="UIParent" hidden="true" enableMouse="true">
		<Scripts>
			<OnUpdate>
				Perl_Party_One_PetHealthBar_Fade(arg1);
			</OnUpdate>
		</Scripts>
	</Frame>

	<Frame name="Perl_Party_2_PetHealthBar_Fade_OnUpdate_Frame" movable="true" parent="UIParent" hidden="true" enableMouse="true">
		<Scripts>
			<OnUpdate>
				Perl_Party_Two_PetHealthBar_Fade(arg1);
			</OnUpdate>
		</Scripts>
	</Frame>

	<Frame name="Perl_Party_3_PetHealthBar_Fade_OnUpdate_Frame" movable="true" parent="UIParent" hidden="true" enableMouse="true">
		<Scripts>
			<OnUpdate>
				Perl_Party_Three_PetHealthBar_Fade(arg1);
			</OnUpdate>
		</Scripts>
	</Frame>

	<Frame name="Perl_Party_4_PetHealthBar_Fade_OnUpdate_Frame" movable="true" parent="UIParent" hidden="true" enableMouse="true">
		<Scripts>
			<OnUpdate>
				Perl_Party_Four_PetHealthBar_Fade(arg1);
			</OnUpdate>
		</Scripts>
	</Frame>

	<Frame name="Perl_Party_Script_Frame" movable="true" parent="UIParent" hidden="false" enableMouse="true">
		<Scripts>
			<OnLoad>
				Perl_Party_Script_OnLoad(self);
			</OnLoad>
		</Scripts>
	</Frame>
</Ui>
