<Bindings>
	<Binding name="GQUICKLOOKB"  runOnUp="true" header="GARQUICKLOOK">
		if ( keystate == "down" ) then
               GAR_LOOK_DEG = GAR_LOOK_DEG + 180;
               FlipCameraYaw(180);
		else
               FlipCameraYaw(GAR_LOOK_DEG);
               GAR_LOOK_DEG = 0;
		end
	</Binding>
	<Binding name="GQUICKLOOKR"  runOnUp="true">
		if ( keystate == "down" ) then
               GAR_LOOK_DEG = GAR_LOOK_DEG + 90;
               FlipCameraYaw(-90);
		else
               FlipCameraYaw(GAR_LOOK_DEG);
               GAR_LOOK_DEG = 0;
		end
	</Binding>
	<Binding name="GQUICKLOOKL"  runOnUp="true">
		if ( keystate == "down" ) then
               GAR_LOOK_DEG = GAR_LOOK_DEG - 90;
               FlipCameraYaw(90);
		else
               FlipCameraYaw(GAR_LOOK_DEG);
               GAR_LOOK_DEG = 0;
		end
	</Binding>
	<Binding name="GQUICKLOOKRESET"  runOnUp="false">
     	FlipCameraYaw(GAR_LOOK_DEG);
     	GAR_LOOK_DEG = 0;
	</Binding>
</Bindings>
