<Ui xmlns="http://www.blizzard.com/wow/ui/" xmlns:xsi="http://www.w3.org/2001/XMLSchema-instance" xsi:schemaLocation="http://www.blizzard.com/wow/ui/
..\FrameXML\UI.xsd">

<Script file="Libs\LibStub\LibStub.lua"/>
<Script file="libs\AceLibrary\AceLibrary.lua"/>
<Script file="libs\CallbackHandler-1.0\CallbackHandler-1.0.lua"/>
<Script file="libs\AceOO-2.0\AceOO-2.0.lua"/>
<Script file="libs\AceDB-2.0\AceDB-2.0.lua"/>
<Script file="libs\AceDB-3.0\AceDB-3.0.lua"/>
<Script file="libs\AceEvent-2.0\AceEvent-2.0.lua"/>
<Script file="libs\AceEvent-3.0\AceEvent-3.0.lua"/>
<Script file="libs\AceConsole-2.0\AceConsole-2.0.lua"/>
<Script file="libs\AceConsole-3.0\AceConsole-3.0.lua"/>
<Script file="libs\AceAddon-3.0\AceAddon-3.0.lua"/>
<Script file="libs\AceAddon-2.0\AceAddon-2.0.lua"/>
<Include file="Libs\AceBucket-3.0\AceBucket-3.0.xml"/>
<Include file="Libs\AceComm-3.0\AceComm-3.0.xml"/>
<Include file="Libs\AceTimer-3.0\AceTimer-3.0.xml"/>
<Include file="Libs\AceSerializer-3.0\AceSerializer-3.0.xml"/>
<Include file="libs\LibDogTag-3.0\lib.xml"/>
<Include file="libs\LibDogTag-Unit-3.0\lib.xml"/>
<Include file="libs\LibDruidMana-1.0\lib.xml"/>
<Script file="libs\LibRangeCheck-2.0\LibRangeCheck-2.0.lua"/>
<Include file="libs\LibSharedMedia-3.0\lib.xml"/>
<Script file="libs\Deformat-2.0\Deformat-2.0.lua"/>
<Include file="libs\Threat-2.0\lib.xml"/>
<Script file="libs\Waterfall-1.0\Waterfall-1.0.lua"/>

</Ui>
