<UI xmlns="http://www.blizzard.com/wow/ui/" xmlns:xsi="http://www.w3.org/2001/XMLSchema-instance" xsi:schemaLocation="http://www.blizzard.com/wow/ui/">
	<Script file="spellBox.lua" /> 

	<Frame name="CoolLevelUp_SpellBoxTemplate" frameStrata="DIALOG" virtual="true">
		<Size>
			<AbsDimension x="384" y="256"/>
		</Size>
		<Scripts>
			<OnLoad>
				CoolLevelUp.SpellBox.OnLoad(this);
			</OnLoad>
			<OnUpdate>
				CoolLevelUp.SpellBox.OnUpdate(this, arg1);
			</OnUpdate>
		</Scripts>
	</Frame>

	<FontString name="CoolLevelUp_TitleTextTemplate" inherits="NumberFontNormalHuge" virtual="true">
		<Size>
			<AbsDimension x="384" y="32"/>
		</Size>
	</FontString>
</UI>