<Ui xmlns="http://www.blizzard.com/wow/ui/" xmlns:xsi="http://www.w3.org/2001/XMLSchema-instance" xsi:schemaLocation="http://www.blizzard.com/wow/ui/
..\FrameXML\UI.xsd">
	<Script file="Perl_ArcaneBar.lua"/>


	<!-- AddOn Frames -->
	<StatusBar name="Perl_ArcaneBar_Template" hidden="true" virtual="true">
		<Size>
			<AbsDimension x="190" y="15"/>
		</Size>
		<Anchors>
			<Anchor point="TOPLEFT">
				<Offset>
					<AbsDimension x="4" y="-5"/>
				</Offset>
			</Anchor>
		</Anchors>
		<Scripts>
			<OnLoad>
				Perl_ArcaneBar_OnLoad(self);
			</OnLoad>
			<OnEvent>
				Perl_ArcaneBar_OnEvent(self, event, arg1)
			</OnEvent>
		</Scripts>
		<BarTexture name="$parentTex" file="Interface\TargetingFrame\UI-StatusBar"/>
		<Layers>
			<Layer level="OVERLAY">
				<Texture name="$parentSpark" file="Interface\AddOns\Perl_ArcaneBar\Perl_ArcaneBarSpark" alphaMode="ADD">
					<Size>
						<AbsDimension x="44" y="44"/>
					</Size>
					<Anchors>
						<Anchor point="CENTER">
							<Offset>
								<AbsDimension x="0" y="0"/>
							</Offset>
						</Anchor>
					</Anchors>
				</Texture>
				<FontString name="$parent_CastTime" inherits="GameFontHighlight">
					<Anchors>
						<Anchor point="LEFT" relativeTo="Perl_Player_NameFrame" relativePoint="RIGHT"/>
					</Anchors>
				</FontString>
			</Layer>
		</Layers>
		<Frames>
			<Frame name="$parent_Flash" hidden="true">
				<Size>
					<AbsDimension x="205" y="40"/>
				</Size>
				<Anchors>
					<Anchor point="CENTER">
						<Offset>
							<AbsDimension x="0" y="0"/>
						</Offset>
					</Anchor>
				</Anchors>
				<Layers>
					<Layer level="BACKGROUND">
						<Texture name="$parentTex" file="Interface\AddOns\Perl_ArcaneBar\Perl_ArcaneBarFlash" alphaMode="ADD">
							<Size>
								<AbsDimension x="240" y="64"/>
							</Size>
						</Texture>
					</Layer>
				</Layers>
			</Frame>
		</Frames>
	</StatusBar>


	<!-- The Real Frames -->
	<StatusBar name="Perl_ArcaneBar_player" inherits="Perl_ArcaneBar_Template" hidden="true">
		<Anchors>
			<Anchor point="TOPLEFT" relativeTo="Perl_Player_NameFrame">
				<Offset>
					<AbsDimension x="4" y="-5"/>
				</Offset>
			</Anchor>
		</Anchors>
	</StatusBar>

	<StatusBar name="Perl_ArcaneBar_target" inherits="Perl_ArcaneBar_Template" hidden="true">
		<Anchors>
			<Anchor point="TOPLEFT" relativeTo="Perl_Target_NameFrame">
				<Offset>
					<AbsDimension x="4" y="-5"/>
				</Offset>
			</Anchor>
		</Anchors>
	</StatusBar>

	<StatusBar name="Perl_ArcaneBar_focus" inherits="Perl_ArcaneBar_Template" hidden="true">
		<Anchors>
			<Anchor point="TOPLEFT" relativeTo="Perl_Focus_NameFrame">
				<Offset>
					<AbsDimension x="4" y="-5"/>
				</Offset>
			</Anchor>
		</Anchors>
	</StatusBar>

	<StatusBar name="Perl_ArcaneBar_party1" inherits="Perl_ArcaneBar_Template" hidden="true">
		<Anchors>
			<Anchor point="TOPLEFT" relativeTo="Perl_Party_MemberFrame1_NameFrame">
				<Offset>
					<AbsDimension x="4" y="-5"/>
				</Offset>
			</Anchor>
		</Anchors>
	</StatusBar>

	<StatusBar name="Perl_ArcaneBar_party2" inherits="Perl_ArcaneBar_Template" hidden="true">
		<Anchors>
			<Anchor point="TOPLEFT" relativeTo="Perl_Party_MemberFrame2_NameFrame">
				<Offset>
					<AbsDimension x="4" y="-5"/>
				</Offset>
			</Anchor>
		</Anchors>
	</StatusBar>

	<StatusBar name="Perl_ArcaneBar_party3" inherits="Perl_ArcaneBar_Template" hidden="true">
		<Anchors>
			<Anchor point="TOPLEFT" relativeTo="Perl_Party_MemberFrame3_NameFrame">
				<Offset>
					<AbsDimension x="4" y="-5"/>
				</Offset>
			</Anchor>
		</Anchors>
	</StatusBar>

	<StatusBar name="Perl_ArcaneBar_party4" inherits="Perl_ArcaneBar_Template" hidden="true">
		<Anchors>
			<Anchor point="TOPLEFT" relativeTo="Perl_Party_MemberFrame4_NameFrame">
				<Offset>
					<AbsDimension x="4" y="-5"/>
				</Offset>
			</Anchor>
		</Anchors>
	</StatusBar>


	<Frame name="Perl_ArcaneBar_Frame_Loaded_Frame" parent="UIParent" hidden="true">
		<Scripts>
			<OnLoad>
				self:RegisterEvent("PLAYER_ENTERING_WORLD");
				self:RegisterEvent("PLAYER_LOGIN");
				self:SetScript("OnEvent", Perl_ArcaneBar_Loaded_Frame_OnEvent);
			</OnLoad>
		</Scripts>
	</Frame>
</Ui>
