<?xml version="1.0" encoding="utf-8"?>
<Ui xmlns:xsi="http://www.w3.org/2001/XMLSchema-instance" xmlns="http://www.blizzard.com/wow/ui/" xsi:schemaLocation="http://www.blizzard.com/wow/ui/
..\FrameXML\UI.xsd">

<Script file="Libs\LibStub\LibStub.lua" />

<Script file="Libs\AceLibrary\AceLibrary.lua" />
<Script file="Libs\AceOO-2.0\AceOO-2.0.lua" />
<Script file="Libs\AceAddon-2.0\AceAddon-2.0.lua" />
<Script file="Libs\AceConsole-2.0\AceConsole-2.0.lua" />
<Script file="Libs\AceEvent-2.0\AceEvent-2.0.lua" />
<Script file="Libs\AceDB-2.0\AceDB-2.0.lua" />
<Script file="Libs\AceModuleCore-2.0\AceModuleCore-2.0.lua" />
<Script file="Libs\AceLocale-2.2\AceLocale-2.2.lua" />

<Script file="Libs\Dewdrop-2.0\Dewdrop-2.0.lua" />
<Script file="Libs\Tablet-2.0\Tablet-2.0.lua" />
<Script file="Libs\FuBarPlugin-2.0\FuBarPlugin-2.0.lua" />
<Script file="Libs\LibPeriodicTable-3.1\LibPeriodicTable-3.1.lua" />
<Script file="Libs\LibPeriodicTable-3.1-InstanceLoot\LibPeriodicTable-3.1-InstanceLoot.lua" />
<Script file="Libs\LibPeriodicTable-3.1-InstanceLootHeroic\LibPeriodicTable-3.1-InstanceLootHeroic.lua" />
<Script file="Libs\LibPeriodicTable-3.1-TradeskillResultMats\LibPeriodicTable-3.1-TradeskillResultMats.lua" />
<Script file="Libs\LibPeriodicTable-3.1-GearSet\LibPeriodicTable-3.1-GearSet.lua" />

</Ui>