<Ui xmlns="http://www.blizzard.com/wow/ui/" xmlns:xsi="http://www.w3.org/2001/XMLSchema-instance" xsi:schemaLocation="http://www.blizzard.com/wow/ui/
..\FrameXML\UI.xsd">

<Script file="HellfireCitadel\Broggok.lua"/>
<Script file="HellfireCitadel\Kelidan.lua"/>
<Script file="HellfireCitadel\Maker.lua"/>
<Script file="HellfireCitadel\Omor.lua"/>
<Script file="HellfireCitadel\Warchief.lua"/>

<Script file="Coilfang\Ahune.lua"/>
<Script file="Coilfang\Ghaz'an.lua"/>
<Script file="Coilfang\Hungarfen.lua"/>
<Script file="Coilfang\Kalithresh.lua"/>
<Script file="Coilfang\Mennu.lua"/>
<Script file="Coilfang\Quagmirran.lua"/>
<Script file="Coilfang\Rokmar.lua"/>
<Script file="Coilfang\Stalker.lua"/>
<Script file="Coilfang\Steamrigger.lua"/>
<Script file="Coilfang\Thespia.lua"/>

<Script file="Auchindoun\Blackheart.lua"/>
<Script file="Auchindoun\Hellmaw.lua"/>
<Script file="Auchindoun\Ikiss.lua"/>
<Script file="Auchindoun\Maladaar.lua"/>
<Script file="Auchindoun\Murmur.lua"/>
<Script file="Auchindoun\Pandemonius.lua"/>
<Script file="Auchindoun\Shirrak.lua"/>
<Script file="Auchindoun\Syth.lua"/>
<Script file="Auchindoun\Tavarok.lua"/>
<Script file="Auchindoun\Vorpil.lua"/>

<Script file="TempestKeep\Capacitus.lua"/>
<Script file="TempestKeep\Dalliah.lua"/>
<Script file="TempestKeep\Freywinn.lua"/>
<Script file="TempestKeep\Ironhand.lua"/>
<Script file="TempestKeep\Laj.lua"/>
<Script file="TempestKeep\Pathaleon.lua"/>
<Script file="TempestKeep\Skyriss.lua"/>
<Script file="TempestKeep\Soccothrates.lua"/>
<Script file="TempestKeep\Thorngrin.lua"/>
<Script file="TempestKeep\Zereketh.lua"/>
<Script file="TempestKeep\Sarannis.lua"/>
<Script file="TempestKeep\Splinter.lua"/>

<Script file="CoT\BlackMorass.lua"/>

<Script file="MagistersTerrace\SelinFireheart.lua"/>
<Script file="MagistersTerrace\Vexallus.lua"/>
<Script file="MagistersTerrace\PriestessDelrissa.lua"/>
<Script file="MagistersTerrace\Kael'thasSunstrider.lua"/>
</Ui>
