<Ui xmlns="http://www.blizzard.com/wow/ui/" xmlns:xsi="http://www.w3.org/2001/XMLSchema-instance" xsi:schemaLocation="http://www.blizzard.com/wow/ui/ ..\FrameXML\UI.xsd">
    <Script file="SolacePartyBuffs.lua" />
    <Script file="SolacePartyBuffsLocal.lua" />
    <Script file="SolaceTargetFrame.lua" />
    <Script file="SolaceTargetFrameLocal.lua" />
    
    <Button name="SolacePartyDebuffButtonTemplate" virtual="true">
        <Size>
            <AbsDimension x="15" y="15"/>
        </Size>
        <Layers>
            <Layer level="ARTWORK">
                <Texture name="$parentIcon" setAllPoints="true"/>
            </Layer>
            <Layer level="OVERLAY">
                <Texture name="$parentBorder" file="Interface\Buttons\UI-Debuff-Overlays">
                    <Size>
                        <AbsDimension x="17" y="17"/>
                    </Size>
                    <Anchors>
                        <Anchor point="CENTER">
                            <Offset>
                                <AbsDimension x="0" y="0"/>
                            </Offset>
                        </Anchor>
                    </Anchors>
                    <TexCoords left="0.296875" right="0.5703125" top="0" bottom="0.515625"/>
                </Texture>
                <FontString name="$parentCount" inherits="NumberFontNormalSmall">
                    <Anchors>
                        <Anchor point="BOTTOMRIGHT">
                            <Offset>
                                <AbsDimension x="-1" y="0"/>
                            </Offset>
                        </Anchor>
                    </Anchors>
                </FontString>
            </Layer>
        </Layers>
        <Frames>
            <Cooldown name="$parentCooldown" inherits="CooldownFrameTemplate" reverse="true" hidden="true">
                <Anchors>
                    <Anchor point="CENTER">
                        <Offset>
                            <AbsDimension x="0" y="-1"/>
                        </Offset>
                    </Anchor>
                </Anchors>
            </Cooldown>
        </Frames>
        <Scripts>
            <OnEnter>
                GameTooltip:SetOwner(this, "ANCHOR_RIGHT");
                GameTooltip:SetUnitDebuff("party"..this:GetParent():GetID(), this:GetID());
            </OnEnter>
            <OnLeave>
                GameTooltip:Hide();
            </OnLeave>
        </Scripts>
    </Button>
   
    <Button name="SolacePartyBuffButtonTemplate" virtual="true">
        <Size>
            <AbsDimension x="15" y="15"/>
        </Size>
        <Layers>
            <Layer level="ARTWORK">
                <Texture name="$parentIcon" setAllPoints="true"/>
            </Layer>
            <Layer level="OVERLAY">
                <FontString name="$parentCount" inherits="NumberFontNormalSmall">
                    <Anchors>
                        <Anchor point="BOTTOMRIGHT">
                            <Offset>
                                <AbsDimension x="2" y="0"/>
                            </Offset>
                        </Anchor>
                    </Anchors>
                </FontString>
            </Layer>
        </Layers>
        <Frames>
            <Cooldown name="$parentCooldown" inherits="CooldownFrameTemplate" reverse="true">
                <Anchors>
                    <Anchor point="CENTER">
                        <Offset>
                            <AbsDimension x="0" y="-1"/>
                        </Offset>
                    </Anchor>
                </Anchors>
            </Cooldown>
        </Frames>
        <Scripts>
            <OnEnter>
                GameTooltip:SetOwner(this, "ANCHOR_RIGHT");
                GameTooltip:SetUnitBuff("party"..this:GetParent():GetID(), this:GetID());
            </OnEnter>
            <OnLeave>
                GameTooltip:Hide();
            </OnLeave>
        </Scripts>
    </Button>
    
    <Button name="SolacePartyMemberFrameTemplate" hidden="false" virtual="true">
        <Size>
            <AbsDimension x="70" y="50"/>
        </Size>
        <Anchors>
            <Anchor point="TOPLEFT">
                <Offset>
                    <AbsDimension x="48" y="-32"/>
                </Offset>
            </Anchor>
        </Anchors>
    </Button>
    <Frame name="SolacePartyBuffs" hidden="true" parent="UIParent">
        <Scripts>
            <OnLoad>
                SPB.onLoad();
            </OnLoad>
            <OnEvent>
                SPB.onEvent(event);
                SolaceTargetFrame_OnEvent(event);
            </OnEvent>
        </Scripts>
    </Frame>
    <Button name="SolacePartyBuffFrame1" hidden="false" inherits="SolacePartyMemberFrameTemplate" parent="PartyMemberFrame1" id="1"/>
    <Button name="SolacePartyBuffFrame2" hidden="false" inherits="SolacePartyMemberFrameTemplate" parent="PartyMemberFrame2" id="2"/>
    <Button name="SolacePartyBuffFrame3" hidden="false" inherits="SolacePartyMemberFrameTemplate" parent="PartyMemberFrame3" id="3"/>
    <Button name="SolacePartyBuffFrame4" hidden="false" inherits="SolacePartyMemberFrameTemplate" parent="PartyMemberFrame4" id="4"/>
</Ui>