<Ui xmlns="http://www.blizzard.com/wow/ui/" xmlns:xsi="http://www.w3.org/2001/XMLSchema-instance" xsi:schemaLocation="http://www.blizzard.com/wow/ui/
..\FrameXML\UI.xsd">

	<Frame name="NeedToKnow_GroupOptionsTemplate" virtual="true">
		<Size>
			<AbsDimension x="128" y="26"/>
		</Size>
		<Frames>
			<CheckButton name="$parentEnableButton" inherits="InterfaceOptionsCheckButtonTemplate">
				<Anchors>				
					<Anchor point="LEFT" relativeTo="$parent" relativePoint="LEFT" />
				</Anchors>
				<HitRectInsets>
					<AbsInset left="0" right="-70" top="0" bottom="0"/>
				</HitRectInsets>
				<Scripts>
					<OnLoad>
						local text = getglobal(self:GetName().."Text");
						text:SetText(NEEDTOKNOW.UIPANEL_BARGROUP..self:GetParent():GetID());
					</OnLoad>
					<OnClick>
						NeedToKnow.GroupEnableButton_OnClick(self);
					</OnClick>
					<OnEnter>
						GameTooltip:SetOwner(this, "ANCHOR_TOPLEFT");
						GameTooltip:SetText(NEEDTOKNOW.UIPANEL_TOOLTIP_ENABLEGROUP, nil, nil, nil, nil, 1);
					</OnEnter>
					<OnLeave>
						GameTooltip:Hide();
					</OnLeave>
				</Scripts>
			</CheckButton>
			<Frame name="$parentNumberbarsWidget">
				<Size>
					<AbsDimension x="64" y="32"/>
				</Size>
				<Anchors>
					<Anchor point="CENTER" relativeTo="$parent" relativePoint="LEFT">
						<Offset>
							<AbsDimension x="125" y="0"/>
						</Offset>
					</Anchor>
				</Anchors>
				<Layers>
					<Layer level="BACKGROUND">
						<FontString name="$parentText" inherits="GameFontHighlight" justifyH="CENTER" text="X">
							<Anchors>
								<Anchor point="CENTER" relativeTo="$parent" relativePoint="CENTER" />
							</Anchors>
						</FontString>
					</Layer>
				</Layers>
				<Frames>
					<Button name="$parentLeftButton">
						<Size>
							<AbsDimension x="20" y="20"/>
						</Size>
						<Anchors>
							<Anchor point="RIGHT" relativeTo="$parent" relativePoint="CENTER">
								<Offset>
									<AbsDimension x="-8" y="0"/>
								</Offset>
							</Anchor>
						</Anchors>
						<Scripts>
							<OnClick>
								NeedToKnow.NumberbarsButton_OnClick(self, -1);
							</OnClick>
						</Scripts>
						<NormalTexture file="Interface\Buttons\UI-SpellbookIcon-PrevPage-Up"/>
						<PushedTexture file="Interface\Buttons\UI-SpellbookIcon-PrevPage-Down"/>
						<DisabledTexture file="Interface\Buttons\UI-SpellbookIcon-PrevPage-Disabled"/>
						<HighlightTexture file="Interface\Buttons\UI-Common-MouseHilight" alphaMode="ADD"/>
					</Button>
					<Button name="$parentRightButton">
						<Size>
							<AbsDimension x="20" y="20"/>
						</Size>
						<Anchors>
							<Anchor point="LEFT" relativeTo="$parent" relativePoint="CENTER">
								<Offset>
									<AbsDimension x="8" y="0"/>
								</Offset>
							</Anchor>
						</Anchors>
						<Scripts>
							<OnClick>
								NeedToKnow.NumberbarsButton_OnClick(self, 1);
							</OnClick>
						</Scripts>
						<NormalTexture file="Interface\Buttons\UI-SpellbookIcon-NextPage-Up"/>
						<PushedTexture file="Interface\Buttons\UI-SpellbookIcon-NextPage-Down"/>
						<DisabledTexture file="Interface\Buttons\UI-SpellbookIcon-NextPage-Disabled"/>
						<HighlightTexture file="Interface\Buttons\UI-Common-MouseHilight" alphaMode="ADD"/>
					</Button>
				</Frames>
			</Frame>
		</Frames>
	</Frame>

	<Frame name="InterfaceOptionsNeedToKnowPanel" hidden="true" parent="InterfaceOptionsFramePanelContainer">
		<Layers>
			<Layer level="ARTWORK">
				<FontString name="$parentTitle" text="NeedToKnow" inherits="GameFontNormalLarge" justifyH="LEFT" justifyV="TOP">
					<Anchors>
						<Anchor point="TOPLEFT">
							<Offset>
								<AbsDimension x="16" y="-16"/>
							</Offset>
						</Anchor>
					</Anchors>
				</FontString>
				<FontString name="$parentVersion" inherits="GameFontNormalLarge" justifyH="LEFT" justifyV="TOP">
					<Anchors>
						<Anchor point="LEFT" relativeTo="$parentTitle" relativePoint="RIGHT">
							<Offset>
								<AbsDimension x="6" y="-0"/>
							</Offset>
						</Anchor>
					</Anchors>
				</FontString>
				<FontString name="$parentSubText1" inherits="GameFontHighlightSmall" nonspacewrap="true" maxLines="3" justifyH="LEFT" justifyV="TOP">
					<Size>
						<AbsDimension y="30" x="0"/>
					</Size>
					<Anchors>
						<Anchor point="TOPLEFT" relativeTo="$parentTitle" relativePoint="BOTTOMLEFT">
							<Offset>
								<AbsDimension x="0" y="-8"/>
							</Offset>
						</Anchor>
						<Anchor point="RIGHT">
							<Offset>
								<AbsDimension x="-24" y="0"/>
							</Offset>
						</Anchor>
					</Anchors>
				</FontString>
				<FontString name="$parentSubText2" inherits="GameFontHighlightSmall" nonspacewrap="false" justifyH="LEFT" justifyV="TOP">
					<Size>
						<AbsDimension x="0" y="64"/>
					</Size>
					<Anchors>
						<Anchor point="TOPLEFT" relativeTo="$parent" relativePoint="BOTTOMLEFT">
							<Offset>
								<AbsDimension x="128" y="80"/>
							</Offset>
						</Anchor>
						<Anchor point="RIGHT">
							<Offset>
								<AbsDimension x="-24" y="0"/>
							</Offset>
						</Anchor>
					</Anchors>
				</FontString>
				<FontString name="$parentNumberbarsLabel" inherits="GameFontNormalSmall">
					<Anchors>
						<Anchor point="BOTTOM" relativeTo="$parentSubText1" relativePoint="BOTTOMLEFT">
							<Offset>
								<AbsDimension x="125" y="-28"/>
							</Offset>
						</Anchor>
					</Anchors>
				</FontString>
			</Layer>
		</Layers>
		<Scripts>
			<OnLoad>
				this.name = "NeedToKnow";
				this.default = NeedToKnow.Reset;
				this.cancel = NeedToKnow.Cancel;
				InterfaceOptions_AddCategory(self);
				NeedToKnow.UIPanel_OnLoad(self);
			</OnLoad>
			<OnShow>
				NeedToKnow_OldSettings = CopyTable(NeedToKnow_Settings);
				NeedToKnow.UIPanel_Update();	
			</OnShow>
		</Scripts>	
		<Frames>
			<Frame name="$parentGroup1" inherits="NeedToKnow_GroupOptionsTemplate" id="1">
				<Anchors>
					<Anchor point="TOPLEFT" relativeTo="$parentSubText1" relativePoint="BOTTOMLEFT">
						<Offset x="0" y="-40"/>
					</Anchor>
				</Anchors>
			</Frame>
			<Frame name="$parentGroup2" inherits="NeedToKnow_GroupOptionsTemplate" id="2">
				<Anchors>
					<Anchor point="TOPLEFT" relativeTo="$parentGroup1" relativePoint="BOTTOMLEFT">
						<Offset x="0" y="-8"/>
					</Anchor>
				</Anchors>
			</Frame>
			<Frame name="$parentGroup3" inherits="NeedToKnow_GroupOptionsTemplate" id="3">
				<Anchors>
					<Anchor point="TOPLEFT" relativeTo="$parentGroup2" relativePoint="BOTTOMLEFT">
						<Offset x="0" y="-8"/>
					</Anchor>
				</Anchors>
			</Frame>
			<Frame name="$parentGroup4" inherits="NeedToKnow_GroupOptionsTemplate" id="4">
				<Anchors>
					<Anchor point="TOPLEFT" relativeTo="$parentGroup3" relativePoint="BOTTOMLEFT">
						<Offset x="0" y="-8"/>
					</Anchor>
				</Anchors>
			</Frame>
			<Frame name="$parentBarTextureDropDown" inherits="UIDropDownMenuTemplate" enableMouse="true">
				<Anchors>
					<Anchor point="TOPLEFT" relativeTo="$parentSubText1" relativePoint="BOTTOMLEFT">
						<Offset>
							<AbsDimension x="175" y="-40"/>
						</Offset>
					</Anchor>
				</Anchors>
				<Layers>
					<Layer level="BACKGROUND">
						<FontString name="$parentLabel" inherits="GameFontHighlight">
							<Anchors>
								<Anchor point="BOTTOMLEFT" relativePoint="TOPLEFT">
									<Offset>
										<AbsDimension x="45" y="3"/>
									</Offset>
								</Anchor>
							</Anchors>
						</FontString>
					</Layer>
				</Layers>
				<Scripts>
					<OnLoad>
						UIDropDownMenu_Initialize(self, NeedToKnow.BarTextureDropDown);
					</OnLoad>
					<OnShow>
						UIDropDownMenu_Initialize(this, NeedToKnow.BarTextureDropDown);
					</OnShow>
				</Scripts>
			</Frame>		
			<Button name="$parentLockUnlockButton" inherits="UIPanelButtonTemplate">
				<Size>
					<AbsDimension x="96" y="22"/>
				</Size>
				<Anchors>
					<Anchor point="TOPRIGHT" relativeTo="$parentSubText2" relativePoint="TOPLEFT">
						<Offset>
							<AbsDimension x="-16" y="0"/>
						</Offset>
					</Anchor>
				</Anchors>
				<Scripts>
					<OnClick>
						PlaySound("gsTitleOptionOK");
						NeedToKnow.LockToggle();
						NeedToKnow.LockUnlockButton_Update();
					</OnClick>
				</Scripts>
				<NormalFont inherits="GameFontNormalSmall"/>
				<HighlightFont inherits="GameFontHighlightSmall"/>				
			</Button>
		</Frames>
	</Frame>

</Ui>
