<Ui xmlns="http://www.blizzard.com/wow/ui/" xmlns:xsi="http://www.w3.org/2001/XMLSchema-instance" xsi:schemaLocation="http://www.blizzard.com/wow/ui/
..\FrameXML\UI.xsd">

<Script file="libs\AceLibrary\AceLibrary.lua"/>
<!-- # AceLocale: AceLibrary -->
<Script file="libs\AceLocale-2.2\AceLocale-2.2.lua"/>
<!-- # Deformat: AceLibrary -->
<Script file="libs\Deformat-2.0\Deformat-2.0.lua"/>
<!-- # TipHooker: AceLibrary -->
<Script file="libs\TipHooker-1.0\TipHooker-1.0.lua"/>
<!-- # AceOO: AceLibrary -->
<Script file="libs\AceOO-2.0\AceOO-2.0.lua"/>
<!-- # Gratuity: AceLibrary, Deformat-2.0 (optional) -->
<Script file="libs\Gratuity-2.0\Gratuity-2.0.lua"/>
<!-- # Babble-Spell: AceLibrary, AceLocale-2.2 -->
<Script file="libs\Babble-Spell-2.2\Babble-Spell-2.2.lua"/>
<!-- # AceConsole: AceLibrary, AceOO -->
<Script file="libs\AceConsole-2.0\AceConsole-2.0.lua"/>
<!-- # AceEvent: AceLibrary, AceOO -->
<Script file="libs\AceEvent-2.0\AceEvent-2.0.lua"/>
<!-- # AceDebug: AceLibrary, AceOO -->
<Script file="libs\AceDebug-2.0\AceDebug-2.0.lua"/>
<!-- # AceDB: AceLibrary, AceOO, AceEvent -->
<Script file="libs\AceDB-2.0\AceDB-2.0.lua"/>
<!-- # AceAddon: AceLibrary, AceOO, AceEvent, AceConsole (optional) -->
<Script file="libs\AceAddon-2.0\AceAddon-2.0.lua"/>
<!-- # StatLogic: AceLibrary, AceLocale-2.2, Babble-Spell-2.2 -->
<Script file="libs\StatLogic-1.0\StatLogic-1.0.lua"/>
<!-- # Waterfall: AceLibrary, AceOO -->
<Script file="libs\Waterfall-1.0\Waterfall-1.0.lua"/>
<!-- # AceHook-2.1: AceOO -->
<Script file="libs\AceHook-2.1\AceHook-2.1.lua"/>
<!-- # StatFrameLib-1.0: AceHook-2.1, AceLibrary, AceOO -->
<Script file="libs\StatFrameLib-1.0\StatFrameLib-1.0.lua"/>

</Ui>
