<Ui xmlns="http://www.blizzard.com/wow/ui/" xmlns:xsi="http://www.w3.org/2001/XMLSchema-instance" xsi:schemaLocation="http://www.blizzard.com/wow/ui/
..\FrameXML\UI.xsd">
	<Script file="Localization\enUS.lua" />
	<Script file="Localization\ruRU.lua" />
	<Script file="Localization\koKR.lua" />
	<Script file="Localization\frFR.lua" />
	<Script file="Localization\zhCN.lua" />
	<Script file="Localization\zhTW.lua" />
	<Script file="Localization\deDE.lua" />
	<Script file="Localization\esES.lua" />	
	<Script file="SingleTarget.lua" />
	<Script file="SingleTarget_Compact.lua" />
	<Script file="SingleTarget_PulloutBar.lua" />
</Ui>