 <Ui xmlns="http://www.blizzard.com/wow/ui/" xmlns:xsi="http://www.w3.org/2001/XMLSchema-instance" xsi:schemaLocation="http://www.blizzard.com/wow/ui/
     ..\FrameXML\UI.xsd">
 <Script file="GrindLoot.lua"/>

	<Slider name="GLoot_SliderTemplate" inherits="OptionsSliderTemplate" virtual="true" minvalue="0" maxvalue="8">
		<Layers>
			<Layer level="ARTWORK">
				<FontString name="$parentValueText" inherits="GameFontNormalSmall">
					<Anchors>
						<Anchor point="TOPLEFT" relativePoint="TOPRIGHT">
							<Offset> <AbsDimension x="2" y="-4"/> </Offset>
						</Anchor>
					</Anchors>
				</FontString>
			</Layer>
		</Layers>
		<Scripts>
			<OnLoad>  
				getglobal(this:GetName().."Low"):Hide();
				getglobal(this:GetName().."High"):Hide();
				this:SetValueStep(1);
				this:SetValue(1);
				GLootLevels[this:GetName()] = 1;
			</OnLoad>
		</Scripts>
	</Slider>


 <Frame name="GrindLootBoxFrame" 
    toplevel="true" parent="UIParent" frameStrata="DIALOG" 
    hidden="true" enableMouse="true">
	<Size><AbsDimension x="200" y="64"/></Size>
	<Anchors><Anchor point="BOTTOMLEFT"><Offset><AbsDimension x="0" y="260"/></Offset></Anchor></Anchors>
	<Backdrop bgFile="Interface\DialogFrame\UI-DialogBox-Background" 
		edgeFile="Interface\DialogFrame\UI-DialogBox-Border" tile="true">
		<BackgroundInsets>
			<AbsInset left="11" right="12" top="12" bottom="11"/>
		</BackgroundInsets>
		<TileSize><AbsValue val="32"/></TileSize>
		<EdgeSize><AbsValue val="32"/></EdgeSize>
	</Backdrop>

	<Layers>
		<Layer level="ARTWORK">
			<Texture file="Interface\DialogFrame\UI-DialogBox-Header">
				<Size><AbsDimension x="250" y="64"/></Size>
				<Anchors>
					<Anchor point="TOP">
					<Offset><AbsDimension x="0" y="12"/></Offset>
					</Anchor>
				</Anchors>
			</Texture>
		</Layer>
		<Layer level="OVERLAY">
			<FontString inherits="GameFontNormal" text="GrindLoot Status">
				<Anchors>
					<Anchor point="TOP" relativeTo="$parent"></Anchor>
				</Anchors>
			</FontString>
		</Layer>
	</Layers>

	<Frames>
	<Button name="GLEnableDisable" inherits="OptionsButtonTemplate" text="Disable">
		<Anchors>
			<Anchor point="BOTTOMRIGHT">
			<Offset><AbsDimension x="-12" y="16"/></Offset>
			</Anchor>
		</Anchors>
		<Scripts>
			<OnClick> GrindLoot_Disable(); </OnClick>
		</Scripts>
	</Button>
	<Button name="GLOpenOptions" inherits="OptionsButtonTemplate" text="Options">
		<Anchors>
			<Anchor point="BOTTOMLEFT">
			<Offset><AbsDimension x="13" y="16"/></Offset>
			</Anchor>
		</Anchors>
		<Scripts>
			<OnClick>GrindLootConfigFrame:Show(); </OnClick>
		</Scripts>
	</Button>	
	</Frames>
	<Scripts>
		<OnShow> GrindLootBoxFrame_OnShow(); </OnShow>
	 	<OnLoad> GrindLootBoxFrame_OnLoad(); </OnLoad>
	 	<OnEvent> GrindLoot_OnEvent(event); </OnEvent>
	</Scripts>
 </Frame>

 <Frame name="GrindLootConfigFrame" 
    toplevel="true" parent="UIParent" frameStrata="DIALOG" 
    hidden="true" enableMouse="true" movable="true">
	 <TitleRegion>
	  <Size>
	   <AbsDimension x="240" y="20"/>
	  </Size>
	  <Anchors>
	   <Anchor point="TOP"/>
	  </Anchors>
	 </TitleRegion>  
	<Size><AbsDimension x="240" y="500"/></Size>
	<Anchors><Anchor point="CENTER"/></Anchors>
	
	<Backdrop bgFile="Interface\DialogFrame\UI-DialogBox-Background" 
		edgeFile="Interface\DialogFrame\UI-DialogBox-Border" tile="true">
		<BackgroundInsets>
			<AbsInset left="11" right="12" top="12" bottom="11"/>
		</BackgroundInsets>
		<TileSize><AbsValue val="32"/></TileSize>
		<EdgeSize><AbsValue val="32"/></EdgeSize>
	</Backdrop>
	
	<Layers>
		<Layer level="ARTWORK">
			<Texture file="Interface\DialogFrame\UI-DialogBox-Header">
				<Size><AbsDimension x="256" y="64"/></Size>
				<Anchors>
					<Anchor point="TOP">
					<Offset><AbsDimension x="0" y="12"/></Offset>
					</Anchor>
				</Anchors>
			</Texture>
		</Layer>
		<Layer level="OVERLAY">
			<FontString inherits="GameFontNormal" text="GrindLoot Config">
				<Anchors>
					<Anchor point="TOP" relativeTo="$parent"></Anchor>
				</Anchors>
			</FontString>
			
		<FontString name="GrindLootLevel_MetalStoneText" inherits="GameFontNormal" justifyH="LEFT">
			<Anchors>
			<Anchor point="TOPLEFT" relativeTo="$parent"><Offset><AbsDimension x="15" y="-30"/></Offset>
				</Anchor>
			</Anchors>
		</FontString>
		<FontString name="GrindLootLevel_ClothText" inherits="GameFontNormal" justifyH="LEFT">
			<Anchors>
				<Anchor point="TOPLEFT" relativeTo="$parent"><Offset><AbsDimension x="15" y="-65"/></Offset></Anchor>
			</Anchors>
		</FontString>
		<FontString name="GrindLootLevel_ElementalsText" inherits="GameFontNormal" justifyH="LEFT">
			<Anchors>
				<Anchor point="TOPLEFT" relativeTo="$parent"><Offset><AbsDimension x="15" y="-100"/></Offset></Anchor>
			</Anchors>
		</FontString>
		<FontString name="GrindLootLevel_EnchantingText" inherits="GameFontNormal" justifyH="LEFT">
			<Anchors>
				<Anchor point="TOPLEFT" relativeTo="$parent"><Offset><AbsDimension x="15" y="-135"/></Offset></Anchor>
			</Anchors>
		</FontString>		
		
		<FontString name="GrindLootLevel_HerbsText" inherits="GameFontNormal" justifyH="LEFT">
			<Anchors>
				<Anchor point="TOPLEFT" relativeTo="$parent"><Offset><AbsDimension x="15" y="-170"/></Offset></Anchor>
			</Anchors>
		</FontString>
		
		<FontString name="GrindLootLevel_LeatherText" inherits="GameFontNormal" justifyH="LEFT">
			<Anchors>
				<Anchor point="TOPLEFT" relativeTo="$parent"><Offset><AbsDimension x="15" y="-205"/></Offset></Anchor>
			</Anchors>
		</FontString>
		
		<FontString name="GrindLootLevel_MeatText" inherits="GameFontNormal" justifyH="LEFT">
			<Anchors>
				<Anchor point="TOPLEFT" relativeTo="$parent"><Offset><AbsDimension x="15" y="-240"/></Offset></Anchor>
			</Anchors>
		</FontString>		
		
		<FontString name="GrindLootLevel_PotionsText" inherits="GameFontNormal" justifyH="LEFT">
			<Anchors>
				<Anchor point="TOPLEFT" relativeTo="$parent"><Offset><AbsDimension x="15" y="-275"/></Offset></Anchor>
			</Anchors>
		</FontString>
		
		<FontString name="GrindLootLevel_ScrollsText" inherits="GameFontNormal" justifyH="LEFT">
			<Anchors>
				<Anchor point="TOPLEFT" relativeTo="$parent"><Offset><AbsDimension x="15" y="-310"/></Offset></Anchor>
			</Anchors>
		</FontString>		
		
		<FontString name="GrindLootLevel_PickpocketText" inherits="GameFontNormal" justifyH="LEFT">
			<Anchors>
				<Anchor point="TOPLEFT" relativeTo="$parent"><Offset><AbsDimension x="15" y="-345"/></Offset></Anchor>
			</Anchors>
		</FontString>

		<FontString name="GrindLootLevel_RarityText" inherits="GameFontNormal" justifyH="LEFT">
			<Anchors>
				<Anchor point="TOPLEFT" relativeTo="$parent"><Offset><AbsDimension x="15" y="-380"/></Offset></Anchor>
			</Anchors>
		</FontString>
				
		</Layer>
	</Layers>
	
		<Frames>
		<Button name="ButtonENDIS" inherits="OptionsButtonTemplate" text="Enable/Disable">
			<Size><AbsDimension x="120" y="20" /></Size>
			<Anchors>
				<Anchor point="BOTTOM">
				<Offset><AbsDimension x="0" y="36"/></Offset>
				</Anchor>
			</Anchors>
			<Scripts>
				<OnClick> GrindLoot_Disable(); </OnClick>
			</Scripts>
		</Button>
		<Button name="$parentButtonClose" inherits="OptionsButtonTemplate" text="Close">
			<Anchors>
				<Anchor point="BOTTOMRIGHT">
				<Offset><AbsDimension x="-12" y="16"/></Offset>
				</Anchor>
			</Anchors>
			<Scripts>
				<OnClick> GrindLootConfigFrame:Hide(); </OnClick>
			</Scripts>
		</Button>
		<Button name="$parentButtonToDefault" inherits="OptionsButtonTemplate" text="Defaults">
			<Anchors>
				<Anchor point="BOTTOMLEFT">
				<Offset><AbsDimension x="13" y="16"/></Offset>
				</Anchor>
			</Anchors>
			<Scripts>
				<OnClick> GrindLoot_ConfigToDefault(); </OnClick>
			</Scripts>
		</Button>	


		<Slider name="GrindLootLevel_MetalStone" inherits="GLoot_SliderTemplate">
			<Size><AbsDimension x="150" y="20" /></Size>
			<Anchors>
				<Anchor point="TOPLEFT" relativeTo="$parent">
				<Offset><AbsDimension x="20" y="-40"/></Offset>
				</Anchor>
			</Anchors>
			<Scripts>
				<OnValueChanged>
					local nam=this:GetName();
 					local valTxtFrame = getglobal( nam.."ValueText" )
					local lvl = math.floor(this:GetValue());
 					valTxtFrame:SetText( GrindLoot_LevelNames[lvl] );
 					GLootLevels[nam]=lvl;
 				</OnValueChanged>
 			</Scripts>
		</Slider>

		<Slider name="GrindLootLevel_Cloth" inherits="GLoot_SliderTemplate">
			<Size><AbsDimension x="150" y="20" /></Size>
			<Anchors>
				<Anchor point="TOPLEFT" relativeTo="$parent">
				<Offset><AbsDimension x="20" y="-75"/></Offset>
				</Anchor>
			</Anchors>
			<Scripts>
				<OnValueChanged>
					local nam=this:GetName();
 					local valTxtFrame = getglobal( nam.."ValueText" )
					local lvl = math.floor(this:GetValue());
 					valTxtFrame:SetText( GrindLoot_LevelNames[lvl] );
 					GLootLevels[nam]=lvl;
 				</OnValueChanged>
 			</Scripts>
		</Slider>


		<Slider name="GrindLootLevel_Elementals" inherits="GLoot_SliderTemplate">
			<Size><AbsDimension x="150" y="20" /></Size>
			<Anchors>
				<Anchor point="TOPLEFT" relativeTo="$parent">
				<Offset><AbsDimension x="20" y="-110"/></Offset>
				</Anchor>
			</Anchors>
			<Scripts>
				<OnValueChanged>
					local nam=this:GetName();
 					local valTxtFrame = getglobal( nam.."ValueText" )
					local lvl = math.floor(this:GetValue());
 					valTxtFrame:SetText( GrindLoot_LevelNames[lvl] );
 					GLootLevels[nam]=lvl;
 				</OnValueChanged>
 			</Scripts>
		</Slider>

		<Slider name="GrindLootLevel_Enchanting" inherits="GLoot_SliderTemplate">
			<Size><AbsDimension x="150" y="20" /></Size>
			<Anchors>
				<Anchor point="TOPLEFT" relativeTo="$parent">
				<Offset><AbsDimension x="20" y="-145"/></Offset>
				</Anchor>
			</Anchors>
			<Scripts>
				<OnValueChanged>
					local nam=this:GetName();
 					local valTxtFrame = getglobal( nam.."ValueText" )
					local lvl = math.floor(this:GetValue());
 					valTxtFrame:SetText( GrindLoot_LevelNames[lvl] );
 					GLootLevels[nam]=lvl;
 				</OnValueChanged>
 			</Scripts>
		</Slider>


		<Slider name="GrindLootLevel_Herbs" inherits="GLoot_SliderTemplate">
			<Size><AbsDimension x="150" y="20" /></Size>
			<Anchors>
				<Anchor point="TOPLEFT" relativeTo="$parent">
				<Offset><AbsDimension x="20" y="-180"/></Offset>
				</Anchor>
			</Anchors>
			<Scripts>
				<OnValueChanged>
					local nam=this:GetName();
 					local valTxtFrame = getglobal( nam.."ValueText" )
					local lvl = math.floor(this:GetValue());
 					valTxtFrame:SetText( GrindLoot_LevelNames[lvl] );
 					GLootLevels[nam]=lvl;
 				</OnValueChanged>
 			</Scripts>
		</Slider>

		<Slider name="GrindLootLevel_Leather" inherits="GLoot_SliderTemplate">
			<Size><AbsDimension x="150" y="20" /></Size>
			<Anchors>
				<Anchor point="TOPLEFT" relativeTo="$parent">
				<Offset><AbsDimension x="20" y="-215"/></Offset>
				</Anchor>
			</Anchors>
			<Scripts>
				<OnValueChanged>
					local nam=this:GetName();
 					local valTxtFrame = getglobal( nam.."ValueText" )
					local lvl = math.floor(this:GetValue());
 					valTxtFrame:SetText( GrindLoot_LevelNames[lvl] );
 					GLootLevels[nam]=lvl;
 				</OnValueChanged>
 			</Scripts>
		</Slider>



		<Slider name="GrindLootLevel_Meat" inherits="GLoot_SliderTemplate">
			<Size><AbsDimension x="150" y="20" /></Size>
			<Anchors>
				<Anchor point="TOPLEFT" relativeTo="$parent">
				<Offset><AbsDimension x="20" y="-250"/></Offset>
				</Anchor>
			</Anchors>
			<Scripts>
				<OnValueChanged>
					local nam=this:GetName();
 					local valTxtFrame = getglobal( nam.."ValueText" )
					local lvl = math.floor(this:GetValue());
 					valTxtFrame:SetText( GrindLoot_LevelNames[lvl] );
 					GLootLevels[nam]=lvl;
 				</OnValueChanged>
 			</Scripts>
		</Slider>




		<Slider name="GrindLootLevel_Potions" inherits="GLoot_SliderTemplate">
			<Size><AbsDimension x="150" y="20" /></Size>
			<Anchors>
				<Anchor point="TOPLEFT" relativeTo="$parent">
				<Offset><AbsDimension x="20" y="-285"/></Offset>
				</Anchor>
			</Anchors>
			<Scripts>
				<OnValueChanged>
					local nam=this:GetName();
 					local valTxtFrame = getglobal( nam.."ValueText" )
					local lvl = math.floor(this:GetValue());
 					valTxtFrame:SetText( GrindLoot_LevelNames[lvl] );
 					GLootLevels[nam]=lvl;
 				</OnValueChanged>
 			</Scripts>
		</Slider>



		<Slider name="GrindLootLevel_Scrolls" inherits="GLoot_SliderTemplate">
			<Size><AbsDimension x="150" y="20" /></Size>
			<Anchors>
				<Anchor point="TOPLEFT" relativeTo="$parent">
				<Offset><AbsDimension x="20" y="-320"/></Offset>
				</Anchor>
			</Anchors>
			<Scripts>
				<OnValueChanged>
					local nam=this:GetName();
 					local valTxtFrame = getglobal( nam.."ValueText" )
					local lvl = math.floor(this:GetValue());
 					valTxtFrame:SetText( GrindLoot_LevelNames[lvl] );
 					GLootLevels[nam]=lvl;
 				</OnValueChanged>
 			</Scripts>
		</Slider>


		<Slider name="GrindLootLevel_Pickpocket" inherits="GLoot_SliderTemplate">
			<Size><AbsDimension x="150" y="20" /></Size>
			<Anchors>
				<Anchor point="TOPLEFT" relativeTo="$parent">
				<Offset><AbsDimension x="20" y="-355"/></Offset>
				</Anchor>
			</Anchors>
			<Scripts>
				<OnValueChanged>
					local nam=this:GetName();
 					local valTxtFrame = getglobal( nam.."ValueText" )
					local lvl = math.floor(this:GetValue());
 					valTxtFrame:SetText( GrindLoot_LevelNames[lvl] );
 					GLootLevels[nam]=lvl;
 				</OnValueChanged>
 			</Scripts>
		</Slider>

		<Slider name="GrindLootLevel_Rarity" inherits="GLoot_SliderTemplate">
			<Size><AbsDimension x="120" y="20" /></Size>
			<Anchors>
				<Anchor point="TOPLEFT" relativeTo="$parent">
				<Offset><AbsDimension x="20" y="-390"/></Offset>
				</Anchor>
			</Anchors>
			<Scripts>
				<OnValueChanged>
					local nam=this:GetName();
 					local valTxtFrame = getglobal( nam.."ValueText" )
					local lvl = math.floor(this:GetValue());
 					valTxtFrame:SetText( GrindLoot_RarityLevels[lvl] );
 					GLootLevels[nam]=lvl;
					this:SetMinMaxValues(1,6);
 				</OnValueChanged>
 			</Scripts>
		</Slider>

		<CheckButton name="GrindLootGrayWeapon" inherits="OptionsCheckButtonTemplate">
			<Anchors>
				<Anchor point="TOPLEFT" relativeTo="$parent">
				<Offset><AbsDimension x="20" y="-410"/></Offset>
				</Anchor>
			</Anchors>
			<Scripts>
				<OnLoad> getglobal(this:GetName().."Text"):SetText("High level gray weapons"); </OnLoad>
				<OnClick> GrindLootConfigFrame_OnClick(); </OnClick>
			</Scripts>
		</CheckButton>


		</Frames>
	<Scripts>
		<OnShow> GrindLootConfigFrame_OnShow(); </OnShow>
	 	<OnLoad> GrindLootConfigFrame_OnLoad(); </OnLoad>
	</Scripts>
 </Frame>
 </Ui>