<Ui xmlns="http://www.blizzard.com/wow/ui/" xmlns:xsi="http://www.w3.org/2001/XMLSchema-instance" xsi:schemaLocation="http://www.blizzard.com/wow/ui/
..\FrameXML\UI.xsd">

<Script file="libs\AceLibrary\AceLibrary.lua"/>
<Script file="libs\AceOO-2.0\AceOO-2.0.lua"/>
<Script file="libs\AceConsole-2.0\AceConsole-2.0.lua"/>
<script file="libs\AceAddon-2.0\AceAddon-2.0.lua"/>
<Script file="libs\AceEvent-2.0\AceEvent-2.0.lua"/>
<Script file="libs\AceDB-2.0\AceDB-2.0.lua"/>
<script file="libs\AceHook-2.1\AceHook-2.1.lua"/>
<Script file="libs\AceLocale-2.2\AceLocale-2.2.lua"/>

<Include file="libs\LibBabble-Boss-3.0\lib.xml"/>
<Include file="libs\LibBabble-Zone-3.0\lib.xml"/>
<Include file="libs\LibBabble-Class-3.0\lib.xml"/>
<Script file="libs\Babble-Ore-2.2\Babble-Ore-2.2.lua"/>

<script file="libs\LibPeriodicTable-3.1\LibPeriodicTable-3.1.lua"/>
<script file="libs\LibPeriodicTable-3.1-Consumable\LibPeriodicTable-3.1-Consumable.lua"/>
<script file="libs\LibPeriodicTable-3.1-Gear\LibPeriodicTable-3.1-Gear.lua"/>
<script file="libs\LibPeriodicTable-3.1-GearSet\LibPeriodicTable-3.1-GearSet.lua"/>
<script file="libs\LibPeriodicTable-3.1-InstanceLoot\LibPeriodicTable-3.1-InstanceLoot.lua"/>
<script file="libs\LibPeriodicTable-3.1-InstanceLootHeroic\LibPeriodicTable-3.1-InstanceLootHeroic.lua"/>
<script file="libs\LibPeriodicTable-3.1-Misc\LibPeriodicTable-3.1-Misc.lua"/>
<script file="libs\LibPeriodicTable-3.1-Reputation\LibPeriodicTable-3.1-Reputation.lua"/>
<script file="libs\LibPeriodicTable-3.1-Tradeskill\LibPeriodicTable-3.1-Tradeskill.lua"/>
<script file="libs\LibPeriodicTable-3.1-TradeskillResultMats\LibPeriodicTable-3.1-TradeskillResultMats.lua"/>

</Ui>
















