<Ui xmlns="http://www.blizzard.com/wow/ui/"   xmlns:xsi="http://www.w3.org/2001/XMLSchema-instance"   xsi:schemaLocation="http://www.blizzard.com/wow/ui/">
   <Script file="SnapShot.lua"/>

<!-- Frame to handle all core events -->
   <Frame name="snapshot_core">
      <Scripts>
         <OnLoad>
            this:RegisterEvent("VARIABLES_LOADED");
         </OnLoad> 
         <OnEvent> 
	    SnapShot_OnEvent();
         </OnEvent>
      </Scripts>
   </Frame>

	<Button name="SnapShotItemButtonTemplate" virtual="true">
		<Size>
			<AbsDimension x="37" y="37"/>
		</Size>
		<Scripts>
			<OnLoad>
				this:RegisterForClicks("LeftButtonUp", "RightButtonUp");
			</OnLoad>
			<OnShow>
				SnapShotItemButton_OnShow();
			</OnShow>
			<OnClick>
				SnapShotItemButton_OnClick(arg1);
			</OnClick>
			<OnEnter>
				SnapShotItemButton_OnEnter();
			</OnEnter>
			<OnLeave>
				SnapShotItemButton_OnLeave();
			</OnLeave>
		</Scripts>
	</Button>

	<GameTooltip name="SnapShotTooltip" inherits="GameTooltipTemplate" parent="UIParent" hidden="true"/>

	<Frame name="SnapShotFrame" toplevel="true" enableMouse="true" movable="true" parent="UIParent" hidden="true">
		<Size>
			<AbsDimension x="384" y="512"/>
		</Size>
		<Anchors>
 			<Anchor point="TOPLEFT">
 				<Offset>
 					<AbsDimension x="0" y="-104"/>
 				</Offset>
 			</Anchor>
 		</Anchors>
		<Layers>

		<Layer level="BACKGROUND">
			<Texture name="SnapShotFramePortrait">
				<Size>
					<AbsDimension x="60" y="60"/>
				</Size>
				<Anchors>
					<Anchor point="TOPLEFT">
						<Offset>
							<AbsDimension x="7" y="-6"/>
						</Offset>
					</Anchor>
				</Anchors>
			</Texture>
		</Layer>

		<Layer level="BACKGROUND">
			<Texture file="Interface\PaperDollInfoFrame\UI-Character-CharacterTab-L1">
				<Size>
					<AbsDimension x="256" y="256"/>
				</Size>
				<Anchors>
					<Anchor point="TOPLEFT"/>
				</Anchors>
			</Texture>
			<Texture file="Interface\PaperDollInfoFrame\UI-Character-CharacterTab-R1">
				<Size>
					<AbsDimension x="128" y="256"/>
				</Size>
				<Anchors>
					<Anchor point="TOPLEFT">
						<Offset>
							<AbsDimension x="256" y="0"/>
						</Offset>
					</Anchor>
				</Anchors>
			</Texture>
			<Texture file="Interface\PaperDollInfoFrame\UI-Character-CharacterTab-BottomLeft">
				<Size>
					<AbsDimension x="256" y="256"/>
				</Size>
				<Anchors>
					<Anchor point="TOPLEFT">
						<Offset>
							<AbsDimension x="0" y="-256"/>
						</Offset>
					</Anchor>
				</Anchors>
			</Texture>
			<Texture file="Interface\PaperDollInfoFrame\UI-Character-CharacterTab-BottomRight">
				<Size>
					<AbsDimension x="128" y="256"/>
				</Size>
				<Anchors>
					<Anchor point="TOPLEFT">
						<Offset>
							<AbsDimension x="256" y="-256"/>
						</Offset>
					</Anchor>
				</Anchors>
			</Texture>

		<FontString name="SnapShotNameText" inherits="GameFontNormal" text="NAME">
		    <Size>
			<AbsDimension x="260" y="12"/>
		    </Size>
		    <Anchors>
			<Anchor point="TOP">
                            <Offset>
                                <AbsDimension x="10" y="-20"/>
                            </Offset>
			</Anchor>
		    </Anchors>
		    <Color r="1.0" g="1.0" b="1.0"/>
		</FontString>
               <FontString name="SnapShotLevelText" inherits="GameFontNormalSmall" text="Level x">
                    <Anchors>
                        <Anchor point="TOP" relativeTo="SnapShotNameText" relativePoint="BOTTOM">
                            <Offset>
                                <AbsDimension x="0" y="-6"/>
                            </Offset>
                        </Anchor>
                    </Anchors>
                </FontString>
                <FontString name="SnapShotGuildText" inherits="GameFontNormalSmall">
                    <Anchors>
                        <Anchor point="TOP" relativeTo="SnapShotLevelText" relativePoint="BOTTOM">
                            <Offset>
                                <AbsDimension x="0" y="-1"/>
                            </Offset>
                        </Anchor>
                    </Anchors>
                </FontString>
                 <FontString name="SnapShotDateText" inherits="GameFontNormalSmall">
                    <Anchors>
                        <Anchor point="TOP" relativeTo="SnapShotGuildText" relativePoint="BOTTOM">
                            <Offset>
                                <AbsDimension x="0" y="-1"/>
                            </Offset>
                        </Anchor>
                    </Anchors>
                </FontString>
           </Layer>
        </Layers>
		<Frames>

	    
	    
	    
	    
	    
	    
		<DressUpModel name="SnapShot_Model" scale="2.0">
			<Size>
				<AbsDimension x="316" y="351"/>
			</Size>
			<Anchors>
				<Anchor point="TOP">
					<Offset>
						<AbsDimension x="0" y="-50"/>
					</Offset>
				</Anchor>
			</Anchors>
			<Scripts>
			<OnLoad>
			    SnapShotModel_OnLoad();
			</OnLoad>
			<OnUpdate>
				Model_OnUpdate(arg1, this);
			</OnUpdate>
			</Scripts>
			<Frames>
				<Button name="SnapShot_ModelRotateLeftButton">
					<Size>
						<AbsDimension x="35" y="35"/>
					</Size>
					<Anchors>
						<Anchor point="TOPLEFT" relativeTo="SnapShot_Model">
							<Offset>
								<AbsDimension x="31" y="-32"/>
							</Offset>
						</Anchor>
					</Anchors>
					<Scripts>
						<OnLoad>
							this:RegisterForClicks("LeftButtonDown", "LeftButtonUp");
						</OnLoad>
						<OnClick>
							Model_RotateLeft(this:GetParent(), 0.1);
						</OnClick>
					</Scripts>
					<NormalTexture file="Interface\Buttons\UI-RotationLeft-Button-Up"/>
					<PushedTexture file="Interface\Buttons\UI-RotationLeft-Button-Down"/>
					<HighlightTexture file="Interface\Buttons\ButtonHilight-Round" alphaMode="ADD"/>
				</Button>
				<Button name="SnapShot_ModelRotateRightButton">
					<Size>
						<AbsDimension x="35" y="35"/>
					</Size>
					<Anchors>
						<Anchor point="TOPLEFT" relativeTo="SnapShot_ModelRotateLeftButton" relativePoint="TOPRIGHT">
							<Offset>
								<AbsDimension x="-5" y="0"/>
							</Offset>
						</Anchor>
					</Anchors>
					<Scripts>
						<OnLoad>
							this:RegisterForClicks("LeftButtonDown", "LeftButtonUp");
						</OnLoad>
						<OnClick>
							Model_RotateRight(this:GetParent(), 0.1);
						</OnClick>
					</Scripts>
					<NormalTexture file="Interface\Buttons\UI-RotationRight-Button-Up"/>
					<PushedTexture file="Interface\Buttons\UI-RotationRight-Button-Down"/>
					<HighlightTexture file="Interface\Buttons\ButtonHilight-Round" alphaMode="ADD"/>
				</Button>

				<CheckButton name="HatCheckButton" inherits="OptionsCheckButtonTemplate" checked="true">
					<Anchors>
						<Anchor point="TOPLEFT">
							<Offset>
								<AbsDimension x="34" y="-276"></AbsDimension>
							</Offset>
						</Anchor>
					</Anchors>
					<Scripts>
						<OnClick>
							SnapShot_Hat_OnClick();
						</OnClick>
					</Scripts>
				</CheckButton>
				<CheckButton name="CloakCheckButton" inherits="OptionsCheckButtonTemplate" checked="true">
					<Anchors>
						<Anchor point="TOPLEFT" relativeTo="HatCheckButton">
							<Offset>
								<AbsDimension x="0" y="-24"></AbsDimension>
							</Offset>
						</Anchor>
					</Anchors>
					<Scripts>
						<OnClick>
							SnapShot_Cloak_OnClick();
						</OnClick>
					</Scripts>
				</CheckButton>

			</Frames>
		</DressUpModel>

			
			
			
			<Button name="SnapShotFrameCloseButton" inherits="UIPanelCloseButton">
				<Anchors>
					<Anchor point="TOPRIGHT" relativeTo="SnapShotFrame" relativePoint="TOPRIGHT">
						<Offset>
							<AbsDimension x="-29" y="-8"/>
						</Offset>
					</Anchor>
				</Anchors>
			</Button>

			
			<Button name="SnapShotLastButton" text="&lt;" inherits="UIPanelButtonTemplate">
				<Size>
					<AbsDimension x="28" y="18"/>
				</Size>
				<Anchors>
					<Anchor point="TOPLEFT">
						<Offset>
							<AbsDimension x="72" y="-37"/>
						</Offset>
					</Anchor>
				</Anchors>
				<Scripts>
					<OnClick>
						SnapShot_Last();
					</OnClick>
				</Scripts>
			</Button>
			<Button name="SnapShotLast10Button" text="&lt;&lt;" inherits="UIPanelButtonTemplate">
				<Size>
					<AbsDimension x="28" y="18"/>
				</Size>
				<Anchors>
					<Anchor point="TOPLEFT" relativeTo="SnapShotLastButton" relativePoint="BOTTOMLEFT">
						<Offset>
							<AbsDimension x="0" y="1"/>
						</Offset>
					</Anchor>
				</Anchors>
				<Scripts>
					<OnClick>
						SnapShot_Last10();
					</OnClick>
				</Scripts>
			</Button>
			<Button name="SnapShotNextButton" text="&gt;" inherits="UIPanelButtonTemplate">
				<Size>
					<AbsDimension x="28" y="18"/>
				</Size>
				<Anchors>
					<Anchor point="TOPLEFT" relativeTo="SnapShotLastButton" relativePoint="TOPRIGHT">
						<Offset>
							<AbsDimension x="216" y="0"/>
						</Offset>
					</Anchor>
				</Anchors>
				<Scripts>
					<OnClick>
						SnapShot_Next();
					</OnClick>
				</Scripts>
			</Button>
			<Button name="SnapShotNext10Button" text="&gt;&gt;" inherits="UIPanelButtonTemplate">
				<Size>
					<AbsDimension x="28" y="18"/>
				</Size>
				<Anchors>
					<Anchor point="TOPLEFT" relativeTo="SnapShotNextButton" relativePoint="BOTTOMLEFT">
						<Offset>
							<AbsDimension x="0" y="1"/>
						</Offset>
					</Anchor>
				</Anchors>
				<Scripts>
					<OnClick>
						SnapShot_Next10();
					</OnClick>
				</Scripts>
			</Button>
			
			
			<Button name="SnapShotItem1" inherits="SnapShotItemButtonTemplate" id="1">
				<Anchors>
					<Anchor point="TOPLEFT" relativeTo="SnapShotFrame">
						<Offset>
							<AbsDimension x="21" y="-73"/>
						</Offset>
					</Anchor>
				</Anchors>
			</Button>
			<Button name="SnapShotItem2" inherits="SnapShotItemButtonTemplate" id="2">
				<Anchors>
					<Anchor point="TOPLEFT" relativeTo="SnapShotItem1" relativePoint="BOTTOMLEFT">
						<Offset>
							<AbsDimension x="0" y="-4"/>
						</Offset>
					</Anchor>
				</Anchors>
			</Button>
			<Button name="SnapShotItem3" inherits="SnapShotItemButtonTemplate" id="3">
				<Anchors>
					<Anchor point="TOPLEFT" relativeTo="SnapShotItem2" relativePoint="BOTTOMLEFT">
						<Offset>
							<AbsDimension x="0" y="-4"/>
						</Offset>
					</Anchor>
				</Anchors>
			</Button>
			<Button name="SnapShotItem15" inherits="SnapShotItemButtonTemplate" id="15">
				<Anchors>
					<Anchor point="TOPLEFT" relativeTo="SnapShotItem3" relativePoint="BOTTOMLEFT">
						<Offset>
							<AbsDimension x="0" y="-4"/>
						</Offset>
					</Anchor>
				</Anchors>
			</Button>
			<Button name="SnapShotItem5" inherits="SnapShotItemButtonTemplate" id="5">
				<Anchors>
					<Anchor point="TOPLEFT" relativeTo="SnapShotItem15" relativePoint="BOTTOMLEFT">
						<Offset>
							<AbsDimension x="0" y="-4"/>
						</Offset>
					</Anchor>
				</Anchors>
			</Button>
			<Button name="SnapShotItem4" inherits="SnapShotItemButtonTemplate" id="4">
				<Anchors>
					<Anchor point="TOPLEFT" relativeTo="SnapShotItem5" relativePoint="BOTTOMLEFT">
						<Offset>
							<AbsDimension x="0" y="-4"/>
						</Offset>
					</Anchor>
				</Anchors>
			</Button>
			<Button name="SnapShotItem19" inherits="SnapShotItemButtonTemplate" id="19">
				<Anchors>
					<Anchor point="TOPLEFT" relativeTo="SnapShotItem4" relativePoint="BOTTOMLEFT">
						<Offset>
							<AbsDimension x="0" y="-4"/>
						</Offset>
					</Anchor>
				</Anchors>
			</Button>
			<Button name="SnapShotItem9" inherits="SnapShotItemButtonTemplate" id="9">
				<Anchors>
					<Anchor point="TOPLEFT" relativeTo="SnapShotItem19" relativePoint="BOTTOMLEFT">
						<Offset>
							<AbsDimension x="0" y="-4"/>
						</Offset>
					</Anchor>
				</Anchors>
			</Button>

			<!-- The options button -->
			<Button name="SnapShotOptionsButton" text="Options" inherits="UIPanelButtonTemplate">
				<Size>
					<AbsDimension x="76" y="26"/>
				</Size>
				<Anchors>
					<Anchor point="TOPLEFT" relativeTo="SnapShotItem9" relativePoint="BOTTOMLEFT">
						<Offset>
							<AbsDimension x="10" y="-4"/>
						</Offset>
					</Anchor>
				</Anchors>
				<Scripts>
					<OnClick>
						PlaySound("igMainMenuOptionCheckBoxOn");
						OptionsDropDown_OnLoad();						
					</OnClick>
				</Scripts>
			</Button>

			<!-- second row -->
			<Button name="SnapShotItem10" inherits="SnapShotItemButtonTemplate" id="10">
				<Anchors>
					<Anchor point="TOPLEFT" relativeTo="SnapShotFrame">
						<Offset>
							<AbsDimension x="305" y="-73"/>
						</Offset>
					</Anchor>
				</Anchors>
			</Button>
			<Button name="SnapShotItem6" inherits="SnapShotItemButtonTemplate" id="6">
				<Anchors>
					<Anchor point="TOPLEFT" relativeTo="SnapShotItem10" relativePoint="BOTTOMLEFT">
						<Offset>
							<AbsDimension x="0" y="-4"/>
						</Offset>
					</Anchor>
				</Anchors>
			</Button>
			<Button name="SnapShotItem7" inherits="SnapShotItemButtonTemplate" id="7">
				<Anchors>
					<Anchor point="TOPLEFT" relativeTo="SnapShotItem6" relativePoint="BOTTOMLEFT">
						<Offset>
							<AbsDimension x="0" y="-4"/>
						</Offset>
					</Anchor>
				</Anchors>
			</Button>
			<Button name="SnapShotItem8" inherits="SnapShotItemButtonTemplate" id="8">
				<Anchors>
					<Anchor point="TOPLEFT" relativeTo="SnapShotItem7" relativePoint="BOTTOMLEFT">
						<Offset>
							<AbsDimension x="0" y="-4"/>
						</Offset>
					</Anchor>
				</Anchors>
			</Button>
			<Button name="SnapShotItem11" inherits="SnapShotItemButtonTemplate" id="11">
				<Anchors>
					<Anchor point="TOPLEFT" relativeTo="SnapShotItem8" relativePoint="BOTTOMLEFT">
						<Offset>
							<AbsDimension x="0" y="-4"/>
						</Offset>
					</Anchor>
				</Anchors>
			</Button>
			<Button name="SnapShotItem12" inherits="SnapShotItemButtonTemplate" id="12">
				<Anchors>
					<Anchor point="TOPLEFT" relativeTo="SnapShotItem11" relativePoint="BOTTOMLEFT">
						<Offset>
							<AbsDimension x="0" y="-4"/>
						</Offset>
					</Anchor>
				</Anchors>
			</Button>
			<Button name="SnapShotItem13" inherits="SnapShotItemButtonTemplate" id="13">
				<Anchors>
					<Anchor point="TOPLEFT" relativeTo="SnapShotItem12" relativePoint="BOTTOMLEFT">
						<Offset>
							<AbsDimension x="0" y="-4"/>
						</Offset>
					</Anchor>
				</Anchors>
			</Button>
			<Button name="SnapShotItem14" inherits="SnapShotItemButtonTemplate" id="14">
				<Anchors>
					<Anchor point="TOPLEFT" relativeTo="SnapShotItem13" relativePoint="BOTTOMLEFT">
						<Offset>
							<AbsDimension x="0" y="-4"/>
						</Offset>
					</Anchor>
				</Anchors>
			</Button>

			<!-- weapons -->
			<Button name="SnapShotItem16" inherits="SnapShotItemButtonTemplate" id="16">
				<Anchors>
					<Anchor point="TOPLEFT" relativeTo="SnapShotFrame">
						<Offset>
							<AbsDimension x="122" y="-385"/>
						</Offset>
					</Anchor>
				</Anchors>
			</Button>
			<Button name="SnapShotItem17" inherits="SnapShotItemButtonTemplate" id="17">
				<Anchors>
					<Anchor point="TOPLEFT" relativeTo="SnapShotItem16" relativePoint="TOPRIGHT">
						<Offset>
							<AbsDimension x="5" y="0"/>
						</Offset>
					</Anchor>
				</Anchors>
			</Button>
			<Button name="SnapShotItem18" inherits="SnapShotItemButtonTemplate" id="18">
				<Anchors>
					<Anchor point="TOPLEFT" relativeTo="SnapShotItem17" relativePoint="TOPRIGHT">
						<Offset>
							<AbsDimension x="5" y="0"/>
						</Offset>
					</Anchor>
				</Anchors>
			</Button>

			<!-- <Button name="SnapShotAboutButton" text="About" inherits="UIPanelButtonTemplate">
				<Size>
					<AbsDimension x="88" y="24"/>
				</Size>
				<Anchors>
					<Anchor point="BOTTOMRIGHT" relativePoint="BOTTOMRIGHT">
						<Offset>
							<AbsDimension x="-45" y="83"/>
						</Offset>
					</Anchor>
				</Anchors>
				<Scripts>
					<OnClick>
						SnapShot_About();
					</OnClick>
				</Scripts>
			</Button> -->
		</Frames>
		<Scripts>
			<OnShow>
				PlaySound("igCharacterInfoOpen");
				SetPortraitTexture(SnapShotFramePortrait, "player");
				SnapShot_OnShow();
			</OnShow>
			<OnHide>
				PlaySound("igCharacterInfoClose");
				--SnapShot_OnHide();
				CloseDropDownMenus();
			</OnHide>
			<OnLoad>
					this:RegisterEvent("PLAYER_ENTERING_WORLD");
					UIPanelWindows[this:GetName()] = { area = "left", pushable = 0 };
					--SetDressUpBackground();
					SnapShot_Model:SetUnit("player");
			</OnLoad>
			<OnEvent>
					if ( event == "PLAYER_ENTERING_WORLD" ) then
						SnapShot_Model:SetUnit("player");
						return;
					end
			</OnEvent>
		</Scripts>
	</Frame>


	<Frame name="SnapShotAboutFrame" toplevel="true" frameStrata="DIALOG" movable="true" enableMouse="true" hidden="true" parent="SnapShotFrame">
		<Size>
			<AbsDimension x="400" y="200"/>
		</Size>
		<Anchors>
			<Anchor point="CENTER" relativeTo="SnapShotFrame">
				<Offset>
					<AbsDimension x="-8" y="0"/>
				</Offset>
			</Anchor>
		</Anchors>
		<Backdrop bgFile="Interface\DialogFrame\UI-DialogBox-Background" edgeFile="Interface\DialogFrame\UI-DialogBox-Border" tile="true">
			<BackgroundInsets>
				<AbsInset left="11" right="12" top="12" bottom="11"/>
			</BackgroundInsets>
			<TileSize>
				<AbsValue val="32"/>
			</TileSize>
			<EdgeSize>
				<AbsValue val="32"/>
			</EdgeSize>
		</Backdrop>
		<Layers>
			<Layer level="ARTWORK">
				<Texture name="$parentHeaderTexture" file="Interface\DialogFrame\UI-DialogBox-Header">
					<Size>
						<AbsDimension x="256" y="64"/>
					</Size>
					<Anchors>
						<Anchor point="TOP">
							<Offset>
								<AbsDimension x="0" y="12"/>
							</Offset>
						</Anchor>
					</Anchors>
				</Texture>
				<FontString name="About..." inherits="GameFontNormal" text="">
					<Anchors>
						<Anchor point="TOP" relativeTo="$parentHeaderTexture">
							<Offset>
								<AbsDimension x="0" y="-14"/>
							</Offset>
						</Anchor>
					</Anchors>
				</FontString>
				<FontString name="$parentInfo" justifyV="top" inherits="GameFontNormal" text="">
					<Size>
						<AbsDimension x="350" y="100"/>
					</Size>
					<Anchors>
						<Anchor point="TOP">
							<Offset>
								<AbsDimension x="0" y="-35"/>
							</Offset>
						</Anchor>
					</Anchors>
				</FontString>
			</Layer>
		</Layers>
		<Frames>
			<Button name="$parentCancelButton" hidden="false" inherits="GameMenuButtonTemplate" text="OK">
				<Size>
					<AbsDimension x="60" y="21"/>
				</Size>
				<Anchors>
					<Anchor point="BOTTOMRIGHT" relativePoint="BOTTOMRIGHT">
						<Offset>
							<AbsDimension x="-30" y="20"/>
						</Offset>
					</Anchor>
				</Anchors>
				<Scripts>
					<OnClick>
						SnapShotAboutFrame:Hide();
					</OnClick>
				</Scripts>
			</Button>
		</Frames>
		<Scripts>
			<OnShow>
				PlaySound("UChatScrollButton");
			</OnShow>
			<OnHide>
				PlaySound("UChatScrollButton");
			</OnHide>
		</Scripts>
	</Frame>

    
</Ui>
