<!--
				EMA - ( Ebony's MultiBoxing Assistant )      
				Current Author: Jennifer Calladine (Ebony)				
				License: All Rights Reserved 2018-2023 Jennifer Calladine	
				
				Some Code Used from 'Jamba' that is 
				Released under the MIT License
				'Jamba' Copyright 2008-2015  Michael "Jafula" Miller
-->

<Ui xmlns:xsi="http://www.w3.org/2001/XMLSchema-instance" xmlns:xsd="http://www.w3.org/2001/XMLSchema" xsi:schemaLocation="http://www.blizzard.com/wow/ui/..\FrameXML\UI.xsd" xmlns="http://www.blizzard.com/wow/ui/">
	<Script file="Libs\LibStub\LibStub.lua" />
	<Include file="Libs\CallbackHandler-1.0\CallbackHandler-1.0.xml" />
	<Include file="Libs\AceAddon-3.0\AceAddon-3.0.xml" />
	<Include file="Libs\AceGUI-3.0\AceGUI-3.0.xml" />
	<Include file="Libs\AceConfig-3.0\AceConfig-3.0.xml" />
	<Include file="Libs\AceConsole-3.0\AceConsole-3.0.xml" />
	<Include file="Libs\AceDB-3.0\AceDB-3.0.xml" />
	<Include file="Libs\AceDBOptions-3.0\AceDBOptions-3.0.xml" />
	<Include file="Libs\AceEvent-3.0\AceEvent-3.0.xml" />
	<Include file="Libs\AceLocale-3.0\AceLocale-3.0.xml" />
	<Include file="Libs\AceTimer-3.0\AceTimer-3.0.xml" />
	<Include file="Libs\AceComm-3.0\AceComm-3.0.xml" />
	<Include file="Libs\AceHook-3.0\AceHook-3.0.xml" />
	<Include file="Libs\AceSerializer-3.0\AceSerializer-3.0.xml" />
	<Include file="Libs\LibSharedMedia-3.0\lib.xml" />
	<Include file="Libs\AceGUI-3.0-SharedMediaWidgets\widget.xml" />
	<Include file="Libs\LibBagUtils-1.0\LibBagUtils-1.0.xml" />
	<Include file="Libs\LibItemUpgradeInfo-1.0\LibItemUpgradeInfo-1.0.xml" />
	<Script file="Libs\LibAuras\LibAuras.lua" /> 
	<Script file="Libs\EMALibActionButton-1.0.lua" /> 
	<Script file="Libs\LibButtonGlow-1.0\LibButtonGlow-1.0.lua" />
	<Script file="Libs\UTF8\utf8data.lua" />
	<Script file="Libs\UTF8\utf8.lua" />
	<Script file="Libs\libdatabroker-1-1-1.1.4\LibDataBroker-1.1.lua" />
	<Script file="GUI\AceGUIContainer-EMAWindow.lua" />
	<Script file="GUI\AceGUIContainer-EMATreeGroup.lua" />
	<Script file="GUI\AceGUIWidget-EMANormalLabel.lua" />
	<Script file="GUI\AceGUIWidget-EMAContinueLabel.lua" />
	<Script file="GUI\AceGUIWidget-EMAKeybinding.lua" />
	
</Ui>
