<Ui>
	<Script file="localization.lua"/>
	<Script file="GoGoMount.lua"/>
	<Frame name="GoGoFrame">
		<Scripts>
			<OnLoad>
				GoGo_OnLoad();
			</OnLoad>
			<OnEvent>
				GoGo_OnEvent(event);
			</OnEvent>
			<OnUpdate>
				GoGo_CheckMoving(arg1)
			</OnUpdate>
		</Scripts>
	</Frame>
	<Button name="GoGoButton" inherits="SecureActionButtonTemplate" parent="UIParent" frameStrata="LOW" hidden="false">
		<Attributes>
			<Attribute name="type" type="string" value="macro"/>
		</Attributes>
		<Scripts>
			<PreClick>
				GoGo_SkipFlying = nil
				GoGo_PreClick(this)
			</PreClick>
		</Scripts>    
	</Button>
	<Button name="GoGoButton2" inherits="SecureActionButtonTemplate" parent="UIParent" frameStrata="LOW" hidden="false">
		<Attributes>
			<Attribute name="type" type="string" value="macro"/>
		</Attributes>
		<Scripts>
			<PreClick>
				GoGo_SkipFlying = true
				GoGo_PreClick(this)
			</PreClick>
		</Scripts>    
	</Button>

	<Frame name="GoGo_Panel">
		<Scripts>
			<OnLoad>
				GoGo_Panel_OnLoad(self);
			</OnLoad>
		</Scripts>
	</Frame>
	
</Ui>