<Ui xmlns="http://www.blizzard.com/wow/ui/" xmlns:xsi="http://www.w3.org/2001/XMLSchema-instance" xsi:schemaLocation="http://www.blizzard.com/wow/ui/
..\FrameXML\UI.xsd">

<Script file="Libs\LibStub\LibStub.lua"/>
<script file="Libs\LibBabble-Zone-3.0\LibBabble-Zone-3.0.lua"/>
<script file="Libs\LibTourist-3.0\LibTourist-3.0.lua"/>

<Include file="Libs\CallbackHandler-1.0\CallbackHandler-1.0.xml"/>
<Include file="Libs\AceAddon-3.0\AceAddon-3.0.xml"/>
<Include file="Libs\AceGui-3.0\AceGui-3.0.xml"/>
<Include file="Libs\AceConfig-3.0\AceConfig-3.0.xml"/>
<Include file="Libs\AceConsole-3.0\AceConsole-3.0.xml"/>
<Include file="Libs\AceDB-3.0\AceDB-3.0.xml"/>
<Include file="Libs\AceDBOptions-3.0\AceDBOptions-3.0.xml"/>
<Include file="Libs\AceLocale-3.0\AceLocale-3.0.xml"/>
<Include file="Libs\AceTimer-3.0\AceTimer-3.0.xml"/>
<Include file="Libs\AceEvent-3.0\AceEvent-3.0.xml"/>
<include file="Libs\LibSink-2.0\LibSink-2.0\lib.xml"/>

</Ui>
