<Ui xmlns="http://www.blizzard.com/wow/ui/" xmlns:xsi="http://www.w3.org/2001/XMLSchema-instance" xsi:schemaLocation="http://www.blizzard.com/wow/ui/
..\FrameXML\UI.xsd">
	<Model name="Luggage_ItemAnimTemplate" file="Interface\ItemAnimations\ForcedBackpackItem.mdx" hidden="true" virtual="true">
		<Scripts>
			<OnLoad>
				ItemAnim_OnLoad();
			</OnLoad>
<!--			<OnEvent>
				ItemAnim_OnEvent(event);
			</OnEvent>
-->
			<OnAnimFinished>
				ItemAnim_OnAnimFinished();
			</OnAnimFinished>
		</Scripts>
	</Model>
	<CheckButton name="Luggage_BagSlotButtonTemplate" inherits="ItemButtonTemplate" virtual="true">
		<Frames>
			<Model name="$parentItemAnim" inherits="Luggage_ItemAnimTemplate">
				<Anchors>
					<Anchor point="BOTTOMRIGHT">
						<Offset>
							<AbsDimension x="-10" y="0"/>
						</Offset>
					</Anchor>
				</Anchors>
			</Model>
		</Frames>
		<CheckedTexture alphaMode="ADD" file="Interface\Buttons\CheckButtonHilight"/>
	</CheckButton>
   <Frame name="Luggage_BagFrameTemplate" virtual = "true">
      
   </Frame>
</Ui>
