<Bindings>
   <Binding name="LUGGAGE_TOGGLE_ALL_BAGS" header="Luggage">
      Luggage:ToggleAllBags();
   </Binding>
   <Binding name="LUGGAGE_TOGGLE_SET_1">
      Luggage:ToggleBagSet(1);
   </Binding>
   <Binding name="LUGGAGE_TOGGLE_SET_2">
      Luggage:ToggleBagSet(2);
   </Binding>
   <Binding name="LUGGAGE_TOGGLE_SET_3">
      Luggage:ToggleBagSet(3);
   </Binding>
   <Binding name="LUGGAGE_TOGGLE_SET_4">
      Luggage:ToggleBagSet(4);
   </Binding>
   <Binding name="LUGGAGE_TOGGLE_SET_5">
      Luggage:ToggleBagSet(5);
   </Binding>
</Bindings>
