<Ui xmlns="http://www.blizzard.com/wow/ui/" xmlns:xsi="http://www.w3.org/2001/XMLSchema-instance" xsi:schemaLocation="http://www.blizzard.com/wow/ui/
        ..\FrameXML\UI.xsd">
<Script file="AssassinTimer.lua" />

             <FontString name="BarFont" inherits="MasterFont" font="Fonts\ARIALN.TTF" virtual="true">
                <FontHeight>
                        <AbsValue val="14"/>
                </FontHeight>
                <Color r="1.0" g="1.0" b="1.0"/>
             </FontString>
                
        <Frame name="AssassinFrame" parent="UIParent" hidden="false" movable="true">
                <Size>
					  <AbsDimension x="165" y="102"/>
                </Size>
                <Anchors>
                      <Anchor point="CENTER"/>
                </Anchors>
                     <Backdrop name="$parentBackdrop" bgFile="Interface\TutorialFrame\TutorialFrameBackground" edgeFile="Interface\DialogFrame\UI-DialogBox-Border" tile="true">
                        <EdgeSize>
                       		<AbsValue val="18"/>
                        </EdgeSize>
                        <TileSize>
                        	<AbsValue val="32"/>
                        </TileSize>
                        <BackgroundInsets>
                        	<AbsInset left="7" right="7" top="7" bottom="7"/>
                        </BackgroundInsets>
                     </Backdrop>
                     <Layers>
                        <Layer level="TOP">
                        <FontString name="ComboText" inherits="BarFont" justifyH="CENTER">
                        <Size>
							 <AbsDimension x="150" y="14"/>
                        </Size>
                           <Anchors>
                              <Anchor point="TOPRIGHT">
                                 <Offset>
									<AbsDimension x="-10" y="-10"/>
                                 </Offset>
                              </Anchor>
                           </Anchors>
                         </FontString>
						<FontString name="HungerText" inherits="BarFont" justifyH="RIGHT">
                        <Size>
                             <AbsDimension x="75" y="14"/>
                        </Size>
                           <Anchors>
							  <Anchor point="TOP" relativeTo="ComboText" relativePoint="BOTTOM">
                                 <Offset>
                                    <AbsDimension x="37" y="-8"/>
                                 </Offset>
                              </Anchor>
                           </Anchors>
                         </FontString>
						<FontString name="SliceText" inherits="BarFont" justifyH="RIGHT">
                        <Size>
                             <AbsDimension x="75" y="14"/>
                        </Size>
                           <Anchors>
                              <Anchor point="TOP" relativeTo="HungerText" relativePoint="BOTTOM">
                                 <Offset>
                                    <AbsDimension x="0" y="-8"/>
                                 </Offset>
                              </Anchor>
                           </Anchors>
                         </FontString>
						<FontString name="RuptureText" inherits="BarFont" justifyH="RIGHT">
                        <Size>
                             <AbsDimension x="75" y="14"/>
                        </Size>
                           <Anchors>
                              <Anchor point="TOP" relativeTo="SliceText" relativePoint="BOTTOM">
                                 <Offset>
                                    <AbsDimension x="0" y="-8"/>
                                 </Offset>
                              </Anchor>
                           </Anchors>
                         </FontString>
                       </Layer>
                     </Layers>
                <Frames>
						<StatusBar name="ComboBar" parent="AssassinFrame">
                                <Size>
                                        <AbsDimension x="150" y="20"/>
                                </Size>
                                <Anchors>
                                        <Anchor point="TOP">
                                                <Offset>
                                                        <AbsDimension x="0" y="-8"/>
                                                </Offset>
                                        </Anchor>
                                </Anchors>
                                <Scripts>
                                        <OnLoad>
                                                this:SetFrameLevel(this:GetFrameLevel() - 1)
                                        </OnLoad>
                                </Scripts>
                                <BarTexture file="Interface\TargetingFrame\UI-StatusBar"/>
                                <BarColor r="0.2" g="1" b="0.2" a="0.8"/>
                        </StatusBar>
                        <StatusBar name="HungerBar" parent="AssassinFrame">
                                <Size>
                                        <AbsDimension x="150" y="20"/>
                                </Size>
                                <Anchors>
                                        <Anchor point="TOP" relativeTo="ComboBar" relativePoint="BOTTOM">
                                                <Offset>
                                                        <AbsDimension x="0" y="-2"/>
                                                </Offset>
                                        </Anchor>
                                </Anchors>
								<Scripts>
                                        <OnLoad>
                                                this:SetFrameLevel(this:GetFrameLevel() - 1)
                                        </OnLoad>
                                </Scripts>
                                <BarTexture file="Interface\TargetingFrame\UI-StatusBar"/>
                                <BarColor r="1" g="1" b="1" a="0.8"/>
                        </StatusBar>
				<Frame name="HungerIcon" parent="AssassinFrame">
				<Size>
					<AbsDimension x="14" y="14"></AbsDimension>
				</Size>
				 <Anchors>
					<Anchor point="Top" relativeTo="HungerBar" relativePoint="TOPLEFT">
					<Offset><AbsDimension x="10" y="-3"/></Offset>
					</Anchor>
				 </Anchors>
				<Layers>
					<Layer level="BACKGROUND">
					<Texture name="$parentbackground" file="Interface\Icons\Ability_Rogue_HungerForBlood" setAllPoints="true">
 					 <BarColor r="0.7" g="0.9" b="0.0" a="0.8"/>
					
  					</Texture>
  					</Layer>
				 </Layers>
 			</Frame>
						<StatusBar name="SliceBar" parent="AssassinFrame">
                                <Size>
                                        <AbsDimension x="150" y="20"/>
                                </Size>
                                <Anchors>
                                        <Anchor point="TOP" relativeTo="HungerBar" relativePoint="BOTTOM">
                                                <Offset>
                                                        <AbsDimension x="0" y="-2"/>
                                                </Offset>
                                        </Anchor>
                                </Anchors>
                                <Scripts>
                                        <OnLoad>
                                                this:SetFrameLevel(this:GetFrameLevel() - 1)
                                        </OnLoad>
                                </Scripts>
                                <BarTexture file="Interface\TargetingFrame\UI-StatusBar"/>
                                <BarColor r=".5" g="0" b=".5" a="0.8"/>
                        </StatusBar>
				<Frame name="SliceIcon" parent="AssassinFrame">
				<Size>
					<AbsDimension x="14" y="14"></AbsDimension>
				</Size>
				 <Anchors>
					<Anchor point="Top" relativeTo="SliceBar" relativePoint="TOPLEFT">
					<Offset><AbsDimension x="10" y="-3"/></Offset>
					</Anchor>
				 </Anchors>
				<Layers>
					<Layer level="BACKGROUND">
					<Texture name="$parentbackground" file="Interface\Icons\Ability_Rogue_SliceDice" setAllPoints="true">
 					 <Color r="1" g="1" b="1" a="0.8" /> 
					
  					</Texture>
  					</Layer>
				 </Layers>
 			</Frame>
						<StatusBar name="RuptureBar" parent="AssassinFrame">
                                <Size>
                                        <AbsDimension x="150" y="20"/>
                                </Size>
                                <Anchors>
                                        <Anchor point="TOP" relativeTo="SliceBar" relativePoint="BOTTOM">
                                                <Offset>
                                                        <AbsDimension x="0" y="-2"/>
                                                </Offset>
                                        </Anchor>
                                </Anchors>
                                <Scripts>
                                        <OnLoad>
                                                this:SetFrameLevel(this:GetFrameLevel() - 1)
                                        </OnLoad>
                                </Scripts>
                                <BarTexture file="Interface\TargetingFrame\UI-StatusBar"/>
                                <BarColor r="1.0" g="0.0" b="0.0" a="0.8"/>
                        </StatusBar>
				<Frame name="RuptureIcon" parent="AssassinFrame">
				<Size>
					<AbsDimension x="14" y="14"></AbsDimension>
				</Size>
				 <Anchors>
					<Anchor point="Top" relativeTo="RuptureBar" relativePoint="TOPLEFT">
					<Offset><AbsDimension x="10" y="-3"/></Offset>
					</Anchor>
				 </Anchors>
				<Layers>
					<Layer level="BACKGROUND">
					<Texture name="$parentbackground" file="Interface\Icons\Ability_Rogue_Rupture" setAllPoints="true">
 					 <Color r="1" g="1" b="1" a="0.8" /> 
					
  					</Texture>
  					</Layer>
				 </Layers>
 			</Frame>
                </Frames>
                <Scripts>
                <OnLoad>
                	Assassin_OnLoad();
                </OnLoad>
                <OnEvent>
                	Assassin_OnEvent();
                </OnEvent>
				<OnUpdate>
                	Assassin_OnUpdate(AssassinFrame, elapsed);
                </OnUpdate>
				             	<OnDragStart>
                	Assassin_OnDragStart();
	        </OnDragStart>
    	    	<OnDragStop>
        	        Assassin_OnDragStop();
        	</OnDragStop>
            </Scripts>
        </Frame>
</Ui>





