<Ui xmlns="http://www.blizzard.com/wow/ui/" xmlns:xsi="http://www.w3.org/2001/XMLSchema-instance" xsi:schemaLocation="http://www.blizzard.com/wow/ui/
..\FrameXML\UI.xsd">
	<!--@no-lib-strip@-->
	<Script file="Libs\AceLibrary\AceLibrary.lua"/>
	<Script file="Libs\AceOO-2.0\AceOO-2.0.lua"/>
	<Script file="Libs\AceAddon-2.0\AceAddon-2.0.lua"/>
	<Script file="Libs\AceConsole-2.0\AceConsole-2.0.lua"/>
	<Script file="Libs\AceDB-2.0\AceDB-2.0.lua"/>
	<Script file="Libs\AceEvent-2.0\AceEvent-2.0.lua"/>
	<Script file="Libs\AceHook-2.1\AceHook-2.1.lua"/>
	<Script file="Libs\AceLocale-2.2\AceLocale-2.2.lua"/>
	<Script file="Libs\LibBabble-Boss-3.0\LibBabble-Boss-3.0.lua"/>
	<Script file="Libs\LibBabble-Class-3.0\LibBabble-Class-3.0.lua"/>
	<Script file="Libs\LibBabble-TalentTree-3.0\LibBabble-TalentTree-3.0.lua"/>
	<Script file="Libs\LibBabble-Zone-3.0\LibBabble-Zone-3.0.lua"/>
	<Script file="Libs\LibPeriodicTable-3.1\LibPeriodicTable-3.1.lua"/>
	<Script file="Libs\LibPeriodicTable-3.1-InstanceLoot\LibPeriodicTable-3.1-InstanceLoot.lua"/>
	<!--@end-no-lib-strip@-->
</Ui>