﻿<Ui xmlns="http://www.blizzard.com/wow/ui/" xmlns:xsi="http://www.w3.org/2001/XMLSchema-instance" xsi:schemaLocation="http://www.blizzard.com/wow/ui/">


  <!--....  BACKGROUND  HP_TARGET....-->
  <Frame name="HP_TARGET_FRAME" parent="UIParent" frameStrata="BACKGROUND" inherits="SecureUnitButtonTemplate">
    <Size>
      <AbsDimension x="10" y="200"/>
    </Size>
    <Anchors>
      <Anchor point="BOTTOM" relativePoint="BOTTOM" relativeTo="HP_PLAYER_FRAME">
        <Offset>
          <AbsDimension x="0" y="0"/>
        </Offset>
      </Anchor>
    </Anchors>
    <Layers>
      <Layer level="BACKGROUND">
        <Texture name="HP_TARGET_BG_TEXTURE1">
          <Color r="1" g="1" b="1" a="1.0"/>
          <Anchors>
            <Anchor point="BOTTOMLEFT" relativePoint="BOTTOMLEFT" relativeTo="HP_TARGET_FRAME">
              <Offset>
                <AbsDimension x="0" y="0"/>
              </Offset>
            </Anchor>
          </Anchors>
        </Texture>
      </Layer>
      <Layer level="BORDER">
        <Texture name="HP_TARGET_BG_TEXTURE2">
          <Color r="0" g="0" b="0" a="1.0"/>
          <Anchors>
            <Anchor point="BOTTOMLEFT" relativePoint="BOTTOMLEFT" relativeTo="HP_TARGET_BG_TEXTURE1">
              <Offset>
                <AbsDimension x="1" y="1"/>
              </Offset>
            </Anchor>
          </Anchors>
        </Texture>
      </Layer>
    </Layers>
    <!--....  BAR HP_TARGET  ....-->
    <Frames>
      <Frame name="HP_TARGET_BAR" parent="HP_TARGET_FRAME">
        <Size>
          <AbsDimension x="10" y="100"/>
        </Size>
        <Anchors>
          <Anchor point="BOTTOM" relativePoint="BOTTOM">
            <Offset>
              <AbsDimension x="0" y="0"/>
            </Offset>
          </Anchor>
        </Anchors>
        <Layers>
          <Layer>
            <Texture name="HP_TARGET_BAR_TEXTURE"/>
          </Layer>
          <!--....  hp target max text  ....-->
          <Layer>
            <FontString name="HP_TARGET_MAX" inherits="GameFontNormalSmall" text="hp_max_t">
              <Anchors>
                <Anchor point="BOTTOMLEFT" relativePoint="TOPLEFT" relativeTo="HP_TARGET_FRAME">
                  <Offset>
                    <AbsDimension x="0" y="4"/>
                  </Offset>
                </Anchor>
              </Anchors>
            </FontString>
          </Layer>
          <!--....  hp target name text  ....-->
          <Layer>
            <FontString name="HP_TARGET_NAME" inherits="GameFontNormalSmall" text="hp_name_t">
              <Anchors>
                <Anchor point="BOTTOMLEFT" relativePoint="TOPLEFT" relativeTo="HP_TARGET_MAX">
                  <Offset>
                    <AbsDimension x="0" y="4"/>
                  </Offset>
                </Anchor>
              </Anchors>
            </FontString>
          </Layer>
          <!--....  hp target percent text  ....-->
          <Layer>
            <FontString name="HP_TARGET_PERCENT" inherits="GameFontNormalSmall" text="hp_percent_t">
              <Anchors>
                <Anchor point="TOPLEFT" relativePoint="BOTTOMLEFT" relativeTo="HP_TARGET_FRAME">
                  <Offset>
                    <AbsDimension x="0" y="-2"/>
                  </Offset>
                </Anchor>
              </Anchors>
            </FontString>
          </Layer>
          <!--....  hp target deficit text  ....-->
          <Layer>
            <FontString name="HP_TARGET_DEFICIT" inherits="GameFontNormalSmall" text="hp_deficit_t">
              <Anchors>
                <Anchor point="TOPLEFT" relativePoint="TOPRIGHT" relativeTo="HP_TARGET_BAR">
                  <Offset>
                    <AbsDimension x="2" y="0"/>
                  </Offset>
                </Anchor>
              </Anchors>
            </FontString>
          </Layer>
        </Layers>
      </Frame>
    </Frames>
    <Scripts>
      <OnLoad>HP_TARGET_FRAME:SetAttribute("unit", "target"); RegisterUnitWatch(HP_TARGET_FRAME); gHUDOnLoad();</OnLoad>
      <OnEvent>Load_HP_Target(); TargetChangeOnEvent();</OnEvent>
      <OnUpdate>HP_Target(arg1);</OnUpdate>
      <OnMouseUp>gHUD_mouse_OnMouseUp();</OnMouseUp>
      <OnMouseDown>gHUD_mouse_OnMouseDown();</OnMouseDown>
    </Scripts>
  </Frame>
  <!--.... HP Target Button....-->
  <Button name="HP_Target_Button" parent="HP_TARGET_FRAME" inherits="SecureUnitButtonTemplate" frameStrata="LOW">
    <Size>
      <AbsDimension x="10" y="20"/>
    </Size>
    <Anchors>
      <Anchor point="CENTER"/>
    </Anchors>
    <Scripts>
      <OnLoad>this:RegisterForClicks("AnyUp"); HP_Target_Button:SetAttribute("unit", "target"); RegisterUnitWatch(HP_Target_Button);</OnLoad>
      <OnMouseUp>HPTargetOnMouseUp();</OnMouseUp>
      <OnMouseDown>HPTargetOnMouseDown(); gHUDDropdownMenu();</OnMouseDown>
      <OnEnter>HP_Target_Button:SetHighlightTexture(Options.texture.BarHeightINV);</OnEnter>
    </Scripts>
  </Button>
  <!--....  BACKGROUND  MP_TARGET....-->
  <Frame name="MP_TARGET_FRAME" parent="UIParent" frameStrata="BACKGROUND" inherits="SecureUnitButtonTemplate">
    <Size>
      <AbsDimension x="10" y="200"/>
    </Size>
    <Anchors>
      <Anchor point="BOTTOM" relativePoint="BOTTOM" relativeTo="MP_PLAYER_FRAME">
        <Offset>
          <AbsDimension x="0" y="0"/>
        </Offset>
      </Anchor>
    </Anchors>
    <Layers>
      <Layer level="BACKGROUND">
        <Texture name="MP_TARGET_BG_TEXTURE1">
          <Color r="1" g="1" b="1" a="1.0"/>
          <Anchors>
            <Anchor point="BOTTOMLEFT" relativePoint="BOTTOMLEFT" relativeTo="MP_TARGET_FRAME">
              <Offset>
                <AbsDimension x="0" y="0"/>
              </Offset>
            </Anchor>
          </Anchors>
        </Texture>
      </Layer>
      <Layer level="BORDER">
        <Texture name="MP_TARGET_BG_TEXTURE2">
          <Color r="0" g="0" b="0" a="1.0"/>
          <Anchors>
            <Anchor point="BOTTOMLEFT" relativePoint="BOTTOMLEFT" relativeTo="MP_TARGET_BG_TEXTURE1">
              <Offset>
                <AbsDimension x="1" y="1"/>
              </Offset>
            </Anchor>
          </Anchors>
        </Texture>
      </Layer>
    </Layers>
    <!--....  BAR   MP_TARGET  ....-->
    <Frames>
      <Frame name="MP_TARGET_BAR" parent="MP_TARGET_FRAME">
        <Size>
          <AbsDimension x="10" y="100"/>
        </Size>
        <Anchors>
          <Anchor point="BOTTOM" relativePoint="BOTTOM">
            <Offset>
              <AbsDimension x="0" y="0"/>
            </Offset>
          </Anchor>
        </Anchors>
        <Layers>
          <Layer>
            <Texture name="MP_TARGET_BAR_TEXTURE"/>
          </Layer>
          <!--....  mp target max text  ....-->
          <Layer>
            <FontString name="MP_TARGET_MAX" inherits="GameFontNormalSmall" text="mp_max_t">
              <Anchors>
                <Anchor point="BOTTOMRIGHT" relativePoint="TOPRIGHT" relativeTo="MP_TARGET_FRAME">
                  <Offset>
                    <AbsDimension x="0" y="4"/>
                  </Offset>
                </Anchor>
              </Anchors>
            </FontString>
          </Layer>
          <!--....  mp target percent text  ....-->
          <Layer>
            <FontString name="MP_TARGET_PERCENT" inherits="GameFontNormalSmall" text="mp_percent_t">
              <Anchors>
                <Anchor point="TOPRIGHT" relativePoint="BOTTOMRIGHT" relativeTo="MP_TARGET_FRAME">
                  <Offset>
                    <AbsDimension x="0" y="-2"/>
                  </Offset>
                </Anchor>
              </Anchors>
            </FontString>
          </Layer>
          <!--....  mp target deficit text  ....-->
          <Layer>
            <FontString name="MP_TARGET_DEFICIT" inherits="GameFontNormalSmall" text="mp_deficit_t">
              <Anchors>
                <Anchor point="TOPRIGHT" relativePoint="TOPLEFT" relativeTo="MP_TARGET_BAR">
                  <Offset>
                    <AbsDimension x="-2" y="0"/>
                  </Offset>
                </Anchor>
              </Anchors>
            </FontString>
          </Layer>
        </Layers>
      </Frame>
    </Frames>
    <Scripts>
      <OnLoad>MP_TARGET_FRAME:SetAttribute("unit", "target"); RegisterUnitWatch(MP_TARGET_FRAME); gHUDOnLoad();</OnLoad>
      <OnEvent>Load_MP_Target(); TargetChangeOnEvent();</OnEvent>
      <OnUpdate>MP_Target(arg1);</OnUpdate>
      <OnMouseUp>gHUD_mouse_OnMouseUp();</OnMouseUp>
      <OnMouseDown>gHUD_mouse_OnMouseDown();</OnMouseDown>
    </Scripts>
  </Frame>
  <!--.... MP Target Button....-->
  <Button name="MP_Target_Button" parent="MP_TARGET_FRAME" inherits="SecureUnitButtonTemplate" frameStrata="LOW">
    <Size>
      <AbsDimension x="10" y="20"/>
    </Size>
    <Anchors>
      <Anchor point="CENTER"/>
    </Anchors>
    <Scripts>
      <OnLoad>this:RegisterForClicks("AnyUp"); MP_Target_Button:SetAttribute("unit", "target"); RegisterUnitWatch(MP_Target_Button);</OnLoad>
      <OnMouseUp>MPTargetOnMouseUp();</OnMouseUp>
      <OnMouseDown>MPTargetOnMouseDown(); gHUDDropdownMenu();</OnMouseDown>
      <OnEnter>MP_Target_Button:SetHighlightTexture(Options.texture.BarHeightINV);</OnEnter>
    </Scripts>
  </Button>
</Ui>