﻿<Ui xmlns="http://www.blizzard.com/wow/ui/" xmlns:xsi="http://www.w3.org/2001/XMLSchema-instance" xsi:schemaLocation="http://www.blizzard.com/wow/ui/">


  <!--....  BACKGROUND  HP_PARTY1....-->
  <frame name="HP_PARTY1_FRAME" parent="UIParent" frameStrata="BACKGROUND">
    <Size>
      <AbsDimension x="10" y="50"/>
    </Size>
    <Anchors>
      <Anchor point="BOTTOM" relativePoint="BOTTOM" relativeTo="HP_PLAYER_FRAME">
        <Offset>
          <AbsDimension x="0" y="0"/>
        </Offset>
      </Anchor>
    </Anchors>
    <Layers>
      <Layer level="BACKGROUND">
        <Texture name="HP_PARTY1_BG_TEXTURE1">
          <Color r="1" g="1" b="1" a="1.0"/>
          <Anchors>
            <Anchor point="BOTTOMLEFT" relativePoint="BOTTOMLEFT" relativeTo="HP_PARTY1_FRAME">
              <Offset>
                <AbsDimension x="0" y="0"/>
              </Offset>
            </Anchor>
          </Anchors>
        </Texture>
      </Layer>
      <Layer level="BORDER">
        <Texture name="HP_PARTY1_BG_TEXTURE2">
          <Color r="0" g="0" b="0" a="1.0"/>
          <Anchors>
            <Anchor point="BOTTOMLEFT" relativePoint="BOTTOMLEFT" relativeTo="HP_PARTY1_BG_TEXTURE1">
              <Offset>
                <AbsDimension x="1" y="1"/>
              </Offset>
            </Anchor>
          </Anchors>
        </Texture>
      </Layer>
    </Layers>
    <!--....  BAR HP_PARTY1  ....-->
    <Frames>
      <Frame name="HP_PARTY1_BAR" parent="HP_PARTY1_FRAME">
        <Size>
          <AbsDimension x="10" y="19"/>
        </Size>
        <Anchors>
          <Anchor point="BOTTOM" relativePoint="BOTTOM">
            <Offset>
              <AbsDimension x="0" y="0"/>
            </Offset>
          </Anchor>
        </Anchors>
        <Layers>
          <Layer>
            <Texture name="HP_PARTY1_BAR_TEXTURE"/>
          </Layer>
          <!--....	hp party percent text	....-->
          <Layer>
            <FontString name="PARTYPERCENT" inherits="GameFontNormalSmall" text="partypercent">
              <Anchors>
                <Anchor point="TOPLEFT" relativePoint="BOTTOMLEFT" relativeTo="HP_PARTY1_FRAME">
                  <Offset>
                    <AbsDimension x="0" y="-2"/>
                  </Offset>
                </Anchor>
              </Anchors>
            </FontString>
          </Layer>
          <!--....  hp party1 name text  ....-->
          <Layer>
            <FontString name="HP_PARTY1_NAME" inherits="GameFontNormalSmall">
              <Anchors>
                <Anchor point="TOPRIGHT" relativePoint="TOPLEFT" relativeTo="HP_PARTY1_BG_TEXTURE1">
                  <Offset>
                    <AbsDimension x="-2" y="0"/>
                  </Offset>
                </Anchor>
              </Anchors>
            </FontString>
          </Layer>
          <!--....  hp party1 deficit text....-->
          <Layer>
            <FontString name="HP_PARTY1_DEFICIT" inherits="GameFontNormalSmall" text="hp_deficit_p1">
              <Anchors>
                <Anchor point="TOPRIGHT" relativePoint="TOPLEFT" relativeTo="HP_PARTY1_BAR">
                  <Offset>
                    <AbsDimension x="-2" y="0"/>
                  </Offset>
                </Anchor>
              </Anchors>
            </FontString>
          </Layer>
        </Layers>
      </Frame>
    </Frames>
    <Scripts>
      <OnLoad>HP_PARTY1_FRAME:SetAttribute("unit", "party1"); RegisterUnitWatch(HP_PARTY1_FRAME); gHUDOnLoad();</OnLoad>
      <OnEvent>Load_HP_Party1();</OnEvent>
      <OnUpdate>
			HP_Party1(arg1);
		</OnUpdate>
      <OnMouseUp>gHUD_mouse_OnMouseUp();</OnMouseUp>
      <OnMouseDown>gHUD_mouse_OnMouseDown();</OnMouseDown>
    </Scripts>
  </frame>
  <!--.... HP Party1 Button....-->
  <Button name="HP_Party1_Button" parent="HP_PARTY1_FRAME" inherits="SecureUnitButtonTemplate" frameStrata="LOW">
    <Size>
      <AbsDimension x="10" y="20"/>
    </Size>
    <Anchors>
      <Anchor point="CENTER"/>
    </Anchors>
    <Scripts>
      <OnLoad>this:RegisterForClicks("AnyUp"); HP_Party1_Button:SetAttribute("type1", "target"); HP_Party1_Button:SetAttribute("unit", "party1"); RegisterUnitWatch(HP_Party1_Button);</OnLoad>
      <OnMouseUp>HPParty1OnMouseUp();</OnMouseUp>
      <OnMouseDown>HPParty1OnMouseDown(); gHUDDropdownMenu();</OnMouseDown>
      <OnEnter>HP_Party1_Button:SetHighlightTexture(Options.texture.BarHeightINV);</OnEnter>
    </Scripts>
  </Button>
  <!--....  BACKGROUND  HP_PARTY2....-->
  <Frame name="HP_PARTY2_FRAME" parent="UIParent" frameStrata="BACKGROUND" inherits="SecureUnitButtonTemplate">
    <Size>
      <AbsDimension x="10" y="50"/>
    </Size>
    <Anchors>
      <Anchor point="BOTTOM" relativePoint="TOP" relativeTo="HP_PARTY1_FRAME">
        <Offset>
          <AbsDimension x="0" y="4"/>
        </Offset>
      </Anchor>
    </Anchors>
    <Layers>
      <Layer level="BACKGROUND">
        <Texture name="HP_PARTY2_BG_TEXTURE1">
          <Color r="1" g="1" b="1" a="1.0"/>
          <Anchors>
            <Anchor point="BOTTOMLEFT" relativePoint="BOTTOMLEFT" relativeTo="HP_PARTY2_FRAME">
              <Offset>
                <AbsDimension x="0" y="0"/>
              </Offset>
            </Anchor>
          </Anchors>
        </Texture>
      </Layer>
      <Layer level="BORDER">
        <Texture name="HP_PARTY2_BG_TEXTURE2">
          <Color r="0" g="0" b="0" a="1.0"/>
          <Anchors>
            <Anchor point="BOTTOMLEFT" relativePoint="BOTTOMLEFT" relativeTo="HP_PARTY2_BG_TEXTURE1">
              <Offset>
                <AbsDimension x="1" y="1"/>
              </Offset>
            </Anchor>
          </Anchors>
        </Texture>
      </Layer>
    </Layers>
    <!--....  BAR HP_PARTY2  ....-->
    <Frames>
      <Frame name="HP_PARTY2_BAR" parent="HP_PARTY2_FRAME">
        <Size>
          <AbsDimension x="10" y="19"/>
        </Size>
        <Anchors>
          <Anchor point="BOTTOM" relativePoint="BOTTOM">
            <Offset>
              <AbsDimension x="0" y="0"/>
            </Offset>
          </Anchor>
        </Anchors>
        <Layers>
          <Layer>
            <Texture name="HP_PARTY2_BAR_TEXTURE"/>
          </Layer>
          <!--....  hp party2 name text  ....-->
          <Layer>
            <FontString name="HP_PARTY2_NAME" inherits="GameFontNormalSmall">
              <Anchors>
                <Anchor point="TOPRIGHT" relativePoint="TOPLEFT" relativeTo="HP_PARTY2_BG_TEXTURE1">
                  <Offset>
                    <AbsDimension x="-2" y="0"/>
                  </Offset>
                </Anchor>
              </Anchors>
            </FontString>
          </Layer>
          <!--....  hp party2 deficit text....-->
          <Layer>
            <FontString name="HP_PARTY2_DEFICIT" inherits="GameFontNormalSmall" text="hp_deficit_p2">
              <Anchors>
                <Anchor point="TOPRIGHT" relativePoint="TOPLEFT" relativeTo="HP_PARTY2_BAR">
                  <Offset>
                    <AbsDimension x="-2" y="0"/>
                  </Offset>
                </Anchor>
              </Anchors>
            </FontString>
          </Layer>
        </Layers>
      </Frame>
    </Frames>
    <Scripts>
      <OnLoad>HP_PARTY2_FRAME:SetAttribute("unit", "party2"); RegisterUnitWatch(HP_PARTY2_FRAME); gHUDOnLoad();</OnLoad>
      <OnEvent>Load_HP_Party2();</OnEvent>
      <OnUpdate>HP_Party2(arg1);</OnUpdate>
      <OnMouseUp>gHUD_mouse_OnMouseUp();</OnMouseUp>
      <OnMouseDown>gHUD_mouse_OnMouseDown();</OnMouseDown>
    </Scripts>
  </Frame>
  <!--.... HP Party2 Button....-->
  <Button name="HP_Party2_Button" parent="HP_PARTY2_FRAME" inherits="SecureUnitButtonTemplate" frameStrata="LOW">
    <Size>
      <AbsDimension x="10" y="20"/>
    </Size>
    <Anchors>
      <Anchor point="CENTER"/>
    </Anchors>
    <Scripts>
      <OnLoad>this:RegisterForClicks("AnyUp"); HP_Party2_Button:SetAttribute("type1", "target"); HP_Party2_Button:SetAttribute("unit", "party2"); RegisterUnitWatch(HP_Party2_Button);</OnLoad>
      <OnMouseUp>HPParty2OnMouseUp();</OnMouseUp>
      <OnMouseDown>HPParty2OnMouseDown(); gHUDDropdownMenu();</OnMouseDown>
      <OnEnter>HP_Party2_Button:SetHighlightTexture(Options.texture.BarHeightINV);</OnEnter>
    </Scripts>
  </Button>
  <!--....  BACKGROUND  HP_PARTY3....-->
  <Frame name="HP_PARTY3_FRAME" parent="UIParent" frameStrata="BACKGROUND" inherits="SecureUnitButtonTemplate">
    <Size>
      <AbsDimension x="10" y="50"/>
    </Size>
    <Anchors>
      <Anchor point="BOTTOM" relativePoint="TOP" relativeTo="HP_PARTY2_FRAME">
        <Offset>
          <AbsDimension x="0" y="4"/>
        </Offset>
      </Anchor>
    </Anchors>
    <Layers>
      <Layer level="BACKGROUND">
        <Texture name="HP_PARTY3_BG_TEXTURE1">
          <Color r="1" g="1" b="1" a="1.0"/>
          <Anchors>
            <Anchor point="BOTTOMLEFT" relativePoint="BOTTOMLEFT" relativeTo="HP_PARTY3_FRAME">
              <Offset>
                <AbsDimension x="0" y="0"/>
              </Offset>
            </Anchor>
          </Anchors>
        </Texture>
      </Layer>
      <Layer level="BORDER">
        <Texture name="HP_PARTY3_BG_TEXTURE2">
          <Color r="0" g="0" b="0" a="1.0"/>
          <Anchors>
            <Anchor point="BOTTOMLEFT" relativePoint="BOTTOMLEFT" relativeTo="HP_PARTY3_BG_TEXTURE1">
              <Offset>
                <AbsDimension x="1" y="1"/>
              </Offset>
            </Anchor>
          </Anchors>
        </Texture>
      </Layer>
    </Layers>
    <!--....  BAR HP_PARTY3  ....-->
    <Frames>
      <Frame name="HP_PARTY3_BAR" parent="HP_PARTY3_FRAME">
        <Size>
          <AbsDimension x="10" y="19"/>
        </Size>
        <Anchors>
          <Anchor point="BOTTOM" relativePoint="BOTTOM">
            <Offset>
              <AbsDimension x="0" y="0"/>
            </Offset>
          </Anchor>
        </Anchors>
        <Layers>
          <Layer>
            <Texture name="HP_PARTY3_BAR_TEXTURE"/>
          </Layer>
          <!--....  hp party3 name text  ....-->
          <Layer>
            <FontString name="HP_PARTY3_NAME" inherits="GameFontNormalSmall">
              <Anchors>
                <Anchor point="TOPRIGHT" relativePoint="TOPLEFT" relativeTo="HP_PARTY3_BG_TEXTURE1">
                  <Offset>
                    <AbsDimension x="-2" y="0"/>
                  </Offset>
                </Anchor>
              </Anchors>
            </FontString>
          </Layer>
          <!--....  hp party3 deficit text....-->
          <Layer>
            <FontString name="HP_PARTY3_DEFICIT" inherits="GameFontNormalSmall" text="hp_deficit_p3">
              <Anchors>
                <Anchor point="TOPRIGHT" relativePoint="TOPLEFT" relativeTo="HP_PARTY3_BAR">
                  <Offset>
                    <AbsDimension x="-2" y="0"/>
                  </Offset>
                </Anchor>
              </Anchors>
            </FontString>
          </Layer>
        </Layers>
      </Frame>
    </Frames>
    <Scripts>
      <OnLoad>HP_PARTY3_FRAME:SetAttribute("unit", "party3"); RegisterUnitWatch(HP_PARTY3_FRAME); gHUDOnLoad();</OnLoad>
      <OnEvent>Load_HP_Party3();</OnEvent>
      <OnUpdate>HP_Party3(arg1);</OnUpdate>
      <OnMouseUp>gHUD_mouse_OnMouseUp();</OnMouseUp>
      <OnMouseDown>gHUD_mouse_OnMouseDown();</OnMouseDown>
    </Scripts>
  </Frame>
  <!--.... HP Party3 Button....-->
  <Button name="HP_Party3_Button" parent="HP_PARTY3_FRAME" inherits="SecureUnitButtonTemplate" frameStrata="LOW">
    <Size>
      <AbsDimension x="10" y="20"/>
    </Size>
    <Anchors>
      <Anchor point="CENTER"/>
    </Anchors>
    <Scripts>
      <OnLoad>this:RegisterForClicks("AnyUp"); HP_Party3_Button:SetAttribute("type1", "target"); HP_Party3_Button:SetAttribute("unit", "party3"); RegisterUnitWatch(HP_Party3_Button);</OnLoad>
      <OnMouseUp>HPParty3OnMouseUp();</OnMouseUp>
      <OnMouseDown>HPParty3OnMouseDown(); gHUDDropdownMenu();</OnMouseDown>
      <OnEnter>HP_Party3_Button:SetHighlightTexture(Options.texture.BarHeightINV);</OnEnter>
    </Scripts>
  </Button>
  <!--....  BACKGROUND  HP_PARTY4....-->
  <Frame name="HP_PARTY4_FRAME" parent="UIParent" frameStrata="BACKGROUND" inherits="SecureUnitButtonTemplate">
    <Size>
      <AbsDimension x="10" y="50"/>
    </Size>
    <Anchors>
      <Anchor point="BOTTOM" relativePoint="TOP" relativeTo="HP_PARTY3_FRAME">
        <Offset>
          <AbsDimension x="0" y="4"/>
        </Offset>
      </Anchor>
    </Anchors>
    <Layers>
      <Layer level="BACKGROUND">
        <Texture name="HP_PARTY4_BG_TEXTURE1">
          <Color r="1" g="1" b="1" a="1.0"/>
          <Anchors>
            <Anchor point="BOTTOMLEFT" relativePoint="BOTTOMLEFT" relativeTo="HP_PARTY4_FRAME">
              <Offset>
                <AbsDimension x="0" y="0"/>
              </Offset>
            </Anchor>
          </Anchors>
        </Texture>
      </Layer>
      <Layer level="BORDER">
        <Texture name="HP_PARTY4_BG_TEXTURE2">
          <Color r="0" g="0" b="0" a="1.0"/>
          <Anchors>
            <Anchor point="BOTTOMLEFT" relativePoint="BOTTOMLEFT" relativeTo="HP_PARTY4_BG_TEXTURE1">
              <Offset>
                <AbsDimension x="1" y="1"/>
              </Offset>
            </Anchor>
          </Anchors>
        </Texture>
      </Layer>
    </Layers>
    <!--....  BAR HP_PARTY4  ....-->
    <Frames>
      <Frame name="HP_PARTY4_BAR" parent="HP_PARTY4_FRAME">
        <Size>
          <AbsDimension x="10" y="19"/>
        </Size>
        <Anchors>
          <Anchor point="BOTTOM" relativePoint="BOTTOM">
            <Offset>
              <AbsDimension x="0" y="0"/>
            </Offset>
          </Anchor>
        </Anchors>
        <Layers>
          <Layer>
            <Texture name="HP_PARTY4_BAR_TEXTURE"/>
          </Layer>
          <!--....  hp party4 name text  ....-->
          <Layer>
            <FontString name="HP_PARTY4_NAME" inherits="GameFontNormalSmall">
              <Anchors>
                <Anchor point="TOPRIGHT" relativePoint="TOPLEFT" relativeTo="HP_PARTY4_BG_TEXTURE1">
                  <Offset>
                    <AbsDimension x="-2" y="0"/>
                  </Offset>
                </Anchor>
              </Anchors>
            </FontString>
          </Layer>
          <!--....  hp party4 deficit text....-->
          <Layer>
            <FontString name="HP_PARTY4_DEFICIT" inherits="GameFontNormalSmall" text="hp_deficit_p4">
              <Anchors>
                <Anchor point="TOPRIGHT" relativePoint="TOPLEFT" relativeTo="HP_PARTY4_BAR">
                  <Offset>
                    <AbsDimension x="-2" y="0"/>
                  </Offset>
                </Anchor>
              </Anchors>
            </FontString>
          </Layer>
        </Layers>
      </Frame>
    </Frames>
    <Scripts>
      <OnLoad>HP_PARTY4_FRAME:SetAttribute("unit", "party4"); RegisterUnitWatch(HP_PARTY4_FRAME); gHUDOnLoad();</OnLoad>
      <OnEvent>Load_HP_Party4();</OnEvent>
      <OnUpdate>HP_Party4(arg1);</OnUpdate>
      <OnMouseUp>gHUD_mouse_OnMouseUp();</OnMouseUp>
      <OnMouseDown>gHUD_mouse_OnMouseDown();</OnMouseDown>
    </Scripts>
  </Frame>
  <!--.... HP Party4 Button....-->
  <Button name="HP_Party4_Button" parent="HP_PARTY4_FRAME" inherits="SecureUnitButtonTemplate" frameStrata="LOW">
    <Size>
      <AbsDimension x="10" y="20"/>
    </Size>
    <Anchors>
      <Anchor point="CENTER"/>
    </Anchors>
    <Scripts>
      <OnLoad>this:RegisterForClicks("AnyUp"); HP_Party4_Button:SetAttribute("type1", "target"); HP_Party4_Button:SetAttribute("unit", "party4"); RegisterUnitWatch(HP_Party4_Button);</OnLoad>
      <OnMouseUp>HPParty4OnMouseUp();</OnMouseUp>
      <OnMouseDown>HPParty4OnMouseDown(); gHUDDropdownMenu();</OnMouseDown>
      <OnEnter>HP_Party4_Button:SetHighlightTexture(Options.texture.BarHeightINV);</OnEnter>
    </Scripts>
  </Button>
  <!--....  BACKGROUND  MP_PARTY1....-->
  <Frame name="MP_PARTY1_FRAME" parent="UIParent" frameStrata="BACKGROUND" inherits="SecureUnitButtonTemplate">
    <Size>
      <AbsDimension x="10" y="50"/>
    </Size>
    <Anchors>
      <Anchor point="BOTTOM" relativePoint="BOTTOM" relativeTo="MP_PLAYER_FRAME">
        <Offset>
          <AbsDimension x="0" y="0"/>
        </Offset>
      </Anchor>
    </Anchors>
    <Layers>
      <Layer level="BACKGROUND">
        <Texture name="MP_PARTY1_BG_TEXTURE1">
          <Color r="1" g="1" b="1" a="1.0"/>
          <Anchors>
            <Anchor point="BOTTOMLEFT" relativePoint="BOTTOMLEFT" relativeTo="MP_PARTY1_FRAME">
              <Offset>
                <AbsDimension x="0" y="0"/>
              </Offset>
            </Anchor>
          </Anchors>
        </Texture>
      </Layer>
      <Layer level="BORDER">
        <Texture name="MP_PARTY1_BG_TEXTURE2">
          <Color r="0" g="0" b="0" a="1.0"/>
          <Anchors>
            <Anchor point="BOTTOMLEFT" relativePoint="BOTTOMLEFT" relativeTo="MP_PARTY1_BG_TEXTURE1">
              <Offset>
                <AbsDimension x="1" y="1"/>
              </Offset>
            </Anchor>
          </Anchors>
        </Texture>
      </Layer>
    </Layers>
    <!--....  BAR MP_PARTY1  ....-->
    <Frames>
      <Frame name="MP_PARTY1_BAR" parent="MP_PARTY1_FRAME">
        <Size>
          <AbsDimension x="10" y="19"/>
        </Size>
        <Anchors>
          <Anchor point="BOTTOM" relativePoint="BOTTOM">
            <Offset>
              <AbsDimension x="0" y="0"/>
            </Offset>
          </Anchor>
        </Anchors>
        <Layers>
          <Layer>
            <Texture name="MP_PARTY1_BAR_TEXTURE"/>
          </Layer>
          <!--....  mp party1 deficit text....-->
          <Layer>
            <FontString name="MP_PARTY1_DEFICIT" inherits="GameFontNormalSmall" text="hp_deficit_p1">
              <Anchors>
                <Anchor point="TOPLEFT" relativePoint="TOPRIGHT" relativeTo="MP_PARTY1_BAR">
                  <Offset>
                    <AbsDimension x="2" y="0"/>
                  </Offset>
                </Anchor>
              </Anchors>
            </FontString>
          </Layer>
        </Layers>
      </Frame>
    </Frames>
    <Scripts>
      <OnLoad>MP_PARTY1_FRAME:SetAttribute("unit", "party1"); RegisterUnitWatch(MP_PARTY1_FRAME); gHUDOnLoad();</OnLoad>
      <OnEvent>Load_MP_Party1();</OnEvent>
      <OnUpdate>MP_Party1(arg1);</OnUpdate>
      <OnMouseUp>gHUD_mouse_OnMouseUp();</OnMouseUp>
      <OnMouseDown>gHUD_mouse_OnMouseDown();</OnMouseDown>
    </Scripts>
  </Frame>
  <!--.... MP Party1 Button....-->
  <Button name="MP_Party1_Button" parent="MP_PARTY1_FRAME" inherits="SecureUnitButtonTemplate" frameStrata="LOW">
    <Size>
      <AbsDimension x="10" y="20"/>
    </Size>
    <Anchors>
      <Anchor point="CENTER"/>
    </Anchors>
    <Scripts>
      <OnLoad>this:RegisterForClicks("AnyUp"); MP_Party1_Button:SetAttribute("type1", "target"); MP_Party1_Button:SetAttribute("unit", "party1"); RegisterUnitWatch(MP_Party1_Button);</OnLoad>
      <OnMouseUp>MPParty1OnMouseUp();</OnMouseUp>
      <OnMouseDown>MPParty1OnMouseDown(); gHUDDropdownMenu();</OnMouseDown>
      <OnEnter>MP_Party1_Button:SetHighlightTexture(Options.texture.BarHeightINV);</OnEnter>
    </Scripts>
  </Button>
  <!--....  BACKGROUND  MP_PARTY2....-->
  <Frame name="MP_PARTY2_FRAME" parent="UIParent" frameStrata="BACKGROUND" inherits="SecureUnitButtonTemplate">
    <Size>
      <AbsDimension x="10" y="50"/>
    </Size>
    <Anchors>
      <Anchor point="BOTTOM" relativePoint="TOP" relativeTo="MP_PARTY1_FRAME">
        <Offset>
          <AbsDimension x="0" y="4"/>
        </Offset>
      </Anchor>
    </Anchors>
    <Layers>
      <Layer level="BACKGROUND">
        <Texture name="MP_PARTY2_BG_TEXTURE1">
          <Color r="1" g="1" b="1" a="1.0"/>
          <Anchors>
            <Anchor point="BOTTOMLEFT" relativePoint="BOTTOMLEFT" relativeTo="MP_PARTY2_FRAME">
              <Offset>
                <AbsDimension x="0" y="0"/>
              </Offset>
            </Anchor>
          </Anchors>
        </Texture>
      </Layer>
      <Layer level="BORDER">
        <Texture name="MP_PARTY2_BG_TEXTURE2">
          <Color r="0" g="0" b="0" a="1.0"/>
          <Anchors>
            <Anchor point="BOTTOMLEFT" relativePoint="BOTTOMLEFT" relativeTo="MP_PARTY2_BG_TEXTURE1">
              <Offset>
                <AbsDimension x="1" y="1"/>
              </Offset>
            </Anchor>
          </Anchors>
        </Texture>
      </Layer>
    </Layers>
    <!--....  BAR MP_PARTY2  ....-->
    <Frames>
      <Frame name="MP_PARTY2_BAR" parent="MP_PARTY2_FRAME">
        <Size>
          <AbsDimension x="10" y="19"/>
        </Size>
        <Anchors>
          <Anchor point="BOTTOM" relativePoint="BOTTOM">
            <Offset>
              <AbsDimension x="0" y="0"/>
            </Offset>
          </Anchor>
        </Anchors>
        <Layers>
          <Layer>
            <Texture name="MP_PARTY2_BAR_TEXTURE"/>
          </Layer>
          <!--....  mp PARTY2 deficit text....-->
          <Layer>
            <FontString name="MP_PARTY2_DEFICIT" inherits="GameFontNormalSmall" text="hp_deficit_p2">
              <Anchors>
                <Anchor point="TOPLEFT" relativePoint="TOPRIGHT" relativeTo="MP_PARTY2_BAR">
                  <Offset>
                    <AbsDimension x="2" y="0"/>
                  </Offset>
                </Anchor>
              </Anchors>
            </FontString>
          </Layer>
        </Layers>
      </Frame>
    </Frames>
    <Scripts>
      <OnLoad>MP_PARTY2_FRAME:SetAttribute("unit", "party2"); RegisterUnitWatch(MP_PARTY2_FRAME); gHUDOnLoad();</OnLoad>
      <OnEvent>Load_MP_Party2();</OnEvent>
      <OnUpdate>MP_Party2(arg1);</OnUpdate>
      <OnMouseUp>gHUD_mouse_OnMouseUp();</OnMouseUp>
      <OnMouseDown>gHUD_mouse_OnMouseDown();</OnMouseDown>
    </Scripts>
  </Frame>
  <!--.... MP Party2 Button....-->
  <Button name="MP_Party2_Button" parent="MP_PARTY2_FRAME" inherits="SecureUnitButtonTemplate" frameStrata="LOW">
    <Size>
      <AbsDimension x="10" y="20"/>
    </Size>
    <Anchors>
      <Anchor point="CENTER"/>
    </Anchors>
    <Scripts>
      <OnLoad>this:RegisterForClicks("AnyUp"); MP_Party2_Button:SetAttribute("type1", "target"); MP_Party2_Button:SetAttribute("unit", "party2"); RegisterUnitWatch(MP_Party2_Button);</OnLoad>
      <OnMouseUp>MPParty2OnMouseUp();</OnMouseUp>
      <OnMouseDown>MPParty2OnMouseDown(); gHUDDropdownMenu();</OnMouseDown>
      <OnEnter>MP_Party2_Button:SetHighlightTexture(Options.texture.BarHeightINV);</OnEnter>
    </Scripts>
  </Button>
  <!--....  BACKGROUND  MP_PARTY3....-->
  <Frame name="MP_PARTY3_FRAME" parent="UIParent" frameStrata="BACKGROUND" inherits="SecureUnitButtonTemplate">
    <Size>
      <AbsDimension x="10" y="50"/>
    </Size>
    <Anchors>
      <Anchor point="BOTTOM" relativePoint="TOP" relativeTo="MP_PARTY2_FRAME">
        <Offset>
          <AbsDimension x="0" y="4"/>
        </Offset>
      </Anchor>
    </Anchors>
    <Layers>
      <Layer level="BACKGROUND">
        <Texture name="MP_PARTY3_BG_TEXTURE1">
          <Color r="1" g="1" b="1" a="1.0"/>
          <Anchors>
            <Anchor point="BOTTOMLEFT" relativePoint="BOTTOMLEFT" relativeTo="MP_PARTY3_FRAME">
              <Offset>
                <AbsDimension x="0" y="0"/>
              </Offset>
            </Anchor>
          </Anchors>
        </Texture>
      </Layer>
      <Layer level="BORDER">
        <Texture name="MP_PARTY3_BG_TEXTURE2">
          <Color r="0" g="0" b="0" a="1.0"/>
          <Anchors>
            <Anchor point="BOTTOMLEFT" relativePoint="BOTTOMLEFT" relativeTo="MP_PARTY3_BG_TEXTURE1">
              <Offset>
                <AbsDimension x="1" y="1"/>
              </Offset>
            </Anchor>
          </Anchors>
        </Texture>
      </Layer>
    </Layers>
    <!--....  BAR MP_PARTY3  ....-->
    <Frames>
      <Frame name="MP_PARTY3_BAR" parent="MP_PARTY3_FRAME">
        <Size>
          <AbsDimension x="10" y="19"/>
        </Size>
        <Anchors>
          <Anchor point="BOTTOM" relativePoint="BOTTOM">
            <Offset>
              <AbsDimension x="0" y="0"/>
            </Offset>
          </Anchor>
        </Anchors>
        <Layers>
          <Layer>
            <Texture name="MP_PARTY3_BAR_TEXTURE"/>
          </Layer>
          <!--....  mp PARTY3 deficit text....-->
          <Layer>
            <FontString name="MP_PARTY3_DEFICIT" inherits="GameFontNormalSmall" text="hp_deficit_p3">
              <Anchors>
                <Anchor point="TOPLEFT" relativePoint="TOPRIGHT" relativeTo="MP_PARTY3_BAR">
                  <Offset>
                    <AbsDimension x="2" y="0"/>
                  </Offset>
                </Anchor>
              </Anchors>
            </FontString>
          </Layer>
        </Layers>
      </Frame>
    </Frames>
    <Scripts>
      <OnLoad>MP_PARTY3_FRAME:SetAttribute("unit", "party3"); RegisterUnitWatch(MP_PARTY3_FRAME); gHUDOnLoad();</OnLoad>
      <OnEvent>Load_MP_Party3();</OnEvent>
      <OnUpdate>MP_Party3(arg1);</OnUpdate>
      <OnMouseUp>gHUD_mouse_OnMouseUp();</OnMouseUp>
      <OnMouseDown>gHUD_mouse_OnMouseDown();</OnMouseDown>
    </Scripts>
  </Frame>
  <!--.... MP Party3 Button....-->
  <Button name="MP_Party3_Button" parent="MP_PARTY3_FRAME" inherits="SecureUnitButtonTemplate" frameStrata="LOW">
    <Size>
      <AbsDimension x="10" y="20"/>
    </Size>
    <Anchors>
      <Anchor point="CENTER"/>
    </Anchors>
    <Scripts>
      <OnLoad>this:RegisterForClicks("AnyUp"); MP_Party3_Button:SetAttribute("type1", "target"); MP_Party3_Button:SetAttribute("unit", "party3"); RegisterUnitWatch(MP_Party3_Button);</OnLoad>
      <OnMouseUp>MPParty3OnMouseUp();</OnMouseUp>
      <OnMouseDown>MPParty3OnMouseDown(); gHUDDropdownMenu();</OnMouseDown>
      <OnEnter>MP_Party3_Button:SetHighlightTexture(Options.texture.BarHeightINV);</OnEnter>
    </Scripts>
  </Button>
  <!--....  BACKGROUND  MP_PARTY4....-->
  <Frame name="MP_PARTY4_FRAME" parent="UIParent" frameStrata="BACKGROUND" inherits="SecureUnitButtonTemplate">
    <Size>
      <AbsDimension x="10" y="50"/>
    </Size>
    <Anchors>
      <Anchor point="BOTTOM" relativePoint="TOP" relativeTo="MP_PARTY3_FRAME">
        <Offset>
          <AbsDimension x="0" y="4"/>
        </Offset>
      </Anchor>
    </Anchors>
    <Layers>
      <Layer level="BACKGROUND">
        <Texture name="MP_PARTY4_BG_TEXTURE1">
          <Color r="1" g="1" b="1" a="1.0"/>
          <Anchors>
            <Anchor point="BOTTOMLEFT" relativePoint="BOTTOMLEFT" relativeTo="MP_PARTY4_FRAME">
              <Offset>
                <AbsDimension x="0" y="0"/>
              </Offset>
            </Anchor>
          </Anchors>
        </Texture>
      </Layer>
      <Layer level="BORDER">
        <Texture name="MP_PARTY4_BG_TEXTURE2">
          <Color r="0" g="0" b="0" a="1.0"/>
          <Anchors>
            <Anchor point="BOTTOMLEFT" relativePoint="BOTTOMLEFT" relativeTo="MP_PARTY4_BG_TEXTURE1">
              <Offset>
                <AbsDimension x="1" y="1"/>
              </Offset>
            </Anchor>
          </Anchors>
        </Texture>
      </Layer>
    </Layers>
    <!--....  BAR MP_PARTY4  ....-->
    <Frames>
      <Frame name="MP_PARTY4_BAR" parent="MP_PARTY4_FRAME">
        <Size>
          <AbsDimension x="10" y="19"/>
        </Size>
        <Anchors>
          <Anchor point="BOTTOM" relativePoint="BOTTOM">
            <Offset>
              <AbsDimension x="0" y="0"/>
            </Offset>
          </Anchor>
        </Anchors>
        <Layers>
          <Layer>
            <Texture name="MP_PARTY4_BAR_TEXTURE"/>
          </Layer>
          <!--....  mp PARTY4 deficit text....-->
          <Layer>
            <FontString name="MP_PARTY4_DEFICIT" inherits="GameFontNormalSmall" text="hp_deficit_p4">
              <Anchors>
                <Anchor point="TOPLEFT" relativePoint="TOPRIGHT" relativeTo="MP_PARTY4_BAR">
                  <Offset>
                    <AbsDimension x="2" y="0"/>
                  </Offset>
                </Anchor>
              </Anchors>
            </FontString>
          </Layer>
        </Layers>
      </Frame>
    </Frames>
    <Scripts>
      <OnLoad>MP_PARTY4_FRAME:SetAttribute("unit", "party4"); RegisterUnitWatch(MP_PARTY4_FRAME); gHUDOnLoad();</OnLoad>
      <OnEvent>Load_MP_Party4();</OnEvent>
      <OnUpdate>MP_Party4(arg1);</OnUpdate>
      <OnMouseUp>gHUD_mouse_OnMouseUp();</OnMouseUp>
      <OnMouseDown>gHUD_mouse_OnMouseDown();</OnMouseDown>
    </Scripts>
  </Frame>
  <!--.... MP Party4 Button....-->
  <Button name="MP_Party4_Button" parent="MP_PARTY4_FRAME" inherits="SecureUnitButtonTemplate" frameStrata="LOW">
    <Size>
      <AbsDimension x="10" y="20"/>
    </Size>
    <Anchors>
      <Anchor point="CENTER"/>
    </Anchors>
    <Scripts>
      <OnLoad>this:RegisterForClicks("AnyUp"); MP_Party4_Button:SetAttribute("type1", "target"); MP_Party4_Button:SetAttribute("unit", "party4"); RegisterUnitWatch(MP_Party4_Button);</OnLoad>
      <OnMouseUp>MPParty4OnMouseUp();</OnMouseUp>
      <OnMouseDown>MPParty4OnMouseDown(); gHUDDropdownMenu();</OnMouseDown>
      <OnEnter>MP_Party4_Button:SetHighlightTexture(Options.texture.BarHeightINV);</OnEnter>
    </Scripts>
  </Button>
</Ui>