<Ui xmlns="http://www.blizzard.com/wow/ui/" xmlns:xsi="http://www.w3.org/2001/XMLSchema-instance"   xsi:schemaLocation="http://www.blizzard.com/wow/ui/"> 

<!-- CB TT -->
	<CheckButton name="showTTCB" parent="ttTab" inherits="OptionsCheckButtonTemplate" checked="true">
		<Size><AbsDimension x="25" y="25"/></Size>
		<Anchors>
			<Anchor point="TOPLEFT">
				<Offset>
					<AbsDimension x="10" y="-30"></AbsDimension>
				</Offset>
			</Anchor>
		</Anchors>
		<Layers>
			<Layer>
				<FontString inherits="GameFontNormalSmall" text="Show Target's Target">
					<Anchors>
						<Anchor point="LEFT" relativePoint="RIGHT">
							<Offset><AbsDimension x="0" y="0"/></Offset>
						</Anchor>
					</Anchors>
				</FontString>
			</Layer>
		</Layers>
		<Scripts>
			<OnClick>
				ttShowCBOnClick();
			</OnClick>
		</Scripts>
	</CheckButton>
	
<!-- CB tt name direction -->
	<CheckButton name="hpttFontDirectionCB" parent="ttTab" inherits="OptionsCheckButtonTemplate">
		<Size><AbsDimension x="25" y="25"/></Size>
		<Anchors>
			<Anchor point="TOP" >
				<Offset>
					<AbsDimension x="10" y="-30"></AbsDimension>
				</Offset>
			</Anchor>
		</Anchors>
		<Layers>
			<Layer>
				<FontString inherits="GameFontNormalSmall" text="Health Font Left">
					<Anchors>
						<Anchor point="LEFT" relativePoint="RIGHT">
							<Offset><AbsDimension x="0" y="0"/></Offset>
						</Anchor>
					</Anchors>
				</FontString>
			</Layer>
		</Layers>
		<Scripts>
			<OnClick>
				hpttFontDirectionCBOnClick();
			</OnClick>
		</Scripts>
	</CheckButton>
	
	<CheckButton name="mpttFontDirectionCB" parent="ttTab" inherits="OptionsCheckButtonTemplate">
		<Size><AbsDimension x="25" y="25"/></Size>
		<Anchors>
			<Anchor point="TOP" >
				<Offset>
					<AbsDimension x="10" y="-65"></AbsDimension>
				</Offset>
			</Anchor>
		</Anchors>
		<Layers>
			<Layer>
				<FontString inherits="GameFontNormalSmall" text="Mana Font Left">
					<Anchors>
						<Anchor point="LEFT" relativePoint="RIGHT">
							<Offset><AbsDimension x="0" y="0"/></Offset>
						</Anchor>
					</Anchors>
				</FontString>
			</Layer>
		</Layers>
		<Scripts>
			<OnClick>
				mpttFontDirectionCBOnClick();
			</OnClick>
		</Scripts>
	</CheckButton>
	
	<CheckButton name="ttNameCB" parent="showTTCB" inherits="OptionsCheckButtonTemplate" checked="true">
		<Size><AbsDimension x="25" y="25"/></Size>
		<Anchors>
			<Anchor point="TOP" relativePoint="BOTTOM">
				<Offset>
					<AbsDimension x="0" y="-10"></AbsDimension>
				</Offset>
			</Anchor>
		</Anchors>
		<Layers>
			<Layer>
				<FontString inherits="GameFontNormalSmall" text="Target's Target Name">
					<Anchors>
						<Anchor point="LEFT" relativePoint="RIGHT">
							<Offset><AbsDimension x="0" y="0"/></Offset>
						</Anchor>
					</Anchors>
				</FontString>
			</Layer>
		</Layers>
		<Scripts>
			<OnClick>
				ttNameCBOnClick();
			</OnClick>
		</Scripts>
	</CheckButton>

	
	<!-- Sliders TT -->
	<Slider name="ttNameFormatSlider" parent="ttTab" inherits="OptionsSliderTemplate">
		<Size><AbsDimension x="300" y="15"/></Size>
		<Anchors>
			<Anchor point="TOPLEFT">
				<Offset><AbsDimension x="10" y="-110"/></Offset>
			</Anchor>
		</Anchors>
		<Layers>
			<Layer>
				<FontString inherits="GameFontNormalSmall" text="Name Format">
					<Anchors>
						<Anchor point="BOTTOMLEFT" relativePoint="TOPLEFT">
							<Offset><AbsDimension x="0" y="0"/></Offset>
						</Anchor>
					</Anchors>
				</FontString>
			</Layer>
			<Layer>
				<FontString name="ttNameFormatStatus" inherits="GameFontNormalSmall" text="status">
					<Anchors>
						<Anchor point="BOTTOMRIGHT" relativePoint="TOPRIGHT">
							<Offset><AbsDimension x="0" y="0"/></Offset>
						</Anchor>
					</Anchors>
				</FontString>
			</Layer>
		</Layers>
		<Scripts>
			<OnValueChanged>
				ttNameFormatSliderOnValueChanged();
			</OnValueChanged>
		</Scripts>
	</Slider>
	<Button name="ttNameFormatSliderMinus" parent="ttNameFormatSlider" inherits="OptionsButtonTemplate" text="-">
		<Size><AbsDimension x="15" y="15"/></Size>
		<Anchors>
			<Anchor point="LEFT" relativePoint="RIGHT">
				<Offset>
					<AbsDimension x="5" y="0"/>
				</Offset>
			</Anchor>
		</Anchors>
		<Scripts>
			<OnClick>
				ttNameFormatSlider:SetValue(ttNameFormatSlider:GetValue()-ttNameFormatSlider:GetValueStep());
			</OnClick>
		</Scripts>
	</Button>
	<Button name="ttNameFormatSliderPlus" parent="ttNameFormatSliderMinus" inherits="OptionsButtonTemplate" text="+">
		<Size><AbsDimension x="15" y="15"/></Size>
		<Anchors>
			<Anchor point="LEFT" relativePoint="RIGHT">
				<Offset>
					<AbsDimension x="5" y="0"/>
				</Offset>
			</Anchor>
		</Anchors>
		<Scripts>
			<OnClick> 
				ttNameFormatSlider:SetValue(ttNameFormatSlider:GetValue()+ttNameFormatSlider:GetValueStep());
			</OnClick>
		</Scripts>
	</Button>

	<!--Right-->	
	<Slider name="ttHpXSlider" parent="ttNameFormatSlider" inherits="OptionsSliderTemplate">
		<Size><AbsDimension x="300" y="15"/></Size>
		<Anchors>
			<Anchor point="TOP" relativePoint="BOTTOM">
				<Offset><AbsDimension x="0" y="-135"/></Offset>
			</Anchor>
		</Anchors>
		<Layers>
			<Layer>
				<FontString inherits="GameFontNormalSmall" text="Health X">
					<Anchors>
						<Anchor point="BOTTOMLEFT" relativePoint="TOPLEFT">
							<Offset><AbsDimension x="0" y="0"/></Offset>
						</Anchor>
					</Anchors>
				</FontString>
			</Layer>
			<Layer>
				<FontString name="ttHpXStatus" inherits="GameFontNormalSmall" text="status">
					<Anchors>
						<Anchor point="BOTTOMRIGHT" relativePoint="TOPRIGHT">
							<Offset><AbsDimension x="0" y="0"/></Offset>
						</Anchor>
					</Anchors>
				</FontString>
			</Layer>
		</Layers>
		<Scripts>
			<OnValueChanged>
				ttHpXSliderOnValueChanged();
			</OnValueChanged>
		</Scripts>
	</Slider>
	<Button name="ttHpXSliderMinus" parent="ttHpXSlider" inherits="OptionsButtonTemplate" text="-">
		<Size><AbsDimension x="15" y="15"/></Size>
		<Anchors>
			<Anchor point="LEFT" relativePoint="RIGHT">
				<Offset>
					<AbsDimension x="5" y="0"/>
				</Offset>
			</Anchor>
		</Anchors>
		<Scripts>
			<OnClick>
				ttHpXSlider:SetValue(ttHpXSlider:GetValue()-ttHpXSlider:GetValueStep());
			</OnClick>
		</Scripts>
	</Button>
	<Button name="ttHpXSliderPlus" parent="ttHpXSliderMinus" inherits="OptionsButtonTemplate" text="+">
		<Size><AbsDimension x="15" y="15"/></Size>
		<Anchors>
			<Anchor point="LEFT" relativePoint="RIGHT">
				<Offset>
					<AbsDimension x="5" y="0"/>
				</Offset>
			</Anchor>
		</Anchors>
		<Scripts>
			<OnClick> 
				ttHpXSlider:SetValue(ttHpXSlider:GetValue()+ttHpXSlider:GetValueStep());
			</OnClick>
		</Scripts>
	</Button>

	<Slider name="ttHpYSlider" parent="ttHpXSlider" inherits="OptionsSliderTemplate">
		<Size><AbsDimension x="300" y="15"/></Size>
		<Anchors>
			<Anchor point="TOP" relativePoint="BOTTOM">
				<Offset><AbsDimension x="0" y="-25"/></Offset>
			</Anchor>
		</Anchors>
		<Layers>
			<Layer>
				<FontString inherits="GameFontNormalSmall" text="Health Y">
					<Anchors>
						<Anchor point="BOTTOMLEFT" relativePoint="TOPLEFT">
							<Offset><AbsDimension x="0" y="0"/></Offset>
						</Anchor>
					</Anchors>
				</FontString>
			</Layer>
			<Layer>
				<FontString name="ttHpYStatus" inherits="GameFontNormalSmall" text="status">
					<Anchors>
						<Anchor point="BOTTOMRIGHT" relativePoint="TOPRIGHT">
							<Offset><AbsDimension x="0" y="0"/></Offset>
						</Anchor>
					</Anchors>
				</FontString>
			</Layer>
		</Layers>
		<Scripts>
			<OnValueChanged>
				ttHpYSliderOnValueChanged();
			</OnValueChanged>
		</Scripts>
	</Slider>
	<Button name="ttHpYSliderMinus" parent="ttHpYSlider" inherits="OptionsButtonTemplate" text="-">
		<Size><AbsDimension x="15" y="15"/></Size>
		<Anchors>
			<Anchor point="LEFT" relativePoint="RIGHT">
				<Offset>
					<AbsDimension x="5" y="0"/>
				</Offset>
			</Anchor>
		</Anchors>
		<Scripts>
			<OnClick>
				ttHpYSlider:SetValue(ttHpYSlider:GetValue()-ttHpYSlider:GetValueStep());
			</OnClick>
		</Scripts>
	</Button>
	<Button name="ttHpYSliderPlus" parent="ttHpYSliderMinus" inherits="OptionsButtonTemplate" text="+">
		<Size><AbsDimension x="15" y="15"/></Size>
		<Anchors>
			<Anchor point="LEFT" relativePoint="RIGHT">
				<Offset>
					<AbsDimension x="5" y="0"/>
				</Offset>
			</Anchor>
		</Anchors>
		<Scripts>
			<OnClick> 
				ttHpYSlider:SetValue(ttHpYSlider:GetValue()+ttHpYSlider:GetValueStep());
			</OnClick>
		</Scripts>
	</Button>
	
	
	
	<Slider name="ttMpXSlider" parent="ttHpYSlider" inherits="OptionsSliderTemplate">
		<Size><AbsDimension x="300" y="15"/></Size>
		<Anchors>
			<Anchor point="TOP" relativePoint="BOTTOM">
				<Offset><AbsDimension x="0" y="-40"/></Offset>
			</Anchor>
		</Anchors>
		<Layers>
			<Layer>
				<FontString inherits="GameFontNormalSmall" text="Mana X">
					<Anchors>
						<Anchor point="BOTTOMLEFT" relativePoint="TOPLEFT">
							<Offset><AbsDimension x="0" y="0"/></Offset>
						</Anchor>
					</Anchors>
				</FontString>
			</Layer>
			<Layer>
				<FontString name="ttMpXStatus" inherits="GameFontNormalSmall" text="status">
					<Anchors>
						<Anchor point="BOTTOMRIGHT" relativePoint="TOPRIGHT">
							<Offset><AbsDimension x="0" y="0"/></Offset>
						</Anchor>
					</Anchors>
				</FontString>
			</Layer>
		</Layers>
		<Scripts>
			<OnValueChanged>
				ttMpXSliderOnValueChanged();
			</OnValueChanged>
		</Scripts>
	</Slider>
	<Button name="ttMpXSliderMinus" parent="ttMpXSlider" inherits="OptionsButtonTemplate" text="-">
		<Size><AbsDimension x="15" y="15"/></Size>
		<Anchors>
			<Anchor point="LEFT" relativePoint="RIGHT">
				<Offset>
					<AbsDimension x="5" y="0"/>
				</Offset>
			</Anchor>
		</Anchors>
		<Scripts>
			<OnClick>
				ttMpXSlider:SetValue(ttMpXSlider:GetValue()-ttMpXSlider:GetValueStep());
			</OnClick>
		</Scripts>
	</Button>
	<Button name="ttMpXSliderPlus" parent="ttMpXSliderMinus" inherits="OptionsButtonTemplate" text="+">
		<Size><AbsDimension x="15" y="15"/></Size>
		<Anchors>
			<Anchor point="LEFT" relativePoint="RIGHT">
				<Offset>
					<AbsDimension x="5" y="0"/>
				</Offset>
			</Anchor>
		</Anchors>
		<Scripts>
			<OnClick> 
				ttMpXSlider:SetValue(ttMpXSlider:GetValue()+ttMpXSlider:GetValueStep());
			</OnClick>
		</Scripts>
	</Button>

	<Slider name="ttMpYSlider" parent="ttMpXSlider" inherits="OptionsSliderTemplate">
		<Size><AbsDimension x="300" y="15"/></Size>
		<Anchors>
			<Anchor point="TOP" relativePoint="BOTTOM">
				<Offset><AbsDimension x="0" y="-25"/></Offset>
			</Anchor>
		</Anchors>
		<Layers>
			<Layer>
				<FontString inherits="GameFontNormalSmall" text="Mana Y">
					<Anchors>
						<Anchor point="BOTTOMLEFT" relativePoint="TOPLEFT">
							<Offset><AbsDimension x="0" y="0"/></Offset>
						</Anchor>
					</Anchors>
				</FontString>
			</Layer>
			<Layer>
				<FontString name="ttMpYStatus" inherits="GameFontNormalSmall" text="status">
					<Anchors>
						<Anchor point="BOTTOMRIGHT" relativePoint="TOPRIGHT">
							<Offset><AbsDimension x="0" y="0"/></Offset>
						</Anchor>
					</Anchors>
				</FontString>
			</Layer>
		</Layers>
		<Scripts>
			<OnValueChanged>
				ttMpYSliderOnValueChanged();
			</OnValueChanged>
		</Scripts>
	</Slider>
	<Button name="ttMpYSliderMinus" parent="ttMpYSlider" inherits="OptionsButtonTemplate" text="-">
		<Size><AbsDimension x="15" y="15"/></Size>
		<Anchors>
			<Anchor point="LEFT" relativePoint="RIGHT">
				<Offset>
					<AbsDimension x="5" y="0"/>
				</Offset>
			</Anchor>
		</Anchors>
		<Scripts>
			<OnClick>
				ttMpYSlider:SetValue(ttMpYSlider:GetValue()-ttMpYSlider:GetValueStep());
			</OnClick>
		</Scripts>
	</Button>
	<Button name="ttMpYSliderPlus" parent="ttMpYSliderMinus" inherits="OptionsButtonTemplate" text="+">
		<Size><AbsDimension x="15" y="15"/></Size>
		<Anchors>
			<Anchor point="LEFT" relativePoint="RIGHT">
				<Offset>
					<AbsDimension x="5" y="0"/>
				</Offset>
			</Anchor>
		</Anchors>
		<Scripts>
			<OnClick> 
				ttMpYSlider:SetValue(ttMpYSlider:GetValue()+ttMpYSlider:GetValueStep());
			</OnClick>
		</Scripts>
	</Button>
		

	<Slider name="ttDefMaxSlider" parent="ttMpYSlider" inherits="OptionsSliderTemplate">
		<Size><AbsDimension x="300" y="15"/></Size>
		<Anchors>
			<Anchor point="TOP" relativePoint="BOTTOM">
				<Offset><AbsDimension x="0" y="-40"/></Offset>
			</Anchor>
		</Anchors>
		<Layers>
			<Layer>
				<FontString inherits="GameFontNormalSmall" text="Deficit Max">
					<Anchors>
						<Anchor point="BOTTOMLEFT" relativePoint="TOPLEFT">
							<Offset><AbsDimension x="0" y="0"/></Offset>
						</Anchor>
					</Anchors>
				</FontString>
			</Layer>
			<Layer>
				<FontString name="ttDefMaxStatus" inherits="GameFontNormalSmall" text="status">
					<Anchors>
						<Anchor point="BOTTOMRIGHT" relativePoint="TOPRIGHT">
							<Offset><AbsDimension x="0" y="0"/></Offset>
						</Anchor>
					</Anchors>
				</FontString>
			</Layer>
		</Layers>
		<Scripts>
			<OnValueChanged>
				ttDefMaxSliderOnValueChanged();
			</OnValueChanged>
		</Scripts>
	</Slider>
	<Button name="ttDefMaxSliderMinus" parent="ttDefMaxSlider" inherits="OptionsButtonTemplate" text="-">
		<Size><AbsDimension x="15" y="15"/></Size>
		<Anchors>
			<Anchor point="LEFT" relativePoint="RIGHT">
				<Offset>
					<AbsDimension x="5" y="0"/>
				</Offset>
			</Anchor>
		</Anchors>
		<Scripts>
			<OnClick>
				ttDefMaxSlider:SetValue(ttDefMaxSlider:GetValue()-ttDefMaxSlider:GetValueStep());
			</OnClick>
		</Scripts>
	</Button>
	<Button name="ttDefMaxSliderPlus" parent="ttDefMaxSliderMinus" inherits="OptionsButtonTemplate" text="+">
		<Size><AbsDimension x="15" y="15"/></Size>
		<Anchors>
			<Anchor point="LEFT" relativePoint="RIGHT">
				<Offset>
					<AbsDimension x="5" y="0"/>
				</Offset>
			</Anchor>
		</Anchors>
		<Scripts>
			<OnClick> 
				ttDefMaxSlider:SetValue(ttDefMaxSlider:GetValue()+ttDefMaxSlider:GetValueStep());
			</OnClick>
		</Scripts>
	</Button>

	<Slider name="ttDefMinSlider" parent="ttDefMaxSlider" inherits="OptionsSliderTemplate">
		<Size><AbsDimension x="300" y="15"/></Size>
		<Anchors>
			<Anchor point="TOP" relativePoint="BOTTOM">
				<Offset><AbsDimension x="0" y="-25"/></Offset>
			</Anchor>
		</Anchors>
		<Layers>
			<Layer>
				<FontString inherits="GameFontNormalSmall" text="Deficit Min">
					<Anchors>
						<Anchor point="BOTTOMLEFT" relativePoint="TOPLEFT">
							<Offset><AbsDimension x="0" y="0"/></Offset>
						</Anchor>
					</Anchors>
				</FontString>
			</Layer>
			<Layer>
				<FontString name="ttDefMinStatus" inherits="GameFontNormalSmall" text="status">
					<Anchors>
						<Anchor point="BOTTOMRIGHT" relativePoint="TOPRIGHT">
							<Offset><AbsDimension x="0" y="0"/></Offset>
						</Anchor>
					</Anchors>
				</FontString>
			</Layer>
		</Layers>
		<Scripts>
			<OnValueChanged>
				ttDefMinSliderOnValueChanged();
			</OnValueChanged>
		</Scripts>
	</Slider>
	<Button name="ttDefMinSliderMinus" parent="ttDefMinSlider" inherits="OptionsButtonTemplate" text="-">
		<Size><AbsDimension x="15" y="15"/></Size>
		<Anchors>
			<Anchor point="LEFT" relativePoint="RIGHT">
				<Offset>
					<AbsDimension x="5" y="0"/>
				</Offset>
			</Anchor>
		</Anchors>
		<Scripts>
			<OnClick>
				ttDefMinSlider:SetValue(ttDefMinSlider:GetValue()-ttDefMinSlider:GetValueStep());
			</OnClick>
		</Scripts>
	</Button>
	<Button name="ttDefMinSliderPlus" parent="ttDefMinSliderMinus" inherits="OptionsButtonTemplate" text="+">
		<Size><AbsDimension x="15" y="15"/></Size>
		<Anchors>
			<Anchor point="LEFT" relativePoint="RIGHT">
				<Offset>
					<AbsDimension x="5" y="0"/>
				</Offset>
			</Anchor>
		</Anchors>
		<Scripts>
			<OnClick> 
				ttDefMinSlider:SetValue(ttDefMinSlider:GetValue()+ttDefMinSlider:GetValueStep());
			</OnClick>
		</Scripts>
	</Button>
</Ui>