﻿<Ui xmlns="http://www.blizzard.com/wow/ui/" xmlns:xsi="http://www.w3.org/2001/XMLSchema-instance" xsi:schemaLocation="http://www.blizzard.com/wow/ui/">
  
  
  <script file="gHUD_default.lua"/>
  <script file="gHUD.lua"/>
  
  <!--....  BACKGROUND  HP_PLAYER....-->
  <Frame name="HP_PLAYER_FRAME" parent="UIParent" frameStrata="BACKGROUND" inherits="SecureUnitButtonTemplate">
    <Size>
      <AbsDimension x="10" y="200"/>
    </Size>
    <Anchors>
      <Anchor point="BOTTOM">
        <Offset>
          <AbsDimension x="0" y="0"/>
        </Offset>
      </Anchor>
    </Anchors>
    <Layers>
      <Layer level="BACKGROUND">
        <Texture name="HP_PLAYER_BG_TEXTURE1">
          <Color r="1" g="1" b="1" a="1.0"/>
          <Anchors>
            <Anchor point="BOTTOMLEFT" relativePoint="BOTTOMLEFT" relativeTo="HP_PLAYER_FRAME">
              <Offset>
                <AbsDimension x="0" y="0"/>
              </Offset>
            </Anchor>
          </Anchors>
        </Texture>
      </Layer>
      <Layer level="BORDER">
        <Texture name="HP_PLAYER_BG_TEXTURE2">
          <Color r="0" g="0" b="0" a="1.0"/>
          <Anchors>
            <Anchor point="BOTTOMLEFT" relativePoint="BOTTOMLEFT" relativeTo="HP_PLAYER_BG_TEXTURE1">
              <Offset>
                <AbsDimension x="1" y="1"/>
              </Offset>
            </Anchor>
          </Anchors>
        </Texture>
      </Layer>
    </Layers>
    <!--....  BAR HP_PLAYER  ....-->
    <Frames>
      <Frame name="HP_PLAYER_BAR" parent="HP_PLAYER_FRAME">
        <Size>
          <AbsDimension x="10" y="100"/>
        </Size>
        <Anchors>
          <Anchor point="BOTTOM" relativePoint="BOTTOM">
            <Offset>
              <AbsDimension x="0" y="0"/>
            </Offset>
          </Anchor>
        </Anchors>
        <Layers>
          <Layer>
            <Texture name="HP_PLAYER_BAR_TEXTURE"/>
          </Layer>
          <!--....  hp player max text  ....-->
          <Layer>
            <FontString name="HP_PLAYER_MAX" inherits="GameFontNormalSmall" text="hp_max_p">
              <Anchors>
                <Anchor point="BOTTOMRIGHT" relativePoint="TOPRIGHT" relativeTo="HP_PLAYER_FRAME">
                  <Offset>
                    <AbsDimension x="0" y="4"/>
                  </Offset>
                </Anchor>
              </Anchors>
            </FontString>
          </Layer>
          <!--....  hp player name text  ....-->
          <Layer>
            <FontString name="HP_PLAYER_NAME" inherits="GameFontNormalSmall" text="hp_name_p">
              <Anchors>
                <Anchor point="BOTTOMRIGHT" relativePoint="TOPRIGHT" relativeTo="HP_PLAYER_MAX">
                  <Offset>
                    <AbsDimension x="0" y="4"/>
                  </Offset>
                </Anchor>
              </Anchors>
            </FontString>
          </Layer>
          <!--....  hp player percent text  ....-->
          <Layer>
            <FontString name="HP_PLAYER_PERCENT" inherits="GameFontNormalSmall" text="hp_percent_p">
              <Anchors>
                <Anchor point="TOPRIGHT" relativePoint="BOTTOMRIGHT" relativeTo="HP_PLAYER_FRAME">
                  <Offset>
                    <AbsDimension x="0" y="-2"/>
                  </Offset>
                </Anchor>
              </Anchors>
            </FontString>
          </Layer>
          <!--....  hp player deficit text....-->
          <Layer>
            <FontString name="HP_PLAYER_DEFICIT" inherits="GameFontNormalSmall" text="hp_deficit_p">
              <Anchors>
                <Anchor point="TOPRIGHT" relativePoint="TOPLEFT" relativeTo="HP_PLAYER_BAR">
                  <Offset>
                    <AbsDimension x="-2" y="0"/>
                  </Offset>
                </Anchor>
              </Anchors>
            </FontString>
          </Layer>
        </Layers>
      </Frame>
    </Frames>
    <Scripts>
      <OnLoad>HP_PLAYER_FRAME:SetAttribute("unit", "player"); RegisterUnitWatch(HP_PLAYER_FRAME); gHUDOnLoad();</OnLoad>
      <OnEvent>Load_HP_Player();</OnEvent>
      <OnUpdate>HP_Player(arg1);</OnUpdate>
      <OnMouseUp>gHUD_mouse_OnMouseUp();</OnMouseUp>
      <OnMouseDown>gHUD_mouse_OnMouseDown();</OnMouseDown>
    </Scripts>
  </Frame>
  <!--....  HP Player Button....-->
  <Button name="HP_Player_Button" parent="HP_PLAYER_FRAME" inherits="SecureUnitButtonTemplate" frameStrata="LOW">
    <Size>
      <AbsDimension x="10" y="250"/>
    </Size>
    <Anchors>
      <Anchor point="CENTER"/>
    </Anchors>
    <Scripts>
      <OnLoad>this:RegisterForClicks("AnyUp"); HP_Player_Button:SetAttribute("type1", "target"); HP_Player_Button:SetAttribute("unit", "player"); RegisterUnitWatch(HP_Player_Button);</OnLoad>
      <OnMouseUp>HPPlayerOnMouseUp();</OnMouseUp>
      <OnMouseDown>HPPlayerOnMouseDown(); gHUDDropdownMenu();</OnMouseDown>
      <OnEnter>HP_Player_Button:SetHighlightTexture(Options.texture.BarHeightINV);</OnEnter>
    </Scripts>
  </Button>
  <!--....  BACKGROUND  MP_PLAYER....-->
  <Frame name="MP_PLAYER_FRAME" parent="UIParent" frameStrata="BACKGROUND" inherits="SecureUnitButtonTemplate">
    <Size>
      <AbsDimension x="10" y="200"/>
    </Size>
    <Anchors>
      <Anchor point="BOTTOM">
        <Offset>
          <AbsDimension x="0" y="0"/>
        </Offset>
      </Anchor>
    </Anchors>
    <Layers>
      <Layer level="BACKGROUND">
        <Texture name="MP_PLAYER_BG_TEXTURE1">
          <Color r="1" g="1" b="1" a="1.0"/>
          <Anchors>
            <Anchor point="BOTTOMLEFT" relativePoint="BOTTOMLEFT" relativeTo="MP_PLAYER_FRAME">
              <Offset>
                <AbsDimension x="0" y="0"/>
              </Offset>
            </Anchor>
          </Anchors>
        </Texture>
      </Layer>
      <Layer level="BORDER">
        <Texture name="MP_PLAYER_BG_TEXTURE2">
          <Color r="0" g="0" b="0" a="1.0"/>
          <Anchors>
            <Anchor point="BOTTOMLEFT" relativePoint="BOTTOMLEFT" relativeTo="MP_PLAYER_BG_TEXTURE1">
              <Offset>
                <AbsDimension x="1" y="1"/>
              </Offset>
            </Anchor>
          </Anchors>
        </Texture>
      </Layer>
    </Layers>
    <!--....  BAR MP_PLAYER  ....-->
    <Frames>
      <Frame name="MP_PLAYER_BAR" parent="MP_PLAYER_FRAME">
        <Size>
          <AbsDimension x="10" y="100"/>
        </Size>
        <Anchors>
          <Anchor point="BOTTOM" relativePoint="BOTTOM">
            <Offset>
              <AbsDimension x="0" y="0"/>
            </Offset>
          </Anchor>
        </Anchors>
        <Layers>
          <Layer>
            <Texture name="MP_PLAYER_BAR_TEXTURE"/>
          </Layer>
          <!--....  mp player max text  ....-->
          <Layer>
            <FontString name="MP_PLAYER_MAX" inherits="GameFontNormalSmall" text="mp_max_p">
              <Anchors>
                <Anchor point="BOTTOMLEFT" relativePoint="TOPLEFT" relativeTo="MP_PLAYER_FRAME">
                  <Offset>
                    <AbsDimension x="0" y="4"/>
                  </Offset>
                </Anchor>
              </Anchors>
            </FontString>
          </Layer>
          <!--....  mp player percent text  ....-->
          <Layer>
            <FontString name="MP_PLAYER_PERCENT" inherits="GameFontNormalSmall" text="mp_percent_p">
              <Anchors>
                <Anchor point="TOPLEFT" relativePoint="BOTTOMLEFT" relativeTo="MP_PLAYER_FRAME">
                  <Offset>
                    <AbsDimension x="0" y="-2"/>
                  </Offset>
                </Anchor>
              </Anchors>
            </FontString>
          </Layer>
          <!--....  mp player deficit text  ....-->
          <Layer>
            <FontString name="MP_PLAYER_DEFICIT" inherits="GameFontNormalSmall" text="mp_deficit_p">
              <Anchors>
                <Anchor point="TOPLEFT" relativePoint="TOPRIGHT" relativeTo="MP_PLAYER_BAR">
                  <Offset>
                    <AbsDimension x="2" y="0"/>
                  </Offset>
                </Anchor>
              </Anchors>
            </FontString>
          </Layer>
        </Layers>
      </Frame>
    </Frames>
    <Scripts>
      <OnLoad>MP_PLAYER_FRAME:SetAttribute("unit", "player"); RegisterUnitWatch(MP_PLAYER_FRAME); gHUDOnLoad();</OnLoad>
      <OnEvent>Load_MP_Player();</OnEvent>
      <OnUpdate>MP_Player(arg1);</OnUpdate>
      <OnMouseUp>gHUD_mouse_OnMouseUp();</OnMouseUp>
      <OnMouseDown>gHUD_mouse_OnMouseDown();</OnMouseDown>
    </Scripts>
  </Frame>
  <!--.... MP Player Button....-->
  <Button name="MP_Player_Button" parent="MP_PLAYER_FRAME" inherits="SecureUnitButtonTemplate" frameStrata="LOW">
    <Size>
      <AbsDimension x="10" y="20"/>
    </Size>
    <Anchors>
      <Anchor point="CENTER"/>
    </Anchors>
    <Scripts>
      <OnLoad>this:RegisterForClicks("AnyUp"); MP_Player_Button:SetAttribute("type1", "target"); MP_Player_Button:SetAttribute("unit", "player"); RegisterUnitWatch(MP_Player_Button);</OnLoad>
      <OnMouseUp>MPPlayerOnMouseUp();</OnMouseUp>
      <OnMouseDown>MPPlayerOnMouseDown(); gHUDDropdownMenu();</OnMouseDown>
      <OnEnter>MP_Player_Button:SetHighlightTexture(Options.texture.BarHeightINV);</OnEnter>
    </Scripts>
  </Button>
</Ui>