﻿<Ui xmlns="http://www.blizzard.com/wow/ui/" xmlns:xsi="http://www.w3.org/2001/XMLSchema-instance" xsi:schemaLocation="http://www.blizzard.com/wow/ui/">


  <!--....  BACKGROUND  HP_TARGETTARGET....-->
  <Frame name="HP_TARGETTARGET_FRAME" parent="UIParent" frameStrata="BACKGROUND" inherits="SecureUnitButtonTemplate">
    <Size>
      <AbsDimension x="10" y="200"/>
    </Size>
    <Anchors>
      <Anchor point="BOTTOM" relativePoint="BOTTOM" relativeTo="HP_TARGET_FRAME">
        <Offset>
          <AbsDimension x="0" y="0"/>
        </Offset>
      </Anchor>
    </Anchors>
    <Layers>
      <Layer level="BACKGROUND">
        <Texture name="HP_TARGETTARGET_BG_TEXTURE1">
          <Color r="1" g="1" b="1" a="1.0"/>
          <Anchors>
            <Anchor point="BOTTOMLEFT" relativePoint="BOTTOMLEFT" relativeTo="HP_TARGETTARGET_FRAME">
              <Offset>
                <AbsDimension x="0" y="0"/>
              </Offset>
            </Anchor>
          </Anchors>
        </Texture>
      </Layer>
      <Layer level="BORDER">
        <Texture name="HP_TARGETTARGET_BG_TEXTURE2">
          <Color r="0" g="0" b="0" a="1.0"/>
          <Anchors>
            <Anchor point="BOTTOMLEFT" relativePoint="BOTTOMLEFT" relativeTo="HP_TARGETTARGET_BG_TEXTURE1">
              <Offset>
                <AbsDimension x="1" y="1"/>
              </Offset>
            </Anchor>
          </Anchors>
        </Texture>
      </Layer>
    </Layers>
    <!--....  BAR HP_TARGETTARGET  ....-->
    <Frames>
      <Frame name="HP_TARGETTARGET_BAR" parent="HP_TARGETTARGET_FRAME">
        <Size>
          <AbsDimension x="10" y="100"/>
        </Size>
        <Anchors>
          <Anchor point="BOTTOM" relativePoint="BOTTOM">
            <Offset>
              <AbsDimension x="0" y="0"/>
            </Offset>
          </Anchor>
        </Anchors>
        <Layers>
          <Layer>
            <Texture name="HP_TARGETTARGET_BAR_TEXTURE"/>
          </Layer>
          <!--....  hp targettarget max text  ....-->
          <Layer>
            <FontString name="HP_TARGETTARGET_MAX" inherits="GameFontNormalSmall" text="hp_max_tt">
              <Anchors>
                <Anchor point="BOTTOMLEFT" relativePoint="TOPLEFT" relativeTo="HP_TARGETTARGET_FRAME">
                  <Offset>
                    <AbsDimension x="0" y="4"/>
                  </Offset>
                </Anchor>
              </Anchors>
            </FontString>
          </Layer>
          <!--....  hp targettarget name text  ....-->
          <Layer>
            <FontString name="HP_TARGETTARGET_NAME" inherits="GameFontNormalSmall" text="hp_name_tt">
              <Anchors>
                <Anchor point="BOTTOMLEFT" relativePoint="TOPLEFT" relativeTo="HP_TARGETTARGET_MAX">
                  <Offset>
                    <AbsDimension x="0" y="4"/>
                  </Offset>
                </Anchor>
              </Anchors>
            </FontString>
          </Layer>
          <!--....  hp targettarget percent text  ....-->
          <Layer>
            <FontString name="HP_TARGETTARGET_PERCENT" inherits="GameFontNormalSmall" text="hp_percent_tt">
              <Anchors>
                <Anchor point="TOPLEFT" relativePoint="BOTTOMLEFT" relativeTo="HP_TARGETTARGET_FRAME">
                  <Offset>
                    <AbsDimension x="0" y="-2"/>
                  </Offset>
                </Anchor>
              </Anchors>
            </FontString>
          </Layer>
          <!--....  hp targettarget deficit text....-->
          <Layer>
            <FontString name="HP_TARGETTARGET_DEFICIT" inherits="GameFontNormalSmall" text="hp_deficit_tt">
              <Anchors>
                <Anchor point="TOPLEFT" relativePoint="TOPRIGHT" relativeTo="HP_TARGETTARGET_BAR">
                  <Offset>
                    <AbsDimension x="2" y="0"/>
                  </Offset>
                </Anchor>
              </Anchors>
            </FontString>
          </Layer>
        </Layers>
      </Frame>
    </Frames>
    <Scripts>
      <OnLoad>HP_TARGETTARGET_FRAME:SetAttribute("unit", "targettarget"); RegisterUnitWatch(HP_TARGETTARGET_FRAME); gHUDOnLoad();</OnLoad>
      <OnEvent>Load_HP_TargetTarget();</OnEvent>
      <OnUpdate>HP_TargetTarget(arg1);</OnUpdate>
      <OnMouseUp>gHUD_mouse_OnMouseUp();</OnMouseUp>
      <OnMouseDown>gHUD_mouse_OnMouseDown();</OnMouseDown>
    </Scripts>
  </Frame>
  <!--.... HP TargetTarget Button....-->
  <Button name="HP_TargetTarget_Button" parent="HP_TARGETTARGET_FRAME" inherits="SecureUnitButtonTemplate" frameStrata="LOW">
    <Size>
      <AbsDimension x="10" y="20"/>
    </Size>
    <Anchors>
      <Anchor point="CENTER"/>
    </Anchors>
    <Scripts>
      <OnLoad>this:RegisterForClicks("AnyUp"); HP_TargetTarget_Button:SetAttribute("type1", "target"); HP_TargetTarget_Button:SetAttribute("unit", "targettarget"); RegisterUnitWatch(HP_TargetTarget_Button);</OnLoad>
      <OnMouseUp>HPTargetTargetOnMouseUp();</OnMouseUp>
      <OnMouseDown>HPTargetTargetOnMouseDown();</OnMouseDown>
      <OnEnter>HP_TargetTarget_Button:SetHighlightTexture(Options.texture.BarHeightINV);</OnEnter>
    </Scripts>
  </Button>
  <!--....  BACKGROUND  MP_TARGETTARGET....-->
  <Frame name="MP_TARGETTARGET_FRAME" parent="UIParent" frameStrata="BACKGROUND" inherits="SecureUnitButtonTemplate">
    <Size>
      <AbsDimension x="10" y="200"/>
    </Size>
    <Anchors>
      <Anchor point="BOTTOM" relativePoint="BOTTOM" relativeTo="MP_TARGET_FRAME">
        <Offset>
          <AbsDimension x="0" y="0"/>
        </Offset>
      </Anchor>
    </Anchors>
    <Layers>
      <Layer level="BACKGROUND">
        <Texture name="MP_TARGETTARGET_BG_TEXTURE1">
          <Color r="1" g="1" b="1" a="1.0"/>
          <Anchors>
            <Anchor point="BOTTOMLEFT" relativePoint="BOTTOMLEFT" relativeTo="MP_TARGETTARGET_FRAME">
              <Offset>
                <AbsDimension x="0" y="0"/>
              </Offset>
            </Anchor>
          </Anchors>
        </Texture>
      </Layer>
      <Layer level="BORDER">
        <Texture name="MP_TARGETTARGET_BG_TEXTURE2">
          <Color r="0" g="0" b="0" a="1.0"/>
          <Anchors>
            <Anchor point="BOTTOMLEFT" relativePoint="BOTTOMLEFT" relativeTo="MP_TARGETTARGET_BG_TEXTURE1">
              <Offset>
                <AbsDimension x="1" y="1"/>
              </Offset>
            </Anchor>
          </Anchors>
        </Texture>
      </Layer>
    </Layers>
    <!--....  BAR MP_TARGETTARGET  ....-->
    <Frames>
      <Frame name="MP_TARGETTARGET_BAR" parent="MP_TARGETTARGET_FRAME">
        <Size>
          <AbsDimension x="10" y="100"/>
        </Size>
        <Anchors>
          <Anchor point="BOTTOM" relativePoint="BOTTOM">
            <Offset>
              <AbsDimension x="0" y="0"/>
            </Offset>
          </Anchor>
        </Anchors>
        <Layers>
          <Layer>
            <Texture name="MP_TARGETTARGET_BAR_TEXTURE"/>
          </Layer>
          <!--....  mp targettarget max text  ....-->
          <Layer>
            <FontString name="MP_TARGETTARGET_MAX" inherits="GameFontNormalSmall" text="mp_max_tt">
              <Anchors>
                <Anchor point="BOTTOMRIGHT" relativePoint="TOPRIGHT" relativeTo="MP_TARGETTARGET_FRAME">
                  <Offset>
                    <AbsDimension x="0" y="4"/>
                  </Offset>
                </Anchor>
              </Anchors>
            </FontString>
          </Layer>
          <!--....  mp targettarget percent text  ....-->
          <Layer>
            <FontString name="MP_TARGETTARGET_PERCENT" inherits="GameFontNormalSmall" text="mp_percent_tt">
              <Anchors>
                <Anchor point="TOPRIGHT" relativePoint="BOTTOMRIGHT" relativeTo="MP_TARGETTARGET_FRAME">
                  <Offset>
                    <AbsDimension x="0" y="-2"/>
                  </Offset>
                </Anchor>
              </Anchors>
            </FontString>
          </Layer>
          <!--....  mp targettarget deficit text  ....-->
          <Layer>
            <FontString name="MP_TARGETTARGET_DEFICIT" inherits="GameFontNormalSmall" text="mp_deficit_tt">
              <Anchors>
                <Anchor point="TOPRIGHT" relativePoint="TOPLEFT" relativeTo="MP_TARGETTARGET_BAR">
                  <Offset>
                    <AbsDimension x="-2" y="0"/>
                  </Offset>
                </Anchor>
              </Anchors>
            </FontString>
          </Layer>
        </Layers>
      </Frame>
    </Frames>
    <Scripts>
      <OnLoad>MP_TARGETTARGET_FRAME:SetAttribute("unit", "targettarget"); RegisterUnitWatch(MP_TARGETTARGET_FRAME); gHUDOnLoad();</OnLoad>
      <OnEvent>Load_MP_TargetTarget();</OnEvent>
      <OnUpdate>MP_TargetTarget(arg1);</OnUpdate>
      <OnMouseUp>gHUD_mouse_OnMouseUp();</OnMouseUp>
      <OnMouseDown>gHUD_mouse_OnMouseDown();</OnMouseDown>
    </Scripts>
  </Frame>
  <!--.... MP PetButton....-->
  <Button name="MP_TargetTarget_Button" parent="MP_TARGETTARGET_FRAME" inherits="SecureUnitButtonTemplate" frameStrata="LOW">
    <Size>
      <AbsDimension x="10" y="20"/>
    </Size>
    <Anchors>
      <Anchor point="CENTER"/>
    </Anchors>
    <Scripts>
      <OnLoad>this:RegisterForClicks("AnyUp"); MP_TargetTarget_Button:SetAttribute("type1", "target"); MP_TargetTarget_Button:SetAttribute("unit", "targettarget"); RegisterUnitWatch(MP_TargetTarget_Button);</OnLoad>
      <OnMouseUp>MPTargetTargetOnMouseUp();</OnMouseUp>
      <OnMouseDown>MPTargetTargetOnMouseDown();</OnMouseDown>
      <OnEnter>MP_TargetTarget_Button:SetHighlightTexture(Options.texture.BarHeightINV);</OnEnter>
    </Scripts>
  </Button>
</Ui>