<Ui xmlns="http://www.blizzard.com/wow/ui/" xmlns:xsi="http://www.w3.org/2001/XMLSchema-instance"   xsi:schemaLocation="http://www.blizzard.com/wow/ui/"> 

<!-- CB Pet -->
	<CheckButton name="showPetCB" parent="petTab" inherits="OptionsCheckButtonTemplate" checked="true">
		<Size><AbsDimension x="25" y="25"/></Size>
		<Anchors>
			<Anchor point="TOPLEFT">
				<Offset>
					<AbsDimension x="10" y="-30"></AbsDimension>
				</Offset>
			</Anchor>
		</Anchors>
		<Layers>
			<Layer>
				<FontString inherits="GameFontNormalSmall" text="Show Pet">
					<Anchors>
						<Anchor point="LEFT" relativePoint="RIGHT">
							<Offset><AbsDimension x="0" y="0"/></Offset>
						</Anchor>
					</Anchors>
				</FontString>
			</Layer>
		</Layers>
		<Scripts>
			<OnClick>
				petShowCBOnClick();
			</OnClick>
		</Scripts>
	</CheckButton>

	<!-- CB pet name direction -->
	<CheckButton name="hppetFontDirectionCB" parent="petTab" inherits="OptionsCheckButtonTemplate">
		<Size><AbsDimension x="25" y="25"/></Size>
		<Anchors>
			<Anchor point="TOP" >
				<Offset>
					<AbsDimension x="10" y="-30"></AbsDimension>
				</Offset>
			</Anchor>
		</Anchors>
		<Layers>
			<Layer>
				<FontString inherits="GameFontNormalSmall" text="Health Font Left">
					<Anchors>
						<Anchor point="LEFT" relativePoint="RIGHT">
							<Offset><AbsDimension x="0" y="0"/></Offset>
						</Anchor>
					</Anchors>
				</FontString>
			</Layer>
		</Layers>
		<Scripts>
			<OnClick>
				hppetFontDirectionCBOnClick();
			</OnClick>
		</Scripts>
	</CheckButton>
	
	<CheckButton name="mppetFontDirectionCB" parent="petTab" inherits="OptionsCheckButtonTemplate">
		<Size><AbsDimension x="25" y="25"/></Size>
		<Anchors>
			<Anchor point="TOP" >
				<Offset>
					<AbsDimension x="10" y="-65"></AbsDimension>
				</Offset>
			</Anchor>
		</Anchors>
		<Layers>
			<Layer>
				<FontString inherits="GameFontNormalSmall" text="Mana Font Left">
					<Anchors>
						<Anchor point="LEFT" relativePoint="RIGHT">
							<Offset><AbsDimension x="0" y="0"/></Offset>
						</Anchor>
					</Anchors>
				</FontString>
			</Layer>
		</Layers>
		<Scripts>
			<OnClick>
				mppetFontDirectionCBOnClick();
			</OnClick>
		</Scripts>
	</CheckButton>
	
	
	<CheckButton name="petNameCB" parent="showPetCB" inherits="OptionsCheckButtonTemplate" checked="true">
		<Size><AbsDimension x="25" y="25"/></Size>
		<Anchors>
			<Anchor point="TOP" relativePoint="BOTTOM">
				<Offset>
					<AbsDimension x="0" y="-10"></AbsDimension>
				</Offset>
			</Anchor>
		</Anchors>
		<Layers>
			<Layer>
				<FontString inherits="GameFontNormalSmall" text="Pet Name">
					<Anchors>
						<Anchor point="LEFT" relativePoint="RIGHT">
							<Offset><AbsDimension x="0" y="0"/></Offset>
						</Anchor>
					</Anchors>
				</FontString>
			</Layer>
		</Layers>
		<Scripts>
			<OnClick>
				petNameCBOnClick();
			</OnClick>
		</Scripts>
	</CheckButton>
	
	
<!-- Sliders Pet -->
	<Slider name="petNameFormatSlider" parent="petTab" inherits="OptionsSliderTemplate">
		<Size><AbsDimension x="300" y="15"/></Size>
		<Anchors>
			<Anchor point="TOPLEFT">
				<Offset><AbsDimension x="10" y="-110"/></Offset>
			</Anchor>
		</Anchors>
		<Layers>
			<Layer>
				<FontString inherits="GameFontNormalSmall" text="Name Format">
					<Anchors>
						<Anchor point="BOTTOMLEFT" relativePoint="TOPLEFT">
							<Offset><AbsDimension x="0" y="0"/></Offset>
						</Anchor>
					</Anchors>
				</FontString>
			</Layer>
			<Layer>
				<FontString name="petNameFormatStatus" inherits="GameFontNormalSmall" text="status">
					<Anchors>
						<Anchor point="BOTTOMRIGHT" relativePoint="TOPRIGHT">
							<Offset><AbsDimension x="0" y="0"/></Offset>
						</Anchor>
					</Anchors>
				</FontString>
			</Layer>
		</Layers>
		<Scripts>
			<OnValueChanged>
				petNameFormatSliderOnValueChanged();
			</OnValueChanged>
		</Scripts>
	</Slider>
	<Button name="petNameFormatSliderMinus" parent="petNameFormatSlider" inherits="OptionsButtonTemplate" text="-">
		<Size><AbsDimension x="15" y="15"/></Size>
		<Anchors>
			<Anchor point="LEFT" relativePoint="RIGHT">
				<Offset>
					<AbsDimension x="5" y="0"/>
				</Offset>
			</Anchor>
		</Anchors>
		<Scripts>
			<OnClick>
				petNameFormatSlider:SetValue(petNameFormatSlider:GetValue()-petNameFormatSlider:GetValueStep());
			</OnClick>
		</Scripts>
	</Button>
	<Button name="petNameFormatSliderPlus" parent="petNameFormatSliderMinus" inherits="OptionsButtonTemplate" text="+">
		<Size><AbsDimension x="15" y="15"/></Size>
		<Anchors>
			<Anchor point="LEFT" relativePoint="RIGHT">
				<Offset>
					<AbsDimension x="5" y="0"/>
				</Offset>
			</Anchor>
		</Anchors>
		<Scripts>
			<OnClick> 
				petNameFormatSlider:SetValue(petNameFormatSlider:GetValue()+petNameFormatSlider:GetValueStep());
			</OnClick>
		</Scripts>
	</Button>

	<!--Right-->	
	<Slider name="petHpXSlider" parent="petNameFormatSlider" inherits="OptionsSliderTemplate">
		<Size><AbsDimension x="300" y="15"/></Size>
		<Anchors>
			<Anchor point="TOP" relativePoint="BOTTOM">
				<Offset><AbsDimension x="0" y="-135"/></Offset>
			</Anchor>
		</Anchors>
		<Layers>
			<Layer>
				<FontString inherits="GameFontNormalSmall" text="Health X">
					<Anchors>
						<Anchor point="BOTTOMLEFT" relativePoint="TOPLEFT">
							<Offset><AbsDimension x="0" y="0"/></Offset>
						</Anchor>
					</Anchors>
				</FontString>
			</Layer>
			<Layer>
				<FontString name="petHpXStatus" inherits="GameFontNormalSmall" text="status">
					<Anchors>
						<Anchor point="BOTTOMRIGHT" relativePoint="TOPRIGHT">
							<Offset><AbsDimension x="0" y="0"/></Offset>
						</Anchor>
					</Anchors>
				</FontString>
			</Layer>
		</Layers>
		<Scripts>
			<OnValueChanged>
				petHpXSliderOnValueChanged();
			</OnValueChanged>
		</Scripts>
	</Slider>
	<Button name="petHpXSliderMinus" parent="petHpXSlider" inherits="OptionsButtonTemplate" text="-">
		<Size><AbsDimension x="15" y="15"/></Size>
		<Anchors>
			<Anchor point="LEFT" relativePoint="RIGHT">
				<Offset>
					<AbsDimension x="5" y="0"/>
				</Offset>
			</Anchor>
		</Anchors>
		<Scripts>
			<OnClick>
				petHpXSlider:SetValue(petHpXSlider:GetValue()-petHpXSlider:GetValueStep());
			</OnClick>
		</Scripts>
	</Button>
	<Button name="petHpXSliderPlus" parent="petHpXSliderMinus" inherits="OptionsButtonTemplate" text="+">
		<Size><AbsDimension x="15" y="15"/></Size>
		<Anchors>
			<Anchor point="LEFT" relativePoint="RIGHT">
				<Offset>
					<AbsDimension x="5" y="0"/>
				</Offset>
			</Anchor>
		</Anchors>
		<Scripts>
			<OnClick> 
				petHpXSlider:SetValue(petHpXSlider:GetValue()+petHpXSlider:GetValueStep());
			</OnClick>
		</Scripts>
	</Button>

	<Slider name="petHpYSlider" parent="petHpXSlider" inherits="OptionsSliderTemplate">
		<Size><AbsDimension x="300" y="15"/></Size>
		<Anchors>
			<Anchor point="TOP" relativePoint="BOTTOM">
				<Offset><AbsDimension x="0" y="-25"/></Offset>
			</Anchor>
		</Anchors>
		<Layers>
			<Layer>
				<FontString inherits="GameFontNormalSmall" text="Health Y">
					<Anchors>
						<Anchor point="BOTTOMLEFT" relativePoint="TOPLEFT">
							<Offset><AbsDimension x="0" y="0"/></Offset>
						</Anchor>
					</Anchors>
				</FontString>
			</Layer>
			<Layer>
				<FontString name="petHpYStatus" inherits="GameFontNormalSmall" text="status">
					<Anchors>
						<Anchor point="BOTTOMRIGHT" relativePoint="TOPRIGHT">
							<Offset><AbsDimension x="0" y="0"/></Offset>
						</Anchor>
					</Anchors>
				</FontString>
			</Layer>
		</Layers>
		<Scripts>
			<OnValueChanged>
				petHpYSliderOnValueChanged();
			</OnValueChanged>
		</Scripts>
	</Slider>
	<Button name="petHpYSliderMinus" parent="petHpYSlider" inherits="OptionsButtonTemplate" text="-">
		<Size><AbsDimension x="15" y="15"/></Size>
		<Anchors>
			<Anchor point="LEFT" relativePoint="RIGHT">
				<Offset>
					<AbsDimension x="5" y="0"/>
				</Offset>
			</Anchor>
		</Anchors>
		<Scripts>
			<OnClick>
				petHpYSlider:SetValue(petHpYSlider:GetValue()-petHpYSlider:GetValueStep());
			</OnClick>
		</Scripts>
	</Button>
	<Button name="petHpYSliderPlus" parent="petHpYSliderMinus" inherits="OptionsButtonTemplate" text="+">
		<Size><AbsDimension x="15" y="15"/></Size>
		<Anchors>
			<Anchor point="LEFT" relativePoint="RIGHT">
				<Offset>
					<AbsDimension x="5" y="0"/>
				</Offset>
			</Anchor>
		</Anchors>
		<Scripts>
			<OnClick> 
				petHpYSlider:SetValue(petHpYSlider:GetValue()+petHpYSlider:GetValueStep());
			</OnClick>
		</Scripts>
	</Button>
	
	
	<Slider name="petMpXSlider" parent="petHpYSlider" inherits="OptionsSliderTemplate">
		<Size><AbsDimension x="300" y="15"/></Size>
		<Anchors>
			<Anchor point="TOP" relativePoint="BOTTOM">
				<Offset><AbsDimension x="0" y="-40"/></Offset>
			</Anchor>
		</Anchors>
		<Layers>
			<Layer>
				<FontString inherits="GameFontNormalSmall" text="Mana X">
					<Anchors>
						<Anchor point="BOTTOMLEFT" relativePoint="TOPLEFT">
							<Offset><AbsDimension x="0" y="0"/></Offset>
						</Anchor>
					</Anchors>
				</FontString>
			</Layer>
			<Layer>
				<FontString name="petMpXStatus" inherits="GameFontNormalSmall" text="status">
					<Anchors>
						<Anchor point="BOTTOMRIGHT" relativePoint="TOPRIGHT">
							<Offset><AbsDimension x="0" y="0"/></Offset>
						</Anchor>
					</Anchors>
				</FontString>
			</Layer>
		</Layers>
		<Scripts>
			<OnValueChanged>
				petMpXSliderOnValueChanged();
			</OnValueChanged>
		</Scripts>
	</Slider>
	<Button name="petMpXSliderMinus" parent="petMpXSlider" inherits="OptionsButtonTemplate" text="-">
		<Size><AbsDimension x="15" y="15"/></Size>
		<Anchors>
			<Anchor point="LEFT" relativePoint="RIGHT">
				<Offset>
					<AbsDimension x="5" y="0"/>
				</Offset>
			</Anchor>
		</Anchors>
		<Scripts>
			<OnClick>
				petMpXSlider:SetValue(petMpXSlider:GetValue()-petMpXSlider:GetValueStep());
			</OnClick>
		</Scripts>
	</Button>
	<Button name="petMpXSliderPlus" parent="petMpXSliderMinus" inherits="OptionsButtonTemplate" text="+">
		<Size><AbsDimension x="15" y="15"/></Size>
		<Anchors>
			<Anchor point="LEFT" relativePoint="RIGHT">
				<Offset>
					<AbsDimension x="5" y="0"/>
				</Offset>
			</Anchor>
		</Anchors>
		<Scripts>
			<OnClick> 
				petMpXSlider:SetValue(petMpXSlider:GetValue()+petMpXSlider:GetValueStep());
			</OnClick>
		</Scripts>
	</Button>

	<Slider name="petMpYSlider" parent="petMpXSlider" inherits="OptionsSliderTemplate">
		<Size><AbsDimension x="300" y="15"/></Size>
		<Anchors>
			<Anchor point="TOP" relativePoint="BOTTOM">
				<Offset><AbsDimension x="0" y="-25"/></Offset>
			</Anchor>
		</Anchors>
		<Layers>
			<Layer>
				<FontString inherits="GameFontNormalSmall" text="Mana Y">
					<Anchors>
						<Anchor point="BOTTOMLEFT" relativePoint="TOPLEFT">
							<Offset><AbsDimension x="0" y="0"/></Offset>
						</Anchor>
					</Anchors>
				</FontString>
			</Layer>
			<Layer>
				<FontString name="petMpYStatus" inherits="GameFontNormalSmall" text="status">
					<Anchors>
						<Anchor point="BOTTOMRIGHT" relativePoint="TOPRIGHT">
							<Offset><AbsDimension x="0" y="0"/></Offset>
						</Anchor>
					</Anchors>
				</FontString>
			</Layer>
		</Layers>
		<Scripts>
			<OnValueChanged>
				petMpYSliderOnValueChanged();
			</OnValueChanged>
		</Scripts>
	</Slider>
	<Button name="petMpYSliderMinus" parent="petMpYSlider" inherits="OptionsButtonTemplate" text="-">
		<Size><AbsDimension x="15" y="15"/></Size>
		<Anchors>
			<Anchor point="LEFT" relativePoint="RIGHT">
				<Offset>
					<AbsDimension x="5" y="0"/>
				</Offset>
			</Anchor>
		</Anchors>
		<Scripts>
			<OnClick>
				petMpYSlider:SetValue(petMpYSlider:GetValue()-petMpYSlider:GetValueStep());
			</OnClick>
		</Scripts>
	</Button>
	<Button name="petMpYSliderPlus" parent="petMpYSliderMinus" inherits="OptionsButtonTemplate" text="+">
		<Size><AbsDimension x="15" y="15"/></Size>
		<Anchors>
			<Anchor point="LEFT" relativePoint="RIGHT">
				<Offset>
					<AbsDimension x="5" y="0"/>
				</Offset>
			</Anchor>
		</Anchors>
		<Scripts>
			<OnClick> 
				petMpYSlider:SetValue(petMpYSlider:GetValue()+petMpYSlider:GetValueStep());
			</OnClick>
		</Scripts>
	</Button>
	
	
	<Slider name="petDefMaxSlider" parent="petMpYSlider" inherits="OptionsSliderTemplate">
		<Size><AbsDimension x="300" y="15"/></Size>
		<Anchors>
			<Anchor point="TOP" relativePoint="BOTTOM">
				<Offset><AbsDimension x="0" y="-40"/></Offset>
			</Anchor>
		</Anchors>
		<Layers>
			<Layer>
				<FontString inherits="GameFontNormalSmall" text="Deficit Max">
					<Anchors>
						<Anchor point="BOTTOMLEFT" relativePoint="TOPLEFT">
							<Offset><AbsDimension x="0" y="0"/></Offset>
						</Anchor>
					</Anchors>
				</FontString>
			</Layer>
			<Layer>
				<FontString name="petDefMaxStatus" inherits="GameFontNormalSmall" text="status">
					<Anchors>
						<Anchor point="BOTTOMRIGHT" relativePoint="TOPRIGHT">
							<Offset><AbsDimension x="0" y="0"/></Offset>
						</Anchor>
					</Anchors>
				</FontString>
			</Layer>
		</Layers>
		<Scripts>
			<OnValueChanged>
				petDefMaxSliderOnValueChanged();
			</OnValueChanged>
		</Scripts>
	</Slider>
	<Button name="petDefMaxSliderMinus" parent="petDefMaxSlider" inherits="OptionsButtonTemplate" text="-">
		<Size><AbsDimension x="15" y="15"/></Size>
		<Anchors>
			<Anchor point="LEFT" relativePoint="RIGHT">
				<Offset>
					<AbsDimension x="5" y="0"/>
				</Offset>
			</Anchor>
		</Anchors>
		<Scripts>
			<OnClick>
				petDefMaxSlider:SetValue(petDefMaxSlider:GetValue()-petDefMaxSlider:GetValueStep());
			</OnClick>
		</Scripts>
	</Button>
	<Button name="petDefMaxSliderPlus" parent="petDefMaxSliderMinus" inherits="OptionsButtonTemplate" text="+">
		<Size><AbsDimension x="15" y="15"/></Size>
		<Anchors>
			<Anchor point="LEFT" relativePoint="RIGHT">
				<Offset>
					<AbsDimension x="5" y="0"/>
				</Offset>
			</Anchor>
		</Anchors>
		<Scripts>
			<OnClick> 
				petDefMaxSlider:SetValue(petDefMaxSlider:GetValue()+petDefMaxSlider:GetValueStep());
			</OnClick>
		</Scripts>
	</Button>

	<Slider name="petDefMinSlider" parent="petDefMaxSlider" inherits="OptionsSliderTemplate">
		<Size><AbsDimension x="300" y="15"/></Size>
		<Anchors>
			<Anchor point="TOP" relativePoint="BOTTOM">
				<Offset><AbsDimension x="0" y="-25"/></Offset>
			</Anchor>
		</Anchors>
		<Layers>
			<Layer>
				<FontString inherits="GameFontNormalSmall" text="Deficit Min">
					<Anchors>
						<Anchor point="BOTTOMLEFT" relativePoint="TOPLEFT">
							<Offset><AbsDimension x="0" y="0"/></Offset>
						</Anchor>
					</Anchors>
				</FontString>
			</Layer>
			<Layer>
				<FontString name="petDefMinStatus" inherits="GameFontNormalSmall" text="status">
					<Anchors>
						<Anchor point="BOTTOMRIGHT" relativePoint="TOPRIGHT">
							<Offset><AbsDimension x="0" y="0"/></Offset>
						</Anchor>
					</Anchors>
				</FontString>
			</Layer>
		</Layers>
		<Scripts>
			<OnValueChanged>
				petDefMinSliderOnValueChanged();
			</OnValueChanged>
		</Scripts>
	</Slider>
	<Button name="petDefMinSliderMinus" parent="petDefMinSlider" inherits="OptionsButtonTemplate" text="-">
		<Size><AbsDimension x="15" y="15"/></Size>
		<Anchors>
			<Anchor point="LEFT" relativePoint="RIGHT">
				<Offset>
					<AbsDimension x="5" y="0"/>
				</Offset>
			</Anchor>
		</Anchors>
		<Scripts>
			<OnClick>
				petDefMinSlider:SetValue(petDefMinSlider:GetValue()-petDefMinSlider:GetValueStep());
			</OnClick>
		</Scripts>
	</Button>
	<Button name="petDefMinSliderPlus" parent="petDefMinSliderMinus" inherits="OptionsButtonTemplate" text="+">
		<Size><AbsDimension x="15" y="15"/></Size>
		<Anchors>
			<Anchor point="LEFT" relativePoint="RIGHT">
				<Offset>
					<AbsDimension x="5" y="0"/>
				</Offset>
			</Anchor>
		</Anchors>
		<Scripts>
			<OnClick> 
				petDefMinSlider:SetValue(petDefMinSlider:GetValue()+petDefMinSlider:GetValueStep());
			</OnClick>
		</Scripts>
	</Button>

</Ui>