<Ui xmlns="http://www.blizzard.com/wow/ui/" xmlns:xsi="http://www.w3.org/2001/XMLSchema-instance"   xsi:schemaLocation="http://www.blizzard.com/wow/ui/"> 

<!-- UPDATE-->
<Slider name="updateSlider" parent="miscTab" inherits="OptionsSliderTemplate">
		<Size><AbsDimension x="130" y="15"/></Size>
		<Anchors>
			<Anchor point="TOPLEFT">
				<Offset><AbsDimension x="10" y="-40"/></Offset>
			</Anchor>
		</Anchors>
		<Layers>
			<Layer>
				<FontString inherits="GameFontNormalSmall" text="Update Per Second">
					<Anchors>
						<Anchor point="BOTTOMLEFT" relativePoint="TOPLEFT">
							<Offset><AbsDimension x="0" y="0"/></Offset>
						</Anchor>
					</Anchors>
				</FontString>
			</Layer>
			<Layer>
				<FontString name="UpdateStatus" inherits="GameFontNormalSmall" text="status">
					<Anchors>
						<Anchor point="BOTTOMRIGHT" relativePoint="TOPRIGHT">
							<Offset><AbsDimension x="0" y="0"/></Offset>
						</Anchor>
					</Anchors>
				</FontString>
			</Layer>
		</Layers>
		<Scripts>
			<OnValueChanged>
				updateSliderOnValueChanged();
			</OnValueChanged>
		</Scripts>
	</Slider>
	<Button name="updateSliderMinus" parent="updateSlider" inherits="OptionsButtonTemplate" text="-">
		<Size><AbsDimension x="15" y="15"/></Size>
		<Anchors>
			<Anchor point="LEFT" relativePoint="RIGHT">
				<Offset>
					<AbsDimension x="5" y="0"/>
				</Offset>
			</Anchor>
		</Anchors>
		<Scripts>
			<OnClick>
				updateSlider:SetValue(updateSlider:GetValue()-updateSlider:GetValueStep());
			</OnClick>
		</Scripts>
	</Button>
	<Button name="updateSliderPlus" parent="updateSliderMinus" inherits="OptionsButtonTemplate" text="+">
		<Size><AbsDimension x="15" y="15"/></Size>
		<Anchors>
			<Anchor point="LEFT" relativePoint="RIGHT">
				<Offset>
					<AbsDimension x="5" y="0"/>
				</Offset>
			</Anchor>
		</Anchors>
		<Scripts>
			<OnClick> 
				updateSlider:SetValue(updateSlider:GetValue()+updateSlider:GetValueStep());
			</OnClick>
		</Scripts>
	</Button>

	
	<!--FONT-->
	
	<!-- CB Misc -->
	<CheckButton name="defFormatCB" parent="updateSlider" inherits="OptionsCheckButtonTemplate" checked="true">
		<Size><AbsDimension x="25" y="25"/></Size>
		<Anchors>
			<Anchor point="TOPLEFT" relativePoint="BOTTOMLEFT">
				<Offset>
					<AbsDimension x="0" y="-20"></AbsDimension>
				</Offset>
			</Anchor>
		</Anchors>
		<Layers>
			<Layer>
				<FontString inherits="GameFontNormalSmall" text="Format Deficit">
					<Anchors>
						<Anchor point="LEFT" relativePoint="RIGHT">
							<Offset><AbsDimension x="0" y="0"/></Offset>
						</Anchor>
					</Anchors>
				</FontString>
			</Layer>
		</Layers>
		<Scripts>
			<OnClick>
				defFormatCBOnClick();
			</OnClick>
		</Scripts>
	</CheckButton>
	
<!-- blizzard frames -->	
	<CheckButton name="hideBlizzFrames" parent="miscTab" inherits="OptionsCheckButtonTemplate">
		<Size><AbsDimension x="25" y="25"/></Size>
		<Anchors>
			<Anchor point="TOP" >
				<Offset>
					<AbsDimension x="20" y="-30"></AbsDimension>
				</Offset>
			</Anchor>
		</Anchors>
		<Layers>
			<Layer>
				<FontString inherits="GameFontNormalSmall" text="Hide Blizzard Frames">
					<Anchors>
						<Anchor point="LEFT" relativePoint="RIGHT">
							<Offset><AbsDimension x="0" y="0"/></Offset>
						</Anchor>
					</Anchors>
				</FontString>
			</Layer>
		</Layers>
		<Scripts>
			<OnClick>
				BlizzFramesCBOnClick();
			</OnClick>
		</Scripts>
	</CheckButton>

	<CheckButton name="defModeCB" parent="defFormatCB" inherits="OptionsCheckButtonTemplate" checked="true">
		<Size><AbsDimension x="25" y="25"/></Size>
		<Anchors>
			<Anchor point="TOPLEFT" relativePoint="BOTTOMLEFT">
				<Offset>
					<AbsDimension x="0" y="-5"></AbsDimension>
				</Offset>
			</Anchor>
		</Anchors>
		<Layers>
			<Layer>
				<FontString inherits="GameFontNormalSmall" text="Deficit Mode">
					<Anchors>
						<Anchor point="LEFT" relativePoint="RIGHT">
							<Offset><AbsDimension x="0" y="0"/></Offset>
						</Anchor>
					</Anchors>
				</FontString>
			</Layer>
		</Layers>
		<Scripts>
			<OnClick>
				defModeCBOnClick();
			</OnClick>
		</Scripts>
	</CheckButton>
	
	<Slider name="fontSizeSlider" parent="defModeCB" inherits="OptionsSliderTemplate">
		<Size><AbsDimension x="130" y="15"/></Size>
		<Anchors>
			<Anchor point="TOPLEFT" relativePoint="BOTTOMLEFT">
				<Offset><AbsDimension x="0" y="-20"/></Offset>
			</Anchor>
		</Anchors>
		<Layers>
			<Layer>
				<FontString inherits="GameFontNormalSmall" text="Font Size">
					<Anchors>
						<Anchor point="BOTTOMLEFT" relativePoint="TOPLEFT">
							<Offset><AbsDimension x="0" y="0"/></Offset>
						</Anchor>
					</Anchors>
				</FontString>
			</Layer>
			<Layer>
				<FontString name="fontSizeStatus" inherits="GameFontNormalSmall" text="status">
					<Anchors>
						<Anchor point="BOTTOMRIGHT" relativePoint="TOPRIGHT">
							<Offset><AbsDimension x="0" y="0"/></Offset>
						</Anchor>
					</Anchors>
				</FontString>
			</Layer>
		</Layers>
		<Scripts>
			<OnValueChanged>
				fontSizeSliderOnValueChanged();
			</OnValueChanged>
		</Scripts>
	</Slider>
	<Button name="fontSizeSliderMinus" parent="fontSizeSlider" inherits="OptionsButtonTemplate" text="-">
		<Size><AbsDimension x="15" y="15"/></Size>
		<Anchors>
			<Anchor point="LEFT" relativePoint="RIGHT">
				<Offset>
					<AbsDimension x="5" y="0"/>
				</Offset>
			</Anchor>
		</Anchors>
		<Scripts>
			<OnClick>
				fontSizeSlider:SetValue(fontSizeSlider:GetValue()-fontSizeSlider:GetValueStep());
			</OnClick>
		</Scripts>
	</Button>
	<Button name="fontSizeSliderPlus" parent="fontSizeSliderMinus" inherits="OptionsButtonTemplate" text="+">
		<Size><AbsDimension x="15" y="15"/></Size>
		<Anchors>
			<Anchor point="LEFT" relativePoint="RIGHT">
				<Offset>
					<AbsDimension x="5" y="0"/>
				</Offset>
			</Anchor>
		</Anchors>
		<Scripts>
			<OnClick> 
				fontSizeSlider:SetValue(fontSizeSlider:GetValue()+fontSizeSlider:GetValueStep());
			</OnClick>
		</Scripts>
	</Button>

	<Slider name="fontFlagsSlider" parent="fontSizeSlider" inherits="OptionsSliderTemplate">
		<Size><AbsDimension x="130" y="15"/></Size>
		<Anchors>
			<Anchor point="TOP" relativePoint="BOTTOM">
				<Offset><AbsDimension x="0" y="-25"/></Offset>
			</Anchor>
		</Anchors>
		<Layers>
			<Layer>
				<FontString inherits="GameFontNormalSmall" text="Font Flags">
					<Anchors>
						<Anchor point="BOTTOMLEFT" relativePoint="TOPLEFT">
							<Offset><AbsDimension x="0" y="0"/></Offset>
						</Anchor>
					</Anchors>
				</FontString>
			</Layer>
			<Layer>
				<FontString name="fontFlagsStatus" inherits="GameFontNormalSmall" text="status">
					<Anchors>
						<Anchor point="BOTTOMRIGHT" relativePoint="TOPRIGHT">
							<Offset><AbsDimension x="0" y="0"/></Offset>
						</Anchor>
					</Anchors>
				</FontString>
			</Layer>
		</Layers>
		<Scripts>
			<OnValueChanged>
				fontFlagsSliderOnValueChanged();
			</OnValueChanged>
		</Scripts>
	</Slider>
	<Button name="fontFlagsSliderMinus" parent="fontFlagsSlider" inherits="OptionsButtonTemplate" text="-">
		<Size><AbsDimension x="15" y="15"/></Size>
		<Anchors>
			<Anchor point="LEFT" relativePoint="RIGHT">
				<Offset>
					<AbsDimension x="5" y="0"/>
				</Offset>
			</Anchor>
		</Anchors>
		<Scripts>
			<OnClick>
				fontFlagsSlider:SetValue(fontFlagsSlider:GetValue()-fontFlagsSlider:GetValueStep());
			</OnClick>
		</Scripts>
	</Button>
	<Button name="fontFlagsSliderPlus" parent="fontFlagsSliderMinus" inherits="OptionsButtonTemplate" text="+">
		<Size><AbsDimension x="15" y="15"/></Size>
		<Anchors>
			<Anchor point="LEFT" relativePoint="RIGHT">
				<Offset>
					<AbsDimension x="5" y="0"/>
				</Offset>
			</Anchor>
		</Anchors>
		<Scripts>
			<OnClick> 
				fontFlagsSlider:SetValue(fontFlagsSlider:GetValue()+fontFlagsSlider:GetValueStep());
			</OnClick>
		</Scripts>
	</Button>

	
<!--FLASH-->
<CheckButton name="flashBarCB" parent="fontFlagsSlider" inherits="OptionsCheckButtonTemplate" checked="true">
		<Size><AbsDimension x="25" y="25"/></Size>
		<Anchors>
			<Anchor point="TOPLEFT" relativePoint="BOTTOMLEFT">
				<Offset>
					<AbsDimension x="0" y="-20"></AbsDimension>
				</Offset>
			</Anchor>
		</Anchors>
		<Layers>
			<Layer>
				<FontString inherits="GameFontNormalSmall" text="Flash Bar">
					<Anchors>
						<Anchor point="LEFT" relativePoint="RIGHT">
							<Offset><AbsDimension x="0" y="0"/></Offset>
						</Anchor>
					</Anchors>
				</FontString>
			</Layer>
		</Layers>
		<Scripts>
			<OnClick>
				flashBarCBOnClick();
			</OnClick>
		</Scripts>
	</CheckButton>

	<CheckButton name="flashBGCB" parent="flashBarCB" inherits="OptionsCheckButtonTemplate" checked="true">
		<Size><AbsDimension x="25" y="25"/></Size>
		<Anchors>
			<Anchor point="TOPLEFT" relativePoint="BOTTOMLEFT">
				<Offset>
					<AbsDimension x="0" y="-5"></AbsDimension>
				</Offset>
			</Anchor>
		</Anchors>
		<Layers>
			<Layer>
				<FontString inherits="GameFontNormalSmall" text="Flash Background">
					<Anchors>
						<Anchor point="LEFT" relativePoint="RIGHT">
							<Offset><AbsDimension x="0" y="0"/></Offset>
						</Anchor>
					</Anchors>
				</FontString>
			</Layer>
		</Layers>
		<Scripts>
			<OnClick>
				flashBGCBOnClick();
			</OnClick>
		</Scripts>
	</CheckButton>
	
	
	<Slider name="flashInSlider" parent="flashBGCB" inherits="OptionsSliderTemplate">
		<Size><AbsDimension x="130" y="15"/></Size>
		<Anchors>
			<Anchor point="TOPLEFT" relativePoint="BOTTOMLEFT">
				<Offset><AbsDimension x="0" y="-20"/></Offset>
			</Anchor>
		</Anchors>
		<Layers>
			<Layer>
				<FontString inherits="GameFontNormalSmall" text="Flash In">
					<Anchors>
						<Anchor point="BOTTOMLEFT" relativePoint="TOPLEFT">
							<Offset><AbsDimension x="0" y="0"/></Offset>
						</Anchor>
					</Anchors>
				</FontString>
			</Layer>
			<Layer>
				<FontString name="flashInStatus" inherits="GameFontNormalSmall" text="status">
					<Anchors>
						<Anchor point="BOTTOMRIGHT" relativePoint="TOPRIGHT">
							<Offset><AbsDimension x="0" y="0"/></Offset>
						</Anchor>
					</Anchors>
				</FontString>
			</Layer>
		</Layers>
		<Scripts>
			<OnValueChanged>
				flashInSliderOnValueChanged();
			</OnValueChanged>
		</Scripts>
	</Slider>
	<Button name="flashInSliderMinus" parent="flashInSlider" inherits="OptionsButtonTemplate" text="-">
		<Size><AbsDimension x="15" y="15"/></Size>
		<Anchors>
			<Anchor point="LEFT" relativePoint="RIGHT">
				<Offset>
					<AbsDimension x="5" y="0"/>
				</Offset>
			</Anchor>
		</Anchors>
		<Scripts>
			<OnClick>
				flashInSlider:SetValue(flashInSlider:GetValue()-flashInSlider:GetValueStep());
			</OnClick>
		</Scripts>
	</Button>
	<Button name="flashInSliderPlus" parent="flashInSliderMinus" inherits="OptionsButtonTemplate" text="+">
		<Size><AbsDimension x="15" y="15"/></Size>
		<Anchors>
			<Anchor point="LEFT" relativePoint="RIGHT">
				<Offset>
					<AbsDimension x="5" y="0"/>
				</Offset>
			</Anchor>
		</Anchors>
		<Scripts>
			<OnClick> 
				flashInSlider:SetValue(flashInSlider:GetValue()+flashInSlider:GetValueStep());
			</OnClick>
		</Scripts>
	</Button>

	<Slider name="flashOutSlider" parent="flashInSlider" inherits="OptionsSliderTemplate">
		<Size><AbsDimension x="130" y="15"/></Size>
		<Anchors>
			<Anchor point="TOP" relativePoint="BOTTOM">
				<Offset><AbsDimension x="0" y="-25"/></Offset>
			</Anchor>
		</Anchors>
		<Layers>
			<Layer>
				<FontString inherits="GameFontNormalSmall" text="Flash Out">
					<Anchors>
						<Anchor point="BOTTOMLEFT" relativePoint="TOPLEFT">
							<Offset><AbsDimension x="0" y="0"/></Offset>
						</Anchor>
					</Anchors>
				</FontString>
			</Layer>
			<Layer>
				<FontString name="flashOutStatus" inherits="GameFontNormalSmall" text="status">
					<Anchors>
						<Anchor point="BOTTOMRIGHT" relativePoint="TOPRIGHT">
							<Offset><AbsDimension x="0" y="0"/></Offset>
						</Anchor>
					</Anchors>
				</FontString>
			</Layer>
		</Layers>
		<Scripts>
			<OnValueChanged>
				flashOutSliderOnValueChanged();
			</OnValueChanged>
		</Scripts>
	</Slider>
	<Button name="flashOutSliderMinus" parent="flashOutSlider" inherits="OptionsButtonTemplate" text="-">
		<Size><AbsDimension x="15" y="15"/></Size>
		<Anchors>
			<Anchor point="LEFT" relativePoint="RIGHT">
				<Offset>
					<AbsDimension x="5" y="0"/>
				</Offset>
			</Anchor>
		</Anchors>
		<Scripts>
			<OnClick>
				flashOutSlider:SetValue(flashOutSlider:GetValue()-flashOutSlider:GetValueStep());
			</OnClick>
		</Scripts>
	</Button>
	<Button name="flashOutSliderPlus" parent="flashOutSliderMinus" inherits="OptionsButtonTemplate" text="+">
		<Size><AbsDimension x="15" y="15"/></Size>
		<Anchors>
			<Anchor point="LEFT" relativePoint="RIGHT">
				<Offset>
					<AbsDimension x="5" y="0"/>
				</Offset>
			</Anchor>
		</Anchors>
		<Scripts>
			<OnClick> 
				flashOutSlider:SetValue(flashOutSlider:GetValue()+flashOutSlider:GetValueStep());
			</OnClick>
		</Scripts>
	</Button>

	<Slider name="flashHoldInSlider" parent="flashOutSlider" inherits="OptionsSliderTemplate">
		<Size><AbsDimension x="130" y="15"/></Size>
		<Anchors>
			<Anchor point="TOP" relativePoint="BOTTOM">
				<Offset><AbsDimension x="0" y="-25"/></Offset>
			</Anchor>
		</Anchors>
		<Layers>
			<Layer>
				<FontString inherits="GameFontNormalSmall" text="Flash Hold In">
					<Anchors>
						<Anchor point="BOTTOMLEFT" relativePoint="TOPLEFT">
							<Offset><AbsDimension x="0" y="0"/></Offset>
						</Anchor>
					</Anchors>
				</FontString>
			</Layer>
			<Layer>
				<FontString name="flashHoldInStatus" inherits="GameFontNormalSmall" text="status">
					<Anchors>
						<Anchor point="BOTTOMRIGHT" relativePoint="TOPRIGHT">
							<Offset><AbsDimension x="0" y="0"/></Offset>
						</Anchor>
					</Anchors>
				</FontString>
			</Layer>
		</Layers>
		<Scripts>
			<OnValueChanged>
				flashHoldInSliderOnValueChanged();
			</OnValueChanged>
		</Scripts>
	</Slider>
	<Button name="flashHoldInSliderMinus" parent="flashHoldInSlider" inherits="OptionsButtonTemplate" text="-">
		<Size><AbsDimension x="15" y="15"/></Size>
		<Anchors>
			<Anchor point="LEFT" relativePoint="RIGHT">
				<Offset>
					<AbsDimension x="5" y="0"/>
				</Offset>
			</Anchor>
		</Anchors>
		<Scripts>
			<OnClick>
				flashHoldInSlider:SetValue(flashHoldInSlider:GetValue()-flashHoldInSlider:GetValueStep());
			</OnClick>
		</Scripts>
	</Button>
	<Button name="flashHoldInSliderPlus" parent="flashHoldInSliderMinus" inherits="OptionsButtonTemplate" text="+">
		<Size><AbsDimension x="15" y="15"/></Size>
		<Anchors>
			<Anchor point="LEFT" relativePoint="RIGHT">
				<Offset>
					<AbsDimension x="5" y="0"/>
				</Offset>
			</Anchor>
		</Anchors>
		<Scripts>
			<OnClick> 
				flashHoldInSlider:SetValue(flashHoldInSlider:GetValue()+flashHoldInSlider:GetValueStep());
			</OnClick>
		</Scripts>
	</Button>

	<Slider name="flashHoldOutSlider" parent="flashHoldInSlider" inherits="OptionsSliderTemplate">
		<Size><AbsDimension x="130" y="15"/></Size>
		<Anchors>
			<Anchor point="TOP" relativePoint="BOTTOM">
				<Offset><AbsDimension x="0" y="-25"/></Offset>
			</Anchor>
		</Anchors>
		<Layers>
			<Layer>
				<FontString inherits="GameFontNormalSmall" text="Flash Hold Out">
					<Anchors>
						<Anchor point="BOTTOMLEFT" relativePoint="TOPLEFT">
							<Offset><AbsDimension x="0" y="0"/></Offset>
						</Anchor>
					</Anchors>
				</FontString>
			</Layer>
			<Layer>
				<FontString name="flashHoldOutStatus" inherits="GameFontNormalSmall" text="status">
					<Anchors>
						<Anchor point="BOTTOMRIGHT" relativePoint="TOPRIGHT">
							<Offset><AbsDimension x="0" y="0"/></Offset>
						</Anchor>
					</Anchors>
				</FontString>
			</Layer>
		</Layers>
		<Scripts>
			<OnValueChanged>
				flashHoldOutSliderOnValueChanged();
			</OnValueChanged>
		</Scripts>
	</Slider>
	<Button name="flashHoldOutSliderMinus" parent="flashHoldOutSlider" inherits="OptionsButtonTemplate" text="-">
		<Size><AbsDimension x="15" y="15"/></Size>
		<Anchors>
			<Anchor point="LEFT" relativePoint="RIGHT">
				<Offset>
					<AbsDimension x="5" y="0"/>
				</Offset>
			</Anchor>
		</Anchors>
		<Scripts>
			<OnClick>
				flashHoldOutSlider:SetValue(flashHoldOutSlider:GetValue()-flashHoldOutSlider:GetValueStep());
			</OnClick>
		</Scripts>
	</Button>
	<Button name="flashHoldOutSliderPlus" parent="flashHoldOutSliderMinus" inherits="OptionsButtonTemplate" text="+">
		<Size><AbsDimension x="15" y="15"/></Size>
		<Anchors>
			<Anchor point="LEFT" relativePoint="RIGHT">
				<Offset>
					<AbsDimension x="5" y="0"/>
				</Offset>
			</Anchor>
		</Anchors>
		<Scripts>
			<OnClick> 
				flashHoldOutSlider:SetValue(flashHoldOutSlider:GetValue()+flashHoldOutSlider:GetValueStep());
			</OnClick>
		</Scripts>
	</Button>

	
<!--fade-->
<CheckButton name="fadeCB" parent="flashHoldOutSlider" inherits="OptionsCheckButtonTemplate" checked="true">
		<Size><AbsDimension x="25" y="25"/></Size>
		<Anchors>
			<Anchor point="TOPLEFT" relativePoint="BOTTOMLEFT">
				<Offset>
					<AbsDimension x="0" y="-20"></AbsDimension>
				</Offset>
			</Anchor>
		</Anchors>
		<Layers>
			<Layer>
				<FontString inherits="GameFontNormalSmall" text="Fade">
					<Anchors>
						<Anchor point="LEFT" relativePoint="RIGHT">
							<Offset><AbsDimension x="0" y="0"/></Offset>
						</Anchor>
					</Anchors>
				</FontString>
			</Layer>
		</Layers>
		<Scripts>
			<OnClick>
				fadeCBOnClick();
			</OnClick>
		</Scripts>
	</CheckButton>
	
	<Slider name="fadeAlphaSlider" parent="fadeCB" inherits="OptionsSliderTemplate">
		<Size><AbsDimension x="130" y="15"/></Size>
		<Anchors>
			<Anchor point="TOPLEFT" relativePoint="BOTTOMLEFT">
				<Offset><AbsDimension x="0" y="-20"/></Offset>
			</Anchor>
		</Anchors>
		<Layers>
			<Layer>
				<FontString inherits="GameFontNormalSmall" text="Fade Alpha">
					<Anchors>
						<Anchor point="BOTTOMLEFT" relativePoint="TOPLEFT">
							<Offset><AbsDimension x="0" y="0"/></Offset>
						</Anchor>
					</Anchors>
				</FontString>
			</Layer>
			<Layer>
				<FontString name="fadeAlphaStatus" inherits="GameFontNormalSmall" text="status">
					<Anchors>
						<Anchor point="BOTTOMRIGHT" relativePoint="TOPRIGHT">
							<Offset><AbsDimension x="0" y="0"/></Offset>
						</Anchor>
					</Anchors>
				</FontString>
			</Layer>
		</Layers>
		<Scripts>
			<OnValueChanged>
				fadeAlphaSliderOnValueChanged();
			</OnValueChanged>
		</Scripts>
	</Slider>
	<Button name="fadeAlphaSliderMinus" parent="fadeAlphaSlider" inherits="OptionsButtonTemplate" text="-">
		<Size><AbsDimension x="15" y="15"/></Size>
		<Anchors>
			<Anchor point="LEFT" relativePoint="RIGHT">
				<Offset>
					<AbsDimension x="5" y="0"/>
				</Offset>
			</Anchor>
		</Anchors>
		<Scripts>
			<OnClick>
				fadeAlphaSlider:SetValue(fadeAlphaSlider:GetValue()-fadeAlphaSlider:GetValueStep());
			</OnClick>
		</Scripts>
	</Button>
	<Button name="fadeAlphaSliderPlus" parent="fadeAlphaSliderMinus" inherits="OptionsButtonTemplate" text="+">
		<Size><AbsDimension x="15" y="15"/></Size>
		<Anchors>
			<Anchor point="LEFT" relativePoint="RIGHT">
				<Offset>
					<AbsDimension x="5" y="0"/>
				</Offset>
			</Anchor>
		</Anchors>
		<Scripts>
			<OnClick> 
				fadeAlphaSlider:SetValue(fadeAlphaSlider:GetValue()+fadeAlphaSlider:GetValueStep());
			</OnClick>
		</Scripts>
	</Button>

<Slider name="fadeAlphaInSlider" parent="fadeAlphaSlider" inherits="OptionsSliderTemplate">
		<Size><AbsDimension x="130" y="15"/></Size>
		<Anchors>
			<Anchor point="TOP" relativePoint="BOTTOM">
				<Offset><AbsDimension x="0" y="-25"/></Offset>
			</Anchor>
		</Anchors>
		<Layers>
			<Layer>
				<FontString inherits="GameFontNormalSmall" text="Time In">
					<Anchors>
						<Anchor point="BOTTOMLEFT" relativePoint="TOPLEFT">
							<Offset><AbsDimension x="0" y="0"/></Offset>
						</Anchor>
					</Anchors>
				</FontString>
			</Layer>
			<Layer>
				<FontString name="fadeAlphaInStatus" inherits="GameFontNormalSmall" text="status">
					<Anchors>
						<Anchor point="BOTTOMRIGHT" relativePoint="TOPRIGHT">
							<Offset><AbsDimension x="0" y="0"/></Offset>
						</Anchor>
					</Anchors>
				</FontString>
			</Layer>
		</Layers>
		<Scripts>
			<OnValueChanged>
				fadeAlphaInSliderOnValueChanged();
			</OnValueChanged>
		</Scripts>
	</Slider>
	<Button name="fadeAlphaInSliderMinus" parent="fadeAlphaInSlider" inherits="OptionsButtonTemplate" text="-">
		<Size><AbsDimension x="15" y="15"/></Size>
		<Anchors>
			<Anchor point="LEFT" relativePoint="RIGHT">
				<Offset>
					<AbsDimension x="5" y="0"/>
				</Offset>
			</Anchor>
		</Anchors>
		<Scripts>
			<OnClick>
				fadeAlphaInSlider:SetValue(fadeAlphaInSlider:GetValue()-fadeAlphaInSlider:GetValueStep());
			</OnClick>
		</Scripts>
	</Button>
	<Button name="fadeAlphaInSliderPlus" parent="fadeAlphaInSliderMinus" inherits="OptionsButtonTemplate" text="+">
		<Size><AbsDimension x="15" y="15"/></Size>
		<Anchors>
			<Anchor point="LEFT" relativePoint="RIGHT">
				<Offset>
					<AbsDimension x="5" y="0"/>
				</Offset>
			</Anchor>
		</Anchors>
		<Scripts>
			<OnClick> 
				fadeAlphaInSlider:SetValue(fadeAlphaInSlider:GetValue()+fadeAlphaInSlider:GetValueStep());
			</OnClick>
		</Scripts>
	</Button>	

	<Slider name="fadeAlphaOutSlider" parent="fadeAlphaInSlider" inherits="OptionsSliderTemplate">
		<Size><AbsDimension x="130" y="15"/></Size>
		<Anchors>
			<Anchor point="TOP" relativePoint="BOTTOM">
				<Offset><AbsDimension x="0" y="-25"/></Offset>
			</Anchor>
		</Anchors>
		<Layers>
			<Layer>
				<FontString inherits="GameFontNormalSmall" text="Time Out">
					<Anchors>
						<Anchor point="BOTTOMLEFT" relativePoint="TOPLEFT">
							<Offset><AbsDimension x="0" y="0"/></Offset>
						</Anchor>
					</Anchors>
				</FontString>
			</Layer>
			<Layer>
				<FontString name="fadeAlphaOutStatus" inherits="GameFontNormalSmall" text="status">
					<Anchors>
						<Anchor point="BOTTOMRIGHT" relativePoint="TOPRIGHT">
							<Offset><AbsDimension x="0" y="0"/></Offset>
						</Anchor>
					</Anchors>
				</FontString>
			</Layer>
		</Layers>
		<Scripts>
			<OnValueChanged>
				fadeAlphaOutSliderOnValueChanged();
			</OnValueChanged>
		</Scripts>
	</Slider>
	<Button name="fadeAlphaOutSliderMinus" parent="fadeAlphaOutSlider" inherits="OptionsButtonTemplate" text="-">
		<Size><AbsDimension x="15" y="15"/></Size>
		<Anchors>
			<Anchor point="LEFT" relativePoint="RIGHT">
				<Offset>
					<AbsDimension x="5" y="0"/>
				</Offset>
			</Anchor>
		</Anchors>
		<Scripts>
			<OnClick>
				fadeAlphaOutSlider:SetValue(fadeAlphaOutSlider:GetValue()-fadeAlphaOutSlider:GetValueStep());
			</OnClick>
		</Scripts>
	</Button>
	<Button name="fadeAlphaOutSliderPlus" parent="fadeAlphaOutSliderMinus" inherits="OptionsButtonTemplate" text="+">
		<Size><AbsDimension x="15" y="15"/></Size>
		<Anchors>
			<Anchor point="LEFT" relativePoint="RIGHT">
				<Offset>
					<AbsDimension x="5" y="0"/>
				</Offset>
			</Anchor>
		</Anchors>
		<Scripts>
			<OnClick> 
				fadeAlphaOutSlider:SetValue(fadeAlphaOutSlider:GetValue()+fadeAlphaOutSlider:GetValueStep());
			</OnClick>
		</Scripts>
	</Button>	

	
<!--RANGE-->
<CheckButton name="rangeCB" parent="fadeCB" inherits="OptionsCheckButtonTemplate" checked="true">
		<Size><AbsDimension x="25" y="25"/></Size>
		<Anchors>
			<Anchor point="LEFT" relativePoint="RIGHT">
				<Offset>
					<AbsDimension x="150" y="0"></AbsDimension>
				</Offset>
			</Anchor>
		</Anchors>
		<Layers>
			<Layer>
				<FontString inherits="GameFontNormalSmall" text="Range Fade">
					<Anchors>
						<Anchor point="LEFT" relativePoint="RIGHT">
							<Offset><AbsDimension x="0" y="0"/></Offset>
						</Anchor>
					</Anchors>
				</FontString>
			</Layer>
		</Layers>
		<Scripts>
			<OnClick>
				rangeCBOnClick();
			</OnClick>
		</Scripts>
	</CheckButton>
	
<!--mouse input-->	
<CheckButton name="MouseInputCB" parent="hideBlizzFrames" inherits="OptionsCheckButtonTemplate" checked="true">
		<Size><AbsDimension x="25" y="25"/></Size>
		<Anchors>
			<Anchor point="TOP" relativePoint="BOTTOM">
				<Offset>
					<AbsDimension x="0" y="0"></AbsDimension>
				</Offset>
			</Anchor>
		</Anchors>
		<Layers>
			<Layer>
				<FontString inherits="GameFontNormalSmall" text="Mouse input">
					<Anchors>
						<Anchor point="LEFT" relativePoint="RIGHT">
							<Offset><AbsDimension x="0" y="0"/></Offset>
						</Anchor>
					</Anchors>
				</FontString>
			</Layer>
		</Layers>
		<Scripts>
			<OnClick>
				gHUDInputOnClick();
			</OnClick>
		</Scripts>
	</CheckButton>
</Ui>