<Ui xmlns="http://www.blizzard.com/wow/ui/" xmlns:xsi="http://www.w3.org/2001/XMLSchema-instance"   xsi:schemaLocation="http://www.blizzard.com/wow/ui/"> 

<!-- CB Target -->
	<CheckButton name="targetNameCB" parent="targetTab" inherits="OptionsCheckButtonTemplate" checked="true">
		<Size><AbsDimension x="25" y="25"/></Size>
		<Anchors>
			<Anchor point="TOPLEFT">
				<Offset>
					<AbsDimension x="10" y="-65"></AbsDimension>
				</Offset>
			</Anchor>
		</Anchors>
		<Layers>
			<Layer>
				<FontString inherits="GameFontNormalSmall" text="Target Name">
					<Anchors>
						<Anchor point="LEFT" relativePoint="RIGHT">
							<Offset><AbsDimension x="0" y="0"/></Offset>
						</Anchor>
					</Anchors>
				</FontString>
			</Layer>
		</Layers>
		<Scripts>
			<OnClick>
				targetNameCBOnClick();
			</OnClick>
		</Scripts>
	</CheckButton>
	
	<!-- CB target name direction -->
	<CheckButton name="hptargetFontDirectionCB" parent="targetTab" inherits="OptionsCheckButtonTemplate">
		<Size><AbsDimension x="25" y="25"/></Size>
		<Anchors>
			<Anchor point="TOP" >
				<Offset>
					<AbsDimension x="10" y="-30"></AbsDimension>
				</Offset>
			</Anchor>
		</Anchors>
		<Layers>
			<Layer>
				<FontString inherits="GameFontNormalSmall" text="Health Font Left">
					<Anchors>
						<Anchor point="LEFT" relativePoint="RIGHT">
							<Offset><AbsDimension x="0" y="0"/></Offset>
						</Anchor>
					</Anchors>
				</FontString>
			</Layer>
		</Layers>
		<Scripts>
			<OnClick>
				hptargetFontDirectionCBOnClick();
			</OnClick>
		</Scripts>
	</CheckButton>
	
	<CheckButton name="mptargetFontDirectionCB" parent="targetTab" inherits="OptionsCheckButtonTemplate">
		<Size><AbsDimension x="25" y="25"/></Size>
		<Anchors>
			<Anchor point="TOP" >
				<Offset>
					<AbsDimension x="10" y="-65"></AbsDimension>
				</Offset>
			</Anchor>
		</Anchors>
		<Layers>
			<Layer>
				<FontString inherits="GameFontNormalSmall" text="Mana Font Left">
					<Anchors>
						<Anchor point="LEFT" relativePoint="RIGHT">
							<Offset><AbsDimension x="0" y="0"/></Offset>
						</Anchor>
					</Anchors>
				</FontString>
			</Layer>
		</Layers>
		<Scripts>
			<OnClick>
				mptargetFontDirectionCBOnClick();
			</OnClick>
		</Scripts>
	</CheckButton>
	

<!-- Sliders Target -->
	<Slider name="targetNameFormatSlider" parent="targetTab" inherits="OptionsSliderTemplate">
		<Size><AbsDimension x="300" y="15"/></Size>
		<Anchors>
			<Anchor point="TOPLEFT">
				<Offset><AbsDimension x="10" y="-110"/></Offset>
			</Anchor>
		</Anchors>
		<Layers>
			<Layer>
				<FontString inherits="GameFontNormalSmall" text="Name Format">
					<Anchors>
						<Anchor point="BOTTOMLEFT" relativePoint="TOPLEFT">
							<Offset><AbsDimension x="0" y="0"/></Offset>
						</Anchor>
					</Anchors>
				</FontString>
			</Layer>
			<Layer>
				<FontString name="targetNameFormatStatus" inherits="GameFontNormalSmall" text="status">
					<Anchors>
						<Anchor point="BOTTOMRIGHT" relativePoint="TOPRIGHT">
							<Offset><AbsDimension x="0" y="0"/></Offset>
						</Anchor>
					</Anchors>
				</FontString>
			</Layer>
		</Layers>
		<Scripts>
			<OnValueChanged>
				targetNameFormatSliderOnValueChanged();
			</OnValueChanged>
		</Scripts>
	</Slider>
	<Button name="targetNameFormatSliderMinus" parent="targetNameFormatSlider" inherits="OptionsButtonTemplate" text="-">
		<Size><AbsDimension x="15" y="15"/></Size>
		<Anchors>
			<Anchor point="LEFT" relativePoint="RIGHT">
				<Offset>
					<AbsDimension x="5" y="0"/>
				</Offset>
			</Anchor>
		</Anchors>
		<Scripts>
			<OnClick>
				targetNameFormatSlider:SetValue(targetNameFormatSlider:GetValue()-targetNameFormatSlider:GetValueStep());
			</OnClick>
		</Scripts>
	</Button>
	<Button name="targetNameFormatSliderPlus" parent="targetNameFormatSliderMinus" inherits="OptionsButtonTemplate" text="+">
		<Size><AbsDimension x="15" y="15"/></Size>
		<Anchors>
			<Anchor point="LEFT" relativePoint="RIGHT">
				<Offset>
					<AbsDimension x="5" y="0"/>
				</Offset>
			</Anchor>
		</Anchors>
		<Scripts>
			<OnClick> 
				targetNameFormatSlider:SetValue(targetNameFormatSlider:GetValue()+targetNameFormatSlider:GetValueStep());
			</OnClick>
		</Scripts>
	</Button>

	<!--Right-->	
	<Slider name="targetHpXSlider" parent="targetNameFormatSlider" inherits="OptionsSliderTemplate">
		<Size><AbsDimension x="300" y="15"/></Size>
		<Anchors>
			<Anchor point="TOP" relativePoint="BOTTOM">
				<Offset><AbsDimension x="0" y="-135"/></Offset>
			</Anchor>
		</Anchors>
		<Layers>
			<Layer>
				<FontString inherits="GameFontNormalSmall" text="Health X">
					<Anchors>
						<Anchor point="BOTTOMLEFT" relativePoint="TOPLEFT">
							<Offset><AbsDimension x="0" y="0"/></Offset>
						</Anchor>
					</Anchors>
				</FontString>
			</Layer>
			<Layer>
				<FontString name="targetHpXStatus" inherits="GameFontNormalSmall" text="status">
					<Anchors>
						<Anchor point="BOTTOMRIGHT" relativePoint="TOPRIGHT">
							<Offset><AbsDimension x="0" y="0"/></Offset>
						</Anchor>
					</Anchors>
				</FontString>
			</Layer>
		</Layers>
		<Scripts>
			<OnValueChanged>
				targetHpXSliderOnValueChanged();
			</OnValueChanged>
		</Scripts>
	</Slider>
	<Button name="targetHpXSliderMinus" parent="targetHpXSlider" inherits="OptionsButtonTemplate" text="-">
		<Size><AbsDimension x="15" y="15"/></Size>
		<Anchors>
			<Anchor point="LEFT" relativePoint="RIGHT">
				<Offset>
					<AbsDimension x="5" y="0"/>
				</Offset>
			</Anchor>
		</Anchors>
		<Scripts>
			<OnClick>
				targetHpXSlider:SetValue(targetHpXSlider:GetValue()-targetHpXSlider:GetValueStep());
			</OnClick>
		</Scripts>
	</Button>
	<Button name="targetHpXSliderPlus" parent="targetHpXSliderMinus" inherits="OptionsButtonTemplate" text="+">
		<Size><AbsDimension x="15" y="15"/></Size>
		<Anchors>
			<Anchor point="LEFT" relativePoint="RIGHT">
				<Offset>
					<AbsDimension x="5" y="0"/>
				</Offset>
			</Anchor>
		</Anchors>
		<Scripts>
			<OnClick> 
				targetHpXSlider:SetValue(targetHpXSlider:GetValue()+targetHpXSlider:GetValueStep());
			</OnClick>
		</Scripts>
	</Button>

	<Slider name="targetHpYSlider" parent="targetHpXSlider" inherits="OptionsSliderTemplate">
		<Size><AbsDimension x="300" y="15"/></Size>
		<Anchors>
			<Anchor point="TOP" relativePoint="BOTTOM">
				<Offset><AbsDimension x="0" y="-25"/></Offset>
			</Anchor>
		</Anchors>
		<Layers>
			<Layer>
				<FontString inherits="GameFontNormalSmall" text="Health Y">
					<Anchors>
						<Anchor point="BOTTOMLEFT" relativePoint="TOPLEFT">
							<Offset><AbsDimension x="0" y="0"/></Offset>
						</Anchor>
					</Anchors>
				</FontString>
			</Layer>
			<Layer>
				<FontString name="targetHpYStatus" inherits="GameFontNormalSmall" text="status">
					<Anchors>
						<Anchor point="BOTTOMRIGHT" relativePoint="TOPRIGHT">
							<Offset><AbsDimension x="0" y="0"/></Offset>
						</Anchor>
					</Anchors>
				</FontString>
			</Layer>
		</Layers>
		<Scripts>
			<OnValueChanged>
				targetHpYSliderOnValueChanged();
			</OnValueChanged>
		</Scripts>
	</Slider>
	<Button name="targetHpYSliderMinus" parent="targetHpYSlider" inherits="OptionsButtonTemplate" text="-">
		<Size><AbsDimension x="15" y="15"/></Size>
		<Anchors>
			<Anchor point="LEFT" relativePoint="RIGHT">
				<Offset>
					<AbsDimension x="5" y="0"/>
				</Offset>
			</Anchor>
		</Anchors>
		<Scripts>
			<OnClick>
				targetHpYSlider:SetValue(targetHpYSlider:GetValue()-targetHpYSlider:GetValueStep());
			</OnClick>
		</Scripts>
	</Button>
	<Button name="targetHpYSliderPlus" parent="targetHpYSliderMinus" inherits="OptionsButtonTemplate" text="+">
		<Size><AbsDimension x="15" y="15"/></Size>
		<Anchors>
			<Anchor point="LEFT" relativePoint="RIGHT">
				<Offset>
					<AbsDimension x="5" y="0"/>
				</Offset>
			</Anchor>
		</Anchors>
		<Scripts>
			<OnClick> 
				targetHpYSlider:SetValue(targetHpYSlider:GetValue()+targetHpYSlider:GetValueStep());
			</OnClick>
		</Scripts>
	</Button>
	
	
	
	<Slider name="targetMpXSlider" parent="targetHpYSlider" inherits="OptionsSliderTemplate">
		<Size><AbsDimension x="300" y="15"/></Size>
		<Anchors>
			<Anchor point="TOP" relativePoint="BOTTOM">
				<Offset><AbsDimension x="0" y="-40"/></Offset>
			</Anchor>
		</Anchors>
		<Layers>
			<Layer>
				<FontString inherits="GameFontNormalSmall" text="Mana X">
					<Anchors>
						<Anchor point="BOTTOMLEFT" relativePoint="TOPLEFT">
							<Offset><AbsDimension x="0" y="0"/></Offset>
						</Anchor>
					</Anchors>
				</FontString>
			</Layer>
			<Layer>
				<FontString name="targetMpXStatus" inherits="GameFontNormalSmall" text="status">
					<Anchors>
						<Anchor point="BOTTOMRIGHT" relativePoint="TOPRIGHT">
							<Offset><AbsDimension x="0" y="0"/></Offset>
						</Anchor>
					</Anchors>
				</FontString>
			</Layer>
		</Layers>
		<Scripts>
			<OnValueChanged>
				targetMpXSliderOnValueChanged();
			</OnValueChanged>
		</Scripts>
	</Slider>
	<Button name="targetMpXSliderMinus" parent="targetMpXSlider" inherits="OptionsButtonTemplate" text="-">
		<Size><AbsDimension x="15" y="15"/></Size>
		<Anchors>
			<Anchor point="LEFT" relativePoint="RIGHT">
				<Offset>
					<AbsDimension x="5" y="0"/>
				</Offset>
			</Anchor>
		</Anchors>
		<Scripts>
			<OnClick>
				targetMpXSlider:SetValue(targetMpXSlider:GetValue()-targetMpXSlider:GetValueStep());
			</OnClick>
		</Scripts>
	</Button>
	<Button name="targetMpXSliderPlus" parent="targetMpXSliderMinus" inherits="OptionsButtonTemplate" text="+">
		<Size><AbsDimension x="15" y="15"/></Size>
		<Anchors>
			<Anchor point="LEFT" relativePoint="RIGHT">
				<Offset>
					<AbsDimension x="5" y="0"/>
				</Offset>
			</Anchor>
		</Anchors>
		<Scripts>
			<OnClick> 
				targetMpXSlider:SetValue(targetMpXSlider:GetValue()+targetMpXSlider:GetValueStep());
			</OnClick>
		</Scripts>
	</Button>

	<Slider name="targetMpYSlider" parent="targetMpXSlider" inherits="OptionsSliderTemplate">
		<Size><AbsDimension x="300" y="15"/></Size>
		<Anchors>
			<Anchor point="TOP" relativePoint="BOTTOM">
				<Offset><AbsDimension x="0" y="-25"/></Offset>
			</Anchor>
		</Anchors>
		<Layers>
			<Layer>
				<FontString inherits="GameFontNormalSmall" text="Mana Y">
					<Anchors>
						<Anchor point="BOTTOMLEFT" relativePoint="TOPLEFT">
							<Offset><AbsDimension x="0" y="0"/></Offset>
						</Anchor>
					</Anchors>
				</FontString>
			</Layer>
			<Layer>
				<FontString name="targetMpYStatus" inherits="GameFontNormalSmall" text="status">
					<Anchors>
						<Anchor point="BOTTOMRIGHT" relativePoint="TOPRIGHT">
							<Offset><AbsDimension x="0" y="0"/></Offset>
						</Anchor>
					</Anchors>
				</FontString>
			</Layer>
		</Layers>
		<Scripts>
			<OnValueChanged>
				targetMpYSliderOnValueChanged();
			</OnValueChanged>
		</Scripts>
	</Slider>
	<Button name="targetMpYSliderMinus" parent="targetMpYSlider" inherits="OptionsButtonTemplate" text="-">
		<Size><AbsDimension x="15" y="15"/></Size>
		<Anchors>
			<Anchor point="LEFT" relativePoint="RIGHT">
				<Offset>
					<AbsDimension x="5" y="0"/>
				</Offset>
			</Anchor>
		</Anchors>
		<Scripts>
			<OnClick>
				targetMpYSlider:SetValue(targetMpYSlider:GetValue()-targetMpYSlider:GetValueStep());
			</OnClick>
		</Scripts>
	</Button>
	<Button name="targetMpYSliderPlus" parent="targetMpYSliderMinus" inherits="OptionsButtonTemplate" text="+">
		<Size><AbsDimension x="15" y="15"/></Size>
		<Anchors>
			<Anchor point="LEFT" relativePoint="RIGHT">
				<Offset>
					<AbsDimension x="5" y="0"/>
				</Offset>
			</Anchor>
		</Anchors>
		<Scripts>
			<OnClick> 
				targetMpYSlider:SetValue(targetMpYSlider:GetValue()+targetMpYSlider:GetValueStep());
			</OnClick>
		</Scripts>
	</Button>
</Ui>