﻿<Ui xmlns="http://www.blizzard.com/wow/ui/" xmlns:xsi="http://www.w3.org/2001/XMLSchema-instance" xsi:schemaLocation="http://www.blizzard.com/wow/ui/">


  <!--....  BACKGROUND  HP_PET....-->
  <Frame name="HP_PET_FRAME" parent="UIParent" frameStrata="BACKGROUND" inherits="SecureUnitButtonTemplate">
    <Size>
      <AbsDimension x="10" y="200"/>
    </Size>
    <Anchors>
      <Anchor point="BOTTOM" relativePoint="BOTTOM" relativeTo="HP_PARTY1_FRAME">
        <Offset>
          <AbsDimension x="0" y="0"/>
        </Offset>
      </Anchor>
    </Anchors>
    <Layers>
      <Layer level="BACKGROUND">
        <Texture name="HP_PET_BG_TEXTURE1">
          <Color r="1" g="1" b="1" a="1.0"/>
          <Anchors>
            <Anchor point="BOTTOMLEFT" relativePoint="BOTTOMLEFT" relativeTo="HP_PET_FRAME">
              <Offset>
                <AbsDimension x="0" y="0"/>
              </Offset>
            </Anchor>
          </Anchors>
        </Texture>
      </Layer>
      <Layer level="BORDER">
        <Texture name="HP_PET_BG_TEXTURE2">
          <Color r="0" g="0" b="0" a="1.0"/>
          <Anchors>
            <Anchor point="BOTTOMLEFT" relativePoint="BOTTOMLEFT" relativeTo="HP_PET_BG_TEXTURE1">
              <Offset>
                <AbsDimension x="1" y="1"/>
              </Offset>
            </Anchor>
          </Anchors>
        </Texture>
      </Layer>
    </Layers>
    <!--....  BAR HP_PET  ....-->
    <Frames>
      <Frame name="HP_PET_BAR" parent="HP_PET_FRAME">
        <Size>
          <AbsDimension x="10" y="100"/>
        </Size>
        <Anchors>
          <Anchor point="BOTTOM" relativePoint="BOTTOM">
            <Offset>
              <AbsDimension x="0" y="0"/>
            </Offset>
          </Anchor>
        </Anchors>
        <Layers>
          <Layer>
            <Texture name="HP_PET_BAR_TEXTURE"/>
          </Layer>
          <!--....  hp pet max text  ....-->
          <Layer>
            <FontString name="HP_PET_MAX" inherits="GameFontNormalSmall" text="hp_max_pe">
              <Anchors>
                <Anchor point="BOTTOMRIGHT" relativePoint="TOPRIGHT" relativeTo="HP_PET_FRAME">
                  <Offset>
                    <AbsDimension x="0" y="4"/>
                  </Offset>
                </Anchor>
              </Anchors>
            </FontString>
          </Layer>
          <!--....  hp pet name text  ....-->
          <Layer>
            <FontString name="HP_PET_NAME" inherits="GameFontNormalSmall">
              <Anchors>
                <Anchor point="BOTTOMRIGHT" relativePoint="TOPRIGHT" relativeTo="HP_PET_MAX">
                  <Offset>
                    <AbsDimension x="0" y="4"/>
                  </Offset>
                </Anchor>
              </Anchors>
            </FontString>
          </Layer>
          <!--....  hp pet percent text  ....-->
          <Layer>
            <FontString name="HP_PET_PERCENT" inherits="GameFontNormalSmall" text="hp_percent_pe">
              <Anchors>
                <Anchor point="TOPRIGHT" relativePoint="BOTTOMRIGHT" relativeTo="HP_PET_FRAME">
                  <Offset>
                    <AbsDimension x="0" y="-2"/>
                  </Offset>
                </Anchor>
              </Anchors>
            </FontString>
          </Layer>
          <!--....  hp pet deficit text....-->
          <Layer>
            <FontString name="HP_PET_DEFICIT" inherits="GameFontNormalSmall" text="hp_deficit_pe">
              <Anchors>
                <Anchor point="TOPRIGHT" relativePoint="TOPLEFT" relativeTo="HP_PET_BAR">
                  <Offset>
                    <AbsDimension x="-2" y="0"/>
                  </Offset>
                </Anchor>
              </Anchors>
            </FontString>
          </Layer>
        </Layers>
      </Frame>
    </Frames>
    <Scripts>
      <OnLoad>HP_PET_FRAME:SetAttribute("unit", "pet"); RegisterUnitWatch(HP_PET_FRAME); gHUDOnLoad();</OnLoad>
      <OnEvent>Load_HP_Pet(); PetChangeOnEvent();</OnEvent>
      <OnUpdate>HP_Pet(arg1);</OnUpdate>
      <OnMouseUp>gHUD_mouse_OnMouseUp();</OnMouseUp>
      <OnMouseDown>gHUD_mouse_OnMouseDown();</OnMouseDown>
    </Scripts>
  </Frame>
  <!--.... HP Pet Button....-->
  <Button name="HP_Pet_Button" parent="HP_PET_FRAME" inherits="SecureUnitButtonTemplate" frameStrata="LOW">
    <Size>
      <AbsDimension x="10" y="20"/>
    </Size>
    <Anchors>
      <Anchor point="CENTER"/>
    </Anchors>
    <Scripts>
      <OnLoad>this:RegisterForClicks("AnyUp"); HP_Pet_Button:SetAttribute("type1", "target"); HP_Pet_Button:SetAttribute("unit", "pet"); RegisterUnitWatch(HP_Pet_Button);</OnLoad>
      <OnMouseUp>HPPetOnMouseUp();</OnMouseUp>
      <OnMouseDown>HPPetOnMouseDown(); gHUDDropdownMenu();</OnMouseDown>
      <OnEnter>HP_Pet_Button:SetHighlightTexture(Options.texture.BarHeightINV);</OnEnter>
    </Scripts>
  </Button>
  <!--....  BACKGROUND  MP_PET....-->
  <Frame name="MP_PET_FRAME" parent="UIParent" frameStrata="BACKGROUND" inherits="SecureUnitButtonTemplate">
    <Size>
      <AbsDimension x="10" y="200"/>
    </Size>
    <Anchors>
      <Anchor point="BOTTOM" relativePoint="BOTTOM" relativeTo="MP_PARTY1_FRAME">
        <Offset>
          <AbsDimension x="0" y="0"/>
        </Offset>
      </Anchor>
    </Anchors>
    <Layers>
      <Layer level="BACKGROUND">
        <Texture name="MP_PET_BG_TEXTURE1">
          <Color r="1" g="1" b="1" a="1.0"/>
          <Anchors>
            <Anchor point="BOTTOMLEFT" relativePoint="BOTTOMLEFT" relativeTo="MP_PET_FRAME">
              <Offset>
                <AbsDimension x="0" y="0"/>
              </Offset>
            </Anchor>
          </Anchors>
        </Texture>
      </Layer>
      <Layer level="BORDER">
        <Texture name="MP_PET_BG_TEXTURE2">
          <Color r="0" g="0" b="0" a="1.0"/>
          <Anchors>
            <Anchor point="BOTTOMLEFT" relativePoint="BOTTOMLEFT" relativeTo="MP_PET_BG_TEXTURE1">
              <Offset>
                <AbsDimension x="1" y="1"/>
              </Offset>
            </Anchor>
          </Anchors>
        </Texture>
      </Layer>
    </Layers>
    <!--....  BAR MP_PET  ....-->
    <Frames>
      <Frame name="MP_PET_BAR" parent="MP_PET_FRAME">
        <Size>
          <AbsDimension x="10" y="100"/>
        </Size>
        <Anchors>
          <Anchor point="BOTTOMLEFT" relativePoint="BOTTOMLEFT">
            <Offset>
              <AbsDimension x="0" y="0"/>
            </Offset>
          </Anchor>
        </Anchors>
        <Layers>
          <Layer>
            <Texture name="MP_PET_BAR_TEXTURE"/>
          </Layer>
          <!--....  mp pet max text  ....-->
          <Layer>
            <FontString name="MP_PET_MAX" inherits="GameFontNormalSmall" text="mp_max_pe">
              <Anchors>
                <Anchor point="BOTTOMLEFT" relativePoint="TOPLEFT" relativeTo="MP_PET_FRAME">
                  <Offset>
                    <AbsDimension x="0" y="4"/>
                  </Offset>
                </Anchor>
              </Anchors>
            </FontString>
          </Layer>
          <!--....  mp pet percent text  ....-->
          <Layer>
            <FontString name="MP_PET_PERCENT" inherits="GameFontNormalSmall" text="mp_percent_pe">
              <Anchors>
                <Anchor point="TOPLEFT" relativePoint="BOTTOMLEFT" relativeTo="MP_PET_FRAME">
                  <Offset>
                    <AbsDimension x="0" y="-2"/>
                  </Offset>
                </Anchor>
              </Anchors>
            </FontString>
          </Layer>
          <!--....  mp pet deficit text  ....-->
          <Layer>
            <FontString name="MP_PET_DEFICIT" inherits="GameFontNormalSmall" text="mp_deficit_pe">
              <Anchors>
                <Anchor point="TOPLEFT" relativePoint="TOPRIGHT" relativeTo="MP_PET_BAR">
                  <Offset>
                    <AbsDimension x="2" y="0"/>
                  </Offset>
                </Anchor>
              </Anchors>
            </FontString>
          </Layer>
        </Layers>
      </Frame>
    </Frames>
    <Scripts>
      <OnLoad>MP_PET_FRAME:SetAttribute("unit", "pet"); RegisterUnitWatch(MP_PET_FRAME); gHUDOnLoad();</OnLoad>
      <OnEvent>Load_MP_Pet(); PetChangeOnEvent();</OnEvent>
      <OnUpdate>MP_Pet(arg1);</OnUpdate>
      <OnMouseUp>gHUD_mouse_OnMouseUp();</OnMouseUp>
      <OnMouseDown>gHUD_mouse_OnMouseDown();</OnMouseDown>
    </Scripts>
  </Frame>
  <!--.... MP PetButton....-->
  <Button name="MP_Pet_Button" parent="MP_PET_FRAME" inherits="SecureUnitButtonTemplate" frameStrata="LOW">
    <Size>
      <AbsDimension x="10" y="20"/>
    </Size>
    <Anchors>
      <Anchor point="CENTER"/>
    </Anchors>
    <Scripts>
      <OnLoad>this:RegisterForClicks("AnyUp"); MP_Pet_Button:SetAttribute("type1", "target"); MP_Pet_Button:SetAttribute("unit", "pet"); RegisterUnitWatch(MP_Pet_Button);</OnLoad>
      <OnMouseUp>MPPetOnMouseUp();</OnMouseUp>
      <OnMouseDown>MPPetOnMouseDown(); gHUDDropdownMenu();</OnMouseDown>
      <OnEnter>MP_Pet_Button:SetHighlightTexture(Options.texture.BarHeightINV);</OnEnter>
    </Scripts>
  </Button>
  <!--....  BACKGROUND  MP_TARGETTARGET....-->
  <!--.... MP PetButton....-->
</Ui>