<Ui xmlns="http://www.blizzard.com/wow/ui/" xmlns:xsi="http://www.w3.org/2001/XMLSchema-instance"   xsi:schemaLocation="http://www.blizzard.com/wow/ui/"> 

	<Frame name="gHUDMenu" parent="UIParent" frameStrata="HIGH" enableMouse="true" hidden="true" movable="true">
		<Size><AbsDimension x="495" y="690"/></Size>
		<Backdrop bgFile="Interface\DialogFrame\UI-DialogBox-Background" edgeFile="Interface\DialogFrame\UI-DialogBox-Border" tile="true">
			<EdgeSize>
				<AbsValue val="10"/>
			</EdgeSize>	
			<TileSize>
				<AbsValue val="32"/>
			</TileSize>
			<BackgroundInsets>
				<AbsInset left="2" right="2" top="2" bottom="2"/>
			</BackgroundInsets>
		</Backdrop>
		<Anchors>
			<Anchor point="LEFT">
			</Anchor>
		</Anchors>

		<Frames>
			<Frame name="gHUDMenuHeader" parent="gHUDMenu">
				<Size><AbsDimension x="130" y="60"/></Size>
				<Backdrop bgFile="Interface\DialogFrame\UI-DialogBox-Background" edgeFile="Interface\DialogFrame\UI-DialogBox-Border" tile="true">
					<EdgeSize>
						<AbsValue val="10"/>
					</EdgeSize>	
					<TileSize>
						<AbsValue val="32"/>
					</TileSize>
					<BackgroundInsets>
						<AbsInset left="2" right="2" top="2" bottom="2"/>
					</BackgroundInsets>
				</Backdrop>
				<Anchors>
					<Anchor point="TOPLEFT">
						<Offset>
							<AbsDimension x="0" y="0"/>
						</Offset>
					</Anchor>
				</Anchors>
				<Layers>
					<Layer>
						<FontString name="Header" inherits="GameFontNormal" text="gHUD Menu">
							<Anchors>
								<Anchor point="CENTER">
									<Offset><AbsDimension x="0" y="0"/></Offset>
								</Anchor>
							</Anchors>
						</FontString>
					</Layer>
				</Layers>
			</Frame>
		</Frames>
		<Scripts>
			<OnMouseUp>
				if (this.isMoving) then
					this:StopMovingOrSizing();
					this.isMoving = false;
				end
			</OnMouseUp>
			<OnMouseDown>
				if (this:IsMovable()) then	
					if ((not this.isLocked) or (this.isLocked == 0) and (arg1 == "LeftButton")) then
					this:StartMoving();
					this.isMoving = true;
					end
				end
			</OnMouseDown>
			<OnUpdate>
				gHUDShowAllFrames();
			</OnUpdate>
		</Scripts>
	</Frame>


<!-- Tab Player -->	
	<Button name="ButtonPlayer" parent="gHUDMenuHeader" inherits="OptionsButtonTemplate" text="Player">
		<Size><AbsDimension x="120" y="25"/></Size>
		<Anchors>
			<Anchor point="TOPLEFT" relativePoint="TOPRIGHT">
				<Offset>
					<AbsDimension x="0" y="-5"/>
				</Offset>
			</Anchor>
		</Anchors>
		<Scripts>
			<OnClick> 
				playerTab:Show();
				targetTab:Hide();
				partyTab:Hide();
				partypetTab:Hide();
				petTab:Hide();
				ttTab:Hide();
				miscTab:Hide();
			</OnClick>
		</Scripts>
	</Button>
	
<!-- Tab Target -->	
	<Button name="ButtonTarget" parent="ButtonPlayer" inherits="OptionsButtonTemplate" text="Target">
		<Size><AbsDimension x="120" y="25"/></Size>
		<Anchors>
			<Anchor point="LEFT" relativePoint="RIGHT">
				<Offset>
					<AbsDimension x="1" y="0"/>
				</Offset>
			</Anchor>
		</Anchors>
		<Scripts>
			<OnClick> 
				playerTab:Hide();
				targetTab:Show();
				partyTab:Hide();
				partypetTab:Hide();
				petTab:Hide();
				ttTab:Hide();
				miscTab:Hide();
			</OnClick>
		</Scripts>
	</Button>

<!-- Tab TT -->	
	<Button name="ButtonTargetTarget" parent="ButtonTarget" inherits="OptionsButtonTemplate" text="Target's Target">
		<Size><AbsDimension x="120" y="25"/></Size>
		<Anchors>
			<Anchor point="LEFT" relativePoint="RIGHT">
				<Offset>
					<AbsDimension x="1" y="0"/>
				</Offset>
			</Anchor>
		</Anchors>
		<Scripts>
			<OnClick> 
				playerTab:Hide();
				targetTab:Hide();
				partyTab:Hide();
				partypetTab:Hide();
				petTab:Hide();
				ttTab:Show();
				miscTab:Hide();
			</OnClick>
		</Scripts>
	</Button>

<!-- Tab Party -->	
	<Button name="ButtonParty" parent="ButtonPlayer" inherits="OptionsButtonTemplate" text="Party">
		<Size><AbsDimension x="120" y="25"/></Size>
		<Anchors>
			<Anchor point="TOPLEFT" relativePoint="BOTTOMLEFT">
				<Offset>
					<AbsDimension x="0" y="0"/>
				</Offset>
			</Anchor>
		</Anchors>
		<Scripts>
			<OnClick> 
				playerTab:Hide();
				targetTab:Hide();
				partyTab:Show();
				partypetTab:Hide();
				petTab:Hide();
				ttTab:Hide();
				miscTab:Hide();
			</OnClick>
		</Scripts>
	</Button>	

<!-- Tab PartyPet -->	
	<Button name="ButtonPartyPet" parent="ButtonParty" inherits="OptionsButtonTemplate" text="PartyPet">
		<Size><AbsDimension x="120" y="25"/></Size>
		<Anchors>
			<Anchor point="LEFT" relativePoint="RIGHT">
				<Offset>
					<AbsDimension x="1" y="0"/>
				</Offset>
			</Anchor>
		</Anchors>
		<Scripts>
			<OnClick> 
				playerTab:Hide();
				targetTab:Hide();
				partyTab:Hide();
				partypetTab:Show();
				petTab:Hide();
				ttTab:Hide();
				miscTab:Hide();
			</OnClick>
		</Scripts>
	</Button>

<!-- Tab Pet -->	
	<Button name="ButtonPet" parent="ButtonPartyPet" inherits="OptionsButtonTemplate" text="Pet">
		<Size><AbsDimension x="120" y="25"/></Size>
		<Anchors>
			<Anchor point="LEFT" relativePoint="RIGHT">
				<Offset>
					<AbsDimension x="1" y="0"/>
				</Offset>
			</Anchor>
		</Anchors>
		<Scripts>
			<OnClick> 
				playerTab:Hide();
				targetTab:Hide();
				partyTab:Hide();
				partypetTab:Hide();
				petTab:Show();
				ttTab:Hide();
				miscTab:Hide();
			</OnClick>
		</Scripts>
	</Button>

<!-- Tab Frame Creator -->	
	<Button name="ButtonFrameCreator" parent="gHUDMenuHeader" inherits="OptionsButtonTemplate" text="FCreator">
		<Size><AbsDimension x="120" y="25"/></Size>
		<Anchors>
			<Anchor point="TOPLEFT" relativePoint="BOTTOMLEFT">
				<Offset>
					<AbsDimension x="5" y="-10"/>
				</Offset>
			</Anchor>
		</Anchors>
		<Scripts>
			<OnClick> 
			
			</OnClick>
		</Scripts>
	</Button>
	
	
<!-- Tab Misc -->	
	<Button name="ButtonMisc" parent="gHUDMenuHeader" inherits="OptionsButtonTemplate" text="Misc">
		<Size><AbsDimension x="120" y="25"/></Size>
		<Anchors>
			<Anchor point="TOPLEFT" relativePoint="BOTTOMLEFT">
				<Offset>
					<AbsDimension x="5" y="-300"/>
				</Offset>
			</Anchor>
		</Anchors>
		<Scripts>
			<OnClick> 
				playerTab:Hide();
				targetTab:Hide();
				partyTab:Hide();
				partypetTab:Hide();
				petTab:Hide();
				ttTab:Hide();
				miscTab:Show();
			</OnClick>
		</Scripts>
	</Button>
	
	
	<!-- Tab Profiles -->	
	<Button name="ButtonProfiles" parent="ButtonMisc" inherits="OptionsButtonTemplate" text="Profiles">
		<Size><AbsDimension x="120" y="25"/></Size>
		<Anchors>
			<Anchor point="TOPLEFT" relativePoint="BOTTOMLEFT">
				<Offset>
					<AbsDimension x="0" y="0"/>
				</Offset>
			</Anchor>
		</Anchors>
		<Scripts>
			<OnClick> 
			
			</OnClick>
		</Scripts>
	</Button>
	
	<!-- Tab Combo points -->	
	<Button name="ButtonCombo" parent="ButtonProfiles" inherits="OptionsButtonTemplate" text="Combo Points">
		<Size><AbsDimension x="120" y="25"/></Size>
		<Anchors>
			<Anchor point="TOPLEFT" relativePoint="BOTTOMLEFT">
				<Offset>
					<AbsDimension x="0" y="0"/>
				</Offset>
			</Anchor>
		</Anchors>
		<Scripts>
			<OnClick> 
			
			</OnClick>
		</Scripts>
	</Button>

	
	<Button name="ButtonClose" parent="gHUDMenu" inherits="OptionsButtonTemplate" text="Close">
		<Size><AbsDimension x="120" y="25"/></Size>
		<Anchors>
			<Anchor point="BOTTOMLEFT" relativePoint="BOTTOMLEFT">
				<Offset>
					<AbsDimension x="5" y="5"/>
				</Offset>
			</Anchor>
		</Anchors>
		<Scripts>
			<OnClick> 
				gHUDMenu:Hide();
			</OnClick>
		</Scripts>
	</Button>
	
	
	<!--
	<Button name="ButtonReset" parent="gHUDMenu" inherits="OptionsButtonTemplate" text="Reset Frame">
		<Size><AbsDimension x="90" y="25"/></Size>
		<Anchors>
			<Anchor point="TOP">
				<Offset>
					<AbsDimension x="0" y="-10"/>
				</Offset>
			</Anchor>
		</Anchors>
		<Scripts>
			<OnClick> 
				ResetFrameOnClick();
			</OnClick>
		</Scripts>
	</Button>
	<Button name="ButtonResetAll" parent="ButtonReset" inherits="OptionsButtonTemplate" text="Reset All">
		<Size><AbsDimension x="80" y="25"/></Size>
		<Anchors>
			<Anchor point="LEFT" relativePoint="RIGHT">
				<Offset>
					<AbsDimension x="0" y="0"/>
				</Offset>
			</Anchor>
		</Anchors>
		<Scripts>
			<OnClick> 
				ResetAllOnClick();
			</OnClick>
		</Scripts>
	</Button>
-->


<!-- Frame Player -->
	<Frame name="playerTab" parent="gHUDMenuHeader" enableMouse="true" hidden="false" movable="true">
		<Size><AbsDimension x="365" y="630"/></Size>
		<Backdrop bgFile="Interface\DialogFrame\UI-DialogBox-Background" edgeFile="Interface\DialogFrame\UI-DialogBox-Border" tile="true">
			<EdgeSize>
				<AbsValue val="10"/>
			</EdgeSize>	
			<TileSize>
				<AbsValue val="32"/>
			</TileSize>
			<BackgroundInsets>
				<AbsInset left="2" right="2" top="2" bottom="2"/>
			</BackgroundInsets>
		</Backdrop>
		<Anchors>
			<Anchor point="TOPLEFT" relativePoint="BOTTOMRIGHT">
				<Offset>
					<AbsDimension x="0" y="0"/>
				</Offset>
			</Anchor>
		</Anchors>
		<Frames>
			<Frame name="playerHeader" parent="playerTab">
				<Size><AbsDimension x="365" y="25"/></Size>
				<Backdrop bgFile="Interface\DialogFrame\UI-DialogBox-Background" edgeFile="Interface\DialogFrame\UI-DialogBox-Border" tile="true">
					<EdgeSize>
						<AbsValue val="10"/>
					</EdgeSize>	
					<TileSize>
						<AbsValue val="32"/>
					</TileSize>
					<BackgroundInsets>
						<AbsInset left="2" right="2" top="2" bottom="2"/>
					</BackgroundInsets>
				</Backdrop>
				<Anchors>
					<Anchor point="TOP">
						<Offset>
							<AbsDimension x="0" y="0"/>
						</Offset>
					</Anchor>
				</Anchors>
				<Layers>
					<Layer>
						<FontString inherits="GameFontHighlight" text="Player">
							<Anchors>
								<Anchor point="CENTER">
									<Offset><AbsDimension x="0" y="0"/></Offset>
								</Anchor>
							</Anchors>
						</FontString>
					</Layer>
				</Layers>
			</Frame>
		</Frames>
		<Scripts>

		</Scripts>
	</Frame>
	
	

<!-- Frame Target -->
	<Frame name="targetTab" parent="gHUDMenuHeader" enableMouse="true" hidden="true" movable="true">
		<Size><AbsDimension x="365" y="630"/></Size>
		<Backdrop bgFile="Interface\DialogFrame\UI-DialogBox-Background" edgeFile="Interface\DialogFrame\UI-DialogBox-Border" tile="true">
			<EdgeSize>
				<AbsValue val="10"/>
			</EdgeSize>	
			<TileSize>
				<AbsValue val="32"/>
			</TileSize>
			<BackgroundInsets>
				<AbsInset left="2" right="2" top="2" bottom="2"/>
			</BackgroundInsets>
		</Backdrop>
		<Anchors>
			<Anchor point="TOPLEFT" relativePoint="BOTTOMRIGHT">
				<Offset>
					<AbsDimension x="0" y="0"/>
				</Offset>
			</Anchor>
		</Anchors>
		<Frames>
			<Frame name="targetHeader" parent="targetTab">
				<Size><AbsDimension x="365" y="25"/></Size>
				<Backdrop bgFile="Interface\DialogFrame\UI-DialogBox-Background" edgeFile="Interface\DialogFrame\UI-DialogBox-Border" tile="true">
					<EdgeSize>
						<AbsValue val="10"/>
					</EdgeSize>	
					<TileSize>
						<AbsValue val="32"/>
					</TileSize>
					<BackgroundInsets>
						<AbsInset left="2" right="2" top="2" bottom="2"/>
					</BackgroundInsets>
				</Backdrop>
				<Anchors>
					<Anchor point="TOP">
						<Offset>
							<AbsDimension x="0" y="0"/>
						</Offset>
					</Anchor>
				</Anchors>
				<Layers>
					<Layer>
						<FontString inherits="GameFontHighlight" text="Target">
							<Anchors>
								<Anchor point="CENTER">
									<Offset><AbsDimension x="0" y="0"/></Offset>
								</Anchor>
							</Anchors>
						</FontString>
					</Layer>
				</Layers>
			</Frame>
		</Frames>
		<Scripts>

		</Scripts>
	</Frame>


	
<!-- Frame TT -->
	<Frame name="ttTab" parent="gHUDMenuHeader" enableMouse="true" hidden="true" movable="true">
		<Size><AbsDimension x="365" y="630"/></Size>
		<Backdrop bgFile="Interface\DialogFrame\UI-DialogBox-Background" edgeFile="Interface\DialogFrame\UI-DialogBox-Border" tile="true">
			<EdgeSize>
				<AbsValue val="10"/>
			</EdgeSize>	
			<TileSize>
				<AbsValue val="32"/>
			</TileSize>
			<BackgroundInsets>
				<AbsInset left="2" right="2" top="2" bottom="2"/>
			</BackgroundInsets>
		</Backdrop>
		<Anchors>
			<Anchor point="TOPLEFT" relativePoint="BOTTOMRIGHT">
				<Offset>
					<AbsDimension x="0" y="0"/>
				</Offset>
			</Anchor>
		</Anchors>
		<Frames>
			<Frame name="ttHeader" parent="ttTab">
				<Size><AbsDimension x="365" y="25"/></Size>
				<Backdrop bgFile="Interface\DialogFrame\UI-DialogBox-Background" edgeFile="Interface\DialogFrame\UI-DialogBox-Border" tile="true">
					<EdgeSize>
						<AbsValue val="10"/>
					</EdgeSize>	
					<TileSize>
						<AbsValue val="32"/>
					</TileSize>
					<BackgroundInsets>
						<AbsInset left="2" right="2" top="2" bottom="2"/>
					</BackgroundInsets>
				</Backdrop>
				<Anchors>
					<Anchor point="TOP">
						<Offset>
							<AbsDimension x="0" y="0"/>
						</Offset>
					</Anchor>
				</Anchors>
				<Layers>
					<Layer>
						<FontString inherits="GameFontHighlight" text="Target's Target">
							<Anchors>
								<Anchor point="CENTER">
									<Offset><AbsDimension x="0" y="0"/></Offset>
								</Anchor>
							</Anchors>
						</FontString>
					</Layer>
				</Layers>
			</Frame>
		</Frames>
		<Scripts>

		</Scripts>
	</Frame>

	
	
	<!-- Frame Party -->
	<Frame name="partyTab" parent="gHUDMenuHeader" enableMouse="true" hidden="true" movable="true">
		<Size><AbsDimension x="365" y="630"/></Size>
		<Backdrop bgFile="Interface\DialogFrame\UI-DialogBox-Background" edgeFile="Interface\DialogFrame\UI-DialogBox-Border" tile="true">
			<EdgeSize>
				<AbsValue val="10"/>
			</EdgeSize>	
			<TileSize>
				<AbsValue val="32"/>
			</TileSize>
			<BackgroundInsets>
				<AbsInset left="2" right="2" top="2" bottom="2"/>
			</BackgroundInsets>
		</Backdrop>
		<Anchors>
			<Anchor point="TOPLEFT" relativePoint="BOTTOMRIGHT">
				<Offset>
					<AbsDimension x="0" y="0"/>
				</Offset>
			</Anchor>
		</Anchors>
		<Frames>
			<Frame name="partyHeader" parent="partyTab">
				<Size><AbsDimension x="365" y="25"/></Size>
				<Backdrop bgFile="Interface\DialogFrame\UI-DialogBox-Background" edgeFile="Interface\DialogFrame\UI-DialogBox-Border" tile="true">
					<EdgeSize>
						<AbsValue val="10"/>
					</EdgeSize>	
					<TileSize>
						<AbsValue val="32"/>
					</TileSize>
					<BackgroundInsets>
						<AbsInset left="2" right="2" top="2" bottom="2"/>
					</BackgroundInsets>
				</Backdrop>
				<Anchors>
					<Anchor point="TOP">
						<Offset>
							<AbsDimension x="0" y="0"/>
						</Offset>
					</Anchor>
				</Anchors>
				<Layers>
					<Layer>
						<FontString inherits="GameFontHighlight" text="Party">
							<Anchors>
								<Anchor point="CENTER">
									<Offset><AbsDimension x="0" y="0"/></Offset>
								</Anchor>
							</Anchors>
						</FontString>
					</Layer>
				</Layers>
			</Frame>
		</Frames>
		<Scripts>

		</Scripts>
	</Frame>




<!-- Frame PartyPet -->
	<Frame name="partypetTab" parent="gHUDMenuHeader" enableMouse="true" hidden="true" movable="true">
		<Size><AbsDimension x="365" y="630"/></Size>
		<Backdrop bgFile="Interface\DialogFrame\UI-DialogBox-Background" edgeFile="Interface\DialogFrame\UI-DialogBox-Border" tile="true">
			<EdgeSize>
				<AbsValue val="10"/>
			</EdgeSize>	
			<TileSize>
				<AbsValue val="32"/>
			</TileSize>
			<BackgroundInsets>
				<AbsInset left="2" right="2" top="2" bottom="2"/>
			</BackgroundInsets>
		</Backdrop>
		<Anchors>
			<Anchor point="TOPLEFT" relativePoint="BOTTOMRIGHT">
				<Offset>
					<AbsDimension x="0" y="0"/>
				</Offset>
			</Anchor>
		</Anchors>
		<Frames>
			<Frame name="partypetHeader" parent="partypetTab">
				<Size><AbsDimension x="365" y="25"/></Size>
				<Backdrop bgFile="Interface\DialogFrame\UI-DialogBox-Background" edgeFile="Interface\DialogFrame\UI-DialogBox-Border" tile="true">
					<EdgeSize>
						<AbsValue val="10"/>
					</EdgeSize>	
					<TileSize>
						<AbsValue val="32"/>
					</TileSize>
					<BackgroundInsets>
						<AbsInset left="2" right="2" top="2" bottom="2"/>
					</BackgroundInsets>
				</Backdrop>
				<Anchors>
					<Anchor point="TOP">
						<Offset>
							<AbsDimension x="0" y="0"/>
						</Offset>
					</Anchor>
				</Anchors>
				<Layers>
					<Layer>
						<FontString inherits="GameFontHighlight" text="PartyPet">
							<Anchors>
								<Anchor point="CENTER">
									<Offset><AbsDimension x="0" y="0"/></Offset>
								</Anchor>
							</Anchors>
						</FontString>
					</Layer>
				</Layers>
			</Frame>
		</Frames>
		<Scripts>

		</Scripts>
	</Frame>
	
	
	
	<!-- Frame Pet -->
	<Frame name="petTab" parent="gHUDMenuHeader" enableMouse="true" hidden="true" movable="true">
		<Size><AbsDimension x="365" y="630"/></Size>
		<Backdrop bgFile="Interface\DialogFrame\UI-DialogBox-Background" edgeFile="Interface\DialogFrame\UI-DialogBox-Border" tile="true">
			<EdgeSize>
				<AbsValue val="10"/>
			</EdgeSize>	
			<TileSize>
				<AbsValue val="32"/>
			</TileSize>
			<BackgroundInsets>
				<AbsInset left="2" right="2" top="2" bottom="2"/>
			</BackgroundInsets>
		</Backdrop>
		<Anchors>
			<Anchor point="TOPLEFT" relativePoint="BOTTOMRIGHT">
				<Offset>
					<AbsDimension x="0" y="0"/>
				</Offset>
			</Anchor>
		</Anchors>
		<Frames>
			<Frame name="petHeader" parent="petTab">
				<Size><AbsDimension x="365" y="25"/></Size>
				<Backdrop bgFile="Interface\DialogFrame\UI-DialogBox-Background" edgeFile="Interface\DialogFrame\UI-DialogBox-Border" tile="true">
					<EdgeSize>
						<AbsValue val="10"/>
					</EdgeSize>	
					<TileSize>
						<AbsValue val="32"/>
					</TileSize>
					<BackgroundInsets>
						<AbsInset left="2" right="2" top="2" bottom="2"/>
					</BackgroundInsets>
				</Backdrop>
				<Anchors>
					<Anchor point="TOP">
						<Offset>
							<AbsDimension x="0" y="0"/>
						</Offset>
					</Anchor>
				</Anchors>
				<Layers>
					<Layer>
						<FontString inherits="GameFontHighlight" text="Pet">
							<Anchors>
								<Anchor point="CENTER">
									<Offset><AbsDimension x="0" y="0"/></Offset>
								</Anchor>
							</Anchors>
						</FontString>
					</Layer>
				</Layers>
			</Frame>
		</Frames>
		<Scripts>

		</Scripts>
	</Frame>
	
	
	<!-- Frame Misc -->
	<Frame name="miscTab" parent="gHUDMenuHeader" enableMouse="true" hidden="true" movable="true">
		<Size><AbsDimension x="365" y="630"/></Size>
		<Backdrop bgFile="Interface\DialogFrame\UI-DialogBox-Background" edgeFile="Interface\DialogFrame\UI-DialogBox-Border" tile="true">
			<EdgeSize>
				<AbsValue val="10"/>
			</EdgeSize>	
			<TileSize>
				<AbsValue val="32"/>
			</TileSize>
			<BackgroundInsets>
				<AbsInset left="2" right="2" top="2" bottom="2"/>
			</BackgroundInsets>
		</Backdrop>
		<Anchors>
			<Anchor point="TOPLEFT" relativePoint="BOTTOMRIGHT">
				<Offset>
					<AbsDimension x="0" y="0"/>
				</Offset>
			</Anchor>
		</Anchors>
		<Frames>
			<Frame name="miscHeader" parent="miscTab">
				<Size><AbsDimension x="365" y="25"/></Size>
				<Backdrop bgFile="Interface\DialogFrame\UI-DialogBox-Background" edgeFile="Interface\DialogFrame\UI-DialogBox-Border" tile="true">
					<EdgeSize>
						<AbsValue val="10"/>
					</EdgeSize>	
					<TileSize>
						<AbsValue val="32"/>
					</TileSize>
					<BackgroundInsets>
						<AbsInset left="2" right="2" top="2" bottom="2"/>
					</BackgroundInsets>
				</Backdrop>
				<Anchors>
					<Anchor point="TOP">
						<Offset>
							<AbsDimension x="0" y="0"/>
						</Offset>
					</Anchor>
				</Anchors>
				<Layers>
					<Layer>
						<FontString inherits="GameFontHighlight" text="Misc">
							<Anchors>
								<Anchor point="CENTER">
									<Offset><AbsDimension x="0" y="0"/></Offset>
								</Anchor>
							</Anchors>
						</FontString>
					</Layer>
				</Layers>
			</Frame>
		</Frames>
		<Scripts>

		</Scripts>
	</Frame>


	

	</Ui>
	