<Ui xmlns="http://www.blizzard.com/wow/ui/" xmlns:xsi="http://www.w3.org/2001/XMLSchema-instance"   xsi:schemaLocation="http://www.blizzard.com/wow/ui/"> 

	<!-- CB Party -->
	<CheckButton name="showPartyCB" parent="partyTab" inherits="OptionsCheckButtonTemplate" checked="true">
		<Size><AbsDimension x="25" y="25"/></Size>
		<Anchors>
			<Anchor point="TOPLEFT">
				<Offset>
					<AbsDimension x="10" y="-30"></AbsDimension>
				</Offset>
			</Anchor>
		</Anchors>
		<Layers>
			<Layer>
				<FontString inherits="GameFontNormalSmall" text="Show Party">
					<Anchors>
						<Anchor point="LEFT" relativePoint="RIGHT">
							<Offset><AbsDimension x="0" y="0"/></Offset>
						</Anchor>
					</Anchors>
				</FontString>
			</Layer>
		</Layers>
		<Scripts>
			<OnClick>
				partyShowCBOnClick();
			</OnClick>
		</Scripts>
	</CheckButton>
	
	<!-- CB party name direction -->
	<CheckButton name="hppartyFontDirectionCB" parent="partyTab" inherits="OptionsCheckButtonTemplate">
		<Size><AbsDimension x="25" y="25"/></Size>
		<Anchors>
			<Anchor point="TOP" >
				<Offset>
					<AbsDimension x="10" y="-30"></AbsDimension>
				</Offset>
			</Anchor>
		</Anchors>
		<Layers>
			<Layer>
				<FontString inherits="GameFontNormalSmall" text="Health Font Left">
					<Anchors>
						<Anchor point="LEFT" relativePoint="RIGHT">
							<Offset><AbsDimension x="0" y="0"/></Offset>
						</Anchor>
					</Anchors>
				</FontString>
			</Layer>
		</Layers>
		<Scripts>
			<OnClick>
				hppartyFontDirectionCBOnClick();
			</OnClick>
		</Scripts>
	</CheckButton>
	
	<CheckButton name="mppartyFontDirectionCB" parent="partyTab" inherits="OptionsCheckButtonTemplate">
		<Size><AbsDimension x="25" y="25"/></Size>
		<Anchors>
			<Anchor point="TOP" >
				<Offset>
					<AbsDimension x="10" y="-65"></AbsDimension>
				</Offset>
			</Anchor>
		</Anchors>
		<Layers>
			<Layer>
				<FontString inherits="GameFontNormalSmall" text="Mana Font Left">
					<Anchors>
						<Anchor point="LEFT" relativePoint="RIGHT">
							<Offset><AbsDimension x="0" y="0"/></Offset>
						</Anchor>
					</Anchors>
				</FontString>
			</Layer>
		</Layers>
		<Scripts>
			<OnClick>
				mppartyFontDirectionCBOnClick();
			</OnClick>
		</Scripts>
	</CheckButton>

	<!-- CB Party -->
	<CheckButton name="partyNameCB" parent="showPartyCB" inherits="OptionsCheckButtonTemplate" checked="true">
		<Size><AbsDimension x="25" y="25"/></Size>
		<Anchors>
			<Anchor point="TOP" relativePoint="BOTTOM">
				<Offset>
					<AbsDimension x="0" y="-10"></AbsDimension>
				</Offset>
			</Anchor>
		</Anchors>
		<Layers>
			<Layer>
				<FontString inherits="GameFontNormalSmall" text="Party Name">
					<Anchors>
						<Anchor point="LEFT" relativePoint="RIGHT">
							<Offset><AbsDimension x="0" y="0"/></Offset>
						</Anchor>
					</Anchors>
				</FontString>
			</Layer>
		</Layers>
		<Scripts>
			<OnClick>
				partyNameCBOnClick();
			</OnClick>
		</Scripts>
	</CheckButton>

	
<!-- Sliders party -->
	<Slider name="partyNameFormatSlider" parent="partyTab" inherits="OptionsSliderTemplate">
		<Size><AbsDimension x="300" y="15"/></Size>
		<Anchors>
			<Anchor point="TOPLEFT">
				<Offset><AbsDimension x="10" y="-110"/></Offset>
			</Anchor>
		</Anchors>
		<Layers>
			<Layer>
				<FontString inherits="GameFontNormalSmall" text="Name Format">
					<Anchors>
						<Anchor point="BOTTOMLEFT" relativePoint="TOPLEFT">
							<Offset><AbsDimension x="0" y="0"/></Offset>
						</Anchor>
					</Anchors>
				</FontString>
			</Layer>
			<Layer>
				<FontString name="partyNameFormatStatus" inherits="GameFontNormalSmall" text="status">
					<Anchors>
						<Anchor point="BOTTOMRIGHT" relativePoint="TOPRIGHT">
							<Offset><AbsDimension x="0" y="0"/></Offset>
						</Anchor>
					</Anchors>
				</FontString>
			</Layer>
		</Layers>
		<Scripts>
			<OnValueChanged>
				partyNameFormatSliderOnValueChanged();
			</OnValueChanged>
		</Scripts>
	</Slider>
	<Button name="partyNameFormatSliderMinus" parent="partyNameFormatSlider" inherits="OptionsButtonTemplate" text="-">
		<Size><AbsDimension x="15" y="15"/></Size>
		<Anchors>
			<Anchor point="LEFT" relativePoint="RIGHT">
				<Offset>
					<AbsDimension x="5" y="0"/>
				</Offset>
			</Anchor>
		</Anchors>
		<Scripts>
			<OnClick>
				partyNameFormatSlider:SetValue(partyNameFormatSlider:GetValue()-partyNameFormatSlider:GetValueStep());
			</OnClick>
		</Scripts>
	</Button>
	<Button name="partyNameFormatSliderPlus" parent="partyNameFormatSliderMinus" inherits="OptionsButtonTemplate" text="+">
		<Size><AbsDimension x="15" y="15"/></Size>
		<Anchors>
			<Anchor point="LEFT" relativePoint="RIGHT">
				<Offset>
					<AbsDimension x="5" y="0"/>
				</Offset>
			</Anchor>
		</Anchors>
		<Scripts>
			<OnClick> 
				partyNameFormatSlider:SetValue(partyNameFormatSlider:GetValue()+partyNameFormatSlider:GetValueStep());
			</OnClick>
		</Scripts>
	</Button>

	<!--Right-->		
	<Slider name="partyHpXSlider" parent="partyNameFormatSlider" inherits="OptionsSliderTemplate">
		<Size><AbsDimension x="300" y="15"/></Size>
		<Anchors>
			<Anchor point="TOP" relativePoint="BOTTOM">
				<Offset><AbsDimension x="0" y="-135"/></Offset>
			</Anchor>
		</Anchors>
		<Layers>
			<Layer>
				<FontString inherits="GameFontNormalSmall" text="Health X">
					<Anchors>
						<Anchor point="BOTTOMLEFT" relativePoint="TOPLEFT">
							<Offset><AbsDimension x="0" y="0"/></Offset>
						</Anchor>
					</Anchors>
				</FontString>
			</Layer>
			<Layer>
				<FontString name="partyHpXStatus" inherits="GameFontNormalSmall" text="status">
					<Anchors>
						<Anchor point="BOTTOMRIGHT" relativePoint="TOPRIGHT">
							<Offset><AbsDimension x="0" y="0"/></Offset>
						</Anchor>
					</Anchors>
				</FontString>
			</Layer>
		</Layers>
		<Scripts>
			<OnValueChanged>
				partyHpXSliderOnValueChanged();
			</OnValueChanged>
		</Scripts>
	</Slider>
	<Button name="partyHpXSliderMinus" parent="partyHpXSlider" inherits="OptionsButtonTemplate" text="-">
		<Size><AbsDimension x="15" y="15"/></Size>
		<Anchors>
			<Anchor point="LEFT" relativePoint="RIGHT">
				<Offset>
					<AbsDimension x="5" y="0"/>
				</Offset>
			</Anchor>
		</Anchors>
		<Scripts>
			<OnClick>
				partyHpXSlider:SetValue(partyHpXSlider:GetValue()-partyHpXSlider:GetValueStep());
			</OnClick>
		</Scripts>
	</Button>
	<Button name="partyHpXSliderPlus" parent="partyHpXSliderMinus" inherits="OptionsButtonTemplate" text="+">
		<Size><AbsDimension x="15" y="15"/></Size>
		<Anchors>
			<Anchor point="LEFT" relativePoint="RIGHT">
				<Offset>
					<AbsDimension x="5" y="0"/>
				</Offset>
			</Anchor>
		</Anchors>
		<Scripts>
			<OnClick> 
				partyHpXSlider:SetValue(partyHpXSlider:GetValue()+partyHpXSlider:GetValueStep());
			</OnClick>
		</Scripts>
	</Button>

	<Slider name="partyHpYSlider" parent="partyHpXSlider" inherits="OptionsSliderTemplate">
		<Size><AbsDimension x="300" y="15"/></Size>
		<Anchors>
			<Anchor point="TOP" relativePoint="BOTTOM">
				<Offset><AbsDimension x="0" y="-25"/></Offset>
			</Anchor>
		</Anchors>
		<Layers>
			<Layer>
				<FontString inherits="GameFontNormalSmall" text="Health Y">
					<Anchors>
						<Anchor point="BOTTOMLEFT" relativePoint="TOPLEFT">
							<Offset><AbsDimension x="0" y="0"/></Offset>
						</Anchor>
					</Anchors>
				</FontString>
			</Layer>
			<Layer>
				<FontString name="partyHpYStatus" inherits="GameFontNormalSmall" text="status">
					<Anchors>
						<Anchor point="BOTTOMRIGHT" relativePoint="TOPRIGHT">
							<Offset><AbsDimension x="0" y="0"/></Offset>
						</Anchor>
					</Anchors>
				</FontString>
			</Layer>
		</Layers>
		<Scripts>
			<OnValueChanged>
				partyHpYSliderOnValueChanged();
			</OnValueChanged>
		</Scripts>
	</Slider>
	<Button name="partyHpYSliderMinus" parent="partyHpYSlider" inherits="OptionsButtonTemplate" text="-">
		<Size><AbsDimension x="15" y="15"/></Size>
		<Anchors>
			<Anchor point="LEFT" relativePoint="RIGHT">
				<Offset>
					<AbsDimension x="5" y="0"/>
				</Offset>
			</Anchor>
		</Anchors>
		<Scripts>
			<OnClick>
				partyHpYSlider:SetValue(partyHpYSlider:GetValue()-partyHpYSlider:GetValueStep());
			</OnClick>
		</Scripts>
	</Button>
	<Button name="partyHpYSliderPlus" parent="partyHpYSliderMinus" inherits="OptionsButtonTemplate" text="+">
		<Size><AbsDimension x="15" y="15"/></Size>
		<Anchors>
			<Anchor point="LEFT" relativePoint="RIGHT">
				<Offset>
					<AbsDimension x="5" y="0"/>
				</Offset>
			</Anchor>
		</Anchors>
		<Scripts>
			<OnClick> 
				partyHpYSlider:SetValue(partyHpYSlider:GetValue()+partyHpYSlider:GetValueStep());
			</OnClick>
		</Scripts>
	</Button>
	
	
	
	<Slider name="partyMpXSlider" parent="partyHpYSlider" inherits="OptionsSliderTemplate">
		<Size><AbsDimension x="300" y="15"/></Size>
		<Anchors>
			<Anchor point="TOP" relativePoint="BOTTOM">
				<Offset><AbsDimension x="0" y="-40"/></Offset>
			</Anchor>
		</Anchors>
		<Layers>
			<Layer>
				<FontString inherits="GameFontNormalSmall" text="Mana X">
					<Anchors>
						<Anchor point="BOTTOMLEFT" relativePoint="TOPLEFT">
							<Offset><AbsDimension x="0" y="0"/></Offset>
						</Anchor>
					</Anchors>
				</FontString>
			</Layer>
			<Layer>
				<FontString name="partyMpXStatus" inherits="GameFontNormalSmall" text="status">
					<Anchors>
						<Anchor point="BOTTOMRIGHT" relativePoint="TOPRIGHT">
							<Offset><AbsDimension x="0" y="0"/></Offset>
						</Anchor>
					</Anchors>
				</FontString>
			</Layer>
		</Layers>
		<Scripts>
			<OnValueChanged>
				partyMpXSliderOnValueChanged();
			</OnValueChanged>
		</Scripts>
	</Slider>
	<Button name="partyMpXSliderMinus" parent="partyMpXSlider" inherits="OptionsButtonTemplate" text="-">
		<Size><AbsDimension x="15" y="15"/></Size>
		<Anchors>
			<Anchor point="LEFT" relativePoint="RIGHT">
				<Offset>
					<AbsDimension x="5" y="0"/>
				</Offset>
			</Anchor>
		</Anchors>
		<Scripts>
			<OnClick>
				partyMpXSlider:SetValue(partyMpXSlider:GetValue()-partyMpXSlider:GetValueStep());
			</OnClick>
		</Scripts>
	</Button>
	<Button name="partyMpXSliderPlus" parent="partyMpXSliderMinus" inherits="OptionsButtonTemplate" text="+">
		<Size><AbsDimension x="15" y="15"/></Size>
		<Anchors>
			<Anchor point="LEFT" relativePoint="RIGHT">
				<Offset>
					<AbsDimension x="5" y="0"/>
				</Offset>
			</Anchor>
		</Anchors>
		<Scripts>
			<OnClick> 
				partyMpXSlider:SetValue(partyMpXSlider:GetValue()+partyMpXSlider:GetValueStep());
			</OnClick>
		</Scripts>
	</Button>

	<Slider name="partyMpYSlider" parent="partyMpXSlider" inherits="OptionsSliderTemplate">
		<Size><AbsDimension x="300" y="15"/></Size>
		<Anchors>
			<Anchor point="TOP" relativePoint="BOTTOM">
				<Offset><AbsDimension x="0" y="-25"/></Offset>
			</Anchor>
		</Anchors>
		<Layers>
			<Layer>
				<FontString inherits="GameFontNormalSmall" text="Mana Y">
					<Anchors>
						<Anchor point="BOTTOMLEFT" relativePoint="TOPLEFT">
							<Offset><AbsDimension x="0" y="0"/></Offset>
						</Anchor>
					</Anchors>
				</FontString>
			</Layer>
			<Layer>
				<FontString name="partyMpYStatus" inherits="GameFontNormalSmall" text="status">
					<Anchors>
						<Anchor point="BOTTOMRIGHT" relativePoint="TOPRIGHT">
							<Offset><AbsDimension x="0" y="0"/></Offset>
						</Anchor>
					</Anchors>
				</FontString>
			</Layer>
		</Layers>
		<Scripts>
			<OnValueChanged>
				partyMpYSliderOnValueChanged();
			</OnValueChanged>
		</Scripts>
	</Slider>
	<Button name="partyMpYSliderMinus" parent="partyMpYSlider" inherits="OptionsButtonTemplate" text="-">
		<Size><AbsDimension x="15" y="15"/></Size>
		<Anchors>
			<Anchor point="LEFT" relativePoint="RIGHT">
				<Offset>
					<AbsDimension x="5" y="0"/>
				</Offset>
			</Anchor>
		</Anchors>
		<Scripts>
			<OnClick>
				partyMpYSlider:SetValue(partyMpYSlider:GetValue()-partyMpYSlider:GetValueStep());
			</OnClick>
		</Scripts>
	</Button>
	<Button name="partyMpYSliderPlus" parent="partyMpYSliderMinus" inherits="OptionsButtonTemplate" text="+">
		<Size><AbsDimension x="15" y="15"/></Size>
		<Anchors>
			<Anchor point="LEFT" relativePoint="RIGHT">
				<Offset>
					<AbsDimension x="5" y="0"/>
				</Offset>
			</Anchor>
		</Anchors>
		<Scripts>
			<OnClick> 
				partyMpYSlider:SetValue(partyMpYSlider:GetValue()+partyMpYSlider:GetValueStep());
			</OnClick>
		</Scripts>
	</Button>
	
	
	
	
	

	<Slider name="partyDefMaxSlider" parent="partyMpYSlider" inherits="OptionsSliderTemplate">
		<Size><AbsDimension x="300" y="15"/></Size>
		<Anchors>
			<Anchor point="TOP" relativePoint="BOTTOM">
				<Offset><AbsDimension x="0" y="-40"/></Offset>
			</Anchor>
		</Anchors>
		<Layers>
			<Layer>
				<FontString inherits="GameFontNormalSmall" text="Deficit Max">
					<Anchors>
						<Anchor point="BOTTOMLEFT" relativePoint="TOPLEFT">
							<Offset><AbsDimension x="0" y="0"/></Offset>
						</Anchor>
					</Anchors>
				</FontString>
			</Layer>
			<Layer>
				<FontString name="partyDefMaxStatus" inherits="GameFontNormalSmall" text="status">
					<Anchors>
						<Anchor point="BOTTOMRIGHT" relativePoint="TOPRIGHT">
							<Offset><AbsDimension x="0" y="0"/></Offset>
						</Anchor>
					</Anchors>
				</FontString>
			</Layer>
		</Layers>
		<Scripts>
			<OnValueChanged>
				partyDefMaxSliderOnValueChanged();
			</OnValueChanged>
		</Scripts>
	</Slider>
	<Button name="partyDefMaxSliderMinus" parent="partyDefMaxSlider" inherits="OptionsButtonTemplate" text="-">
		<Size><AbsDimension x="15" y="15"/></Size>
		<Anchors>
			<Anchor point="LEFT" relativePoint="RIGHT">
				<Offset>
					<AbsDimension x="5" y="0"/>
				</Offset>
			</Anchor>
		</Anchors>
		<Scripts>
			<OnClick>
				partyDefMaxSlider:SetValue(partyDefMaxSlider:GetValue()-partyDefMaxSlider:GetValueStep());
			</OnClick>
		</Scripts>
	</Button>
	<Button name="partyDefMaxSliderPlus" parent="partyDefMaxSliderMinus" inherits="OptionsButtonTemplate" text="+">
		<Size><AbsDimension x="15" y="15"/></Size>
		<Anchors>
			<Anchor point="LEFT" relativePoint="RIGHT">
				<Offset>
					<AbsDimension x="5" y="0"/>
				</Offset>
			</Anchor>
		</Anchors>
		<Scripts>
			<OnClick> 
				partyDefMaxSlider:SetValue(partyDefMaxSlider:GetValue()+partyDefMaxSlider:GetValueStep());
			</OnClick>
		</Scripts>
	</Button>

	<Slider name="partyDefMinSlider" parent="partyDefMaxSlider" inherits="OptionsSliderTemplate">
		<Size><AbsDimension x="300" y="15"/></Size>
		<Anchors>
			<Anchor point="TOP" relativePoint="BOTTOM">
				<Offset><AbsDimension x="0" y="-25"/></Offset>
			</Anchor>
		</Anchors>
		<Layers>
			<Layer>
				<FontString inherits="GameFontNormalSmall" text="Deficit Min">
					<Anchors>
						<Anchor point="BOTTOMLEFT" relativePoint="TOPLEFT">
							<Offset><AbsDimension x="0" y="0"/></Offset>
						</Anchor>
					</Anchors>
				</FontString>
			</Layer>
			<Layer>
				<FontString name="partyDefMinStatus" inherits="GameFontNormalSmall" text="status">
					<Anchors>
						<Anchor point="BOTTOMRIGHT" relativePoint="TOPRIGHT">
							<Offset><AbsDimension x="0" y="0"/></Offset>
						</Anchor>
					</Anchors>
				</FontString>
			</Layer>
		</Layers>
		<Scripts>
			<OnValueChanged>
				partyDefMinSliderOnValueChanged();
			</OnValueChanged>
		</Scripts>
	</Slider>
	<Button name="partyDefMinSliderMinus" parent="partyDefMinSlider" inherits="OptionsButtonTemplate" text="-">
		<Size><AbsDimension x="15" y="15"/></Size>
		<Anchors>
			<Anchor point="LEFT" relativePoint="RIGHT">
				<Offset>
					<AbsDimension x="5" y="0"/>
				</Offset>
			</Anchor>
		</Anchors>
		<Scripts>
			<OnClick>
				partyDefMinSlider:SetValue(partyDefMinSlider:GetValue()-partyDefMinSlider:GetValueStep());
			</OnClick>
		</Scripts>
	</Button>
	<Button name="partyDefMinSliderPlus" parent="partyDefMinSliderMinus" inherits="OptionsButtonTemplate" text="+">
		<Size><AbsDimension x="15" y="15"/></Size>
		<Anchors>
			<Anchor point="LEFT" relativePoint="RIGHT">
				<Offset>
					<AbsDimension x="5" y="0"/>
				</Offset>
			</Anchor>
		</Anchors>
		<Scripts>
			<OnClick> 
				partyDefMinSlider:SetValue(partyDefMinSlider:GetValue()+partyDefMinSlider:GetValueStep());
			</OnClick>
		</Scripts>
	</Button>
	
	
	<Slider name="partyGapSlider" parent="partyDefMinSlider" inherits="OptionsSliderTemplate">
		<Size><AbsDimension x="300" y="15"/></Size>
		<Anchors>
			<Anchor point="TOP" relativePoint="BOTTOM">
				<Offset><AbsDimension x="0" y="-40"/></Offset>
			</Anchor>
		</Anchors>
		<Layers>
			<Layer>
				<FontString inherits="GameFontNormalSmall" text="Gap">
					<Anchors>
						<Anchor point="BOTTOMLEFT" relativePoint="TOPLEFT">
							<Offset><AbsDimension x="0" y="0"/></Offset>
						</Anchor>
					</Anchors>
				</FontString>
			</Layer>
			<Layer>
				<FontString name="partyGapStatus" inherits="GameFontNormalSmall" text="status">
					<Anchors>
						<Anchor point="BOTTOMRIGHT" relativePoint="TOPRIGHT">
							<Offset><AbsDimension x="0" y="0"/></Offset>
						</Anchor>
					</Anchors>
				</FontString>
			</Layer>
		</Layers>
		<Scripts>
			<OnValueChanged>
				partyGapSliderOnValueChanged();
			</OnValueChanged>
		</Scripts>
	</Slider>
	<Button name="partyGapSliderMinus" parent="partyGapSlider" inherits="OptionsButtonTemplate" text="-">
		<Size><AbsDimension x="15" y="15"/></Size>
		<Anchors>
			<Anchor point="LEFT" relativePoint="RIGHT">
				<Offset>
					<AbsDimension x="5" y="0"/>
				</Offset>
			</Anchor>
		</Anchors>
		<Scripts>
			<OnClick>
				partyGapSlider:SetValue(partyGapSlider:GetValue()-partyGapSlider:GetValueStep());
			</OnClick>
		</Scripts>
	</Button>
	<Button name="partyGapSliderPlus" parent="partyGapSliderMinus" inherits="OptionsButtonTemplate" text="+">
		<Size><AbsDimension x="15" y="15"/></Size>
		<Anchors>
			<Anchor point="LEFT" relativePoint="RIGHT">
				<Offset>
					<AbsDimension x="5" y="0"/>
				</Offset>
			</Anchor>
		</Anchors>
		<Scripts>
			<OnClick> 
				partyGapSlider:SetValue(partyGapSlider:GetValue()+partyGapSlider:GetValueStep());
			</OnClick>
		</Scripts>
	</Button>
</Ui>