﻿<Ui xmlns="http://www.blizzard.com/wow/ui/" xmlns:xsi="http://www.w3.org/2001/XMLSchema-instance" xsi:schemaLocation="http://www.blizzard.com/wow/ui/">
  
  
  <!--....  BACKGROUND  HP_PARTYPET1....-->
  <frame name="HP_PARTYPET1_FRAME" parent="UIParent" frameStrata="BACKGROUND">
    <Size>
      <AbsDimension x="10" y="50"/>
    </Size>
    <Anchors>
      <Anchor point="BOTTOM" relativePoint="BOTTOM" relativeTo="HP_PLAYER_FRAME">
        <Offset>
          <AbsDimension x="0" y="0"/>
        </Offset>
      </Anchor>
    </Anchors>
    <Layers>
      <Layer level="BACKGROUND">
        <Texture name="HP_PARTYPET1_BG_TEXTURE1">
          <Color r="1" g="1" b="1" a="1.0"/>
          <Anchors>
            <Anchor point="BOTTOMLEFT" relativePoint="BOTTOMLEFT" relativeTo="HP_PARTYPET1_FRAME">
              <Offset>
                <AbsDimension x="0" y="0"/>
              </Offset>
            </Anchor>
          </Anchors>
        </Texture>
      </Layer>
      <Layer level="BORDER">
        <Texture name="HP_PARTYPET1_BG_TEXTURE2">
          <Color r="0" g="0" b="0" a="1.0"/>
          <Anchors>
            <Anchor point="BOTTOMLEFT" relativePoint="BOTTOMLEFT" relativeTo="HP_PARTYPET1_BG_TEXTURE1">
              <Offset>
                <AbsDimension x="1" y="1"/>
              </Offset>
            </Anchor>
          </Anchors>
        </Texture>
      </Layer>
    </Layers>
    <!--....  BAR HP_PARTYPET1  ....-->
    <Frames>
      <Frame name="HP_PARTYPET1_BAR" parent="HP_PARTYPET1_FRAME">
        <Size>
          <AbsDimension x="10" y="19"/>
        </Size>
        <Anchors>
          <Anchor point="BOTTOM" relativePoint="BOTTOM">
            <Offset>
              <AbsDimension x="0" y="0"/>
            </Offset>
          </Anchor>
        </Anchors>
        <Layers>
          <Layer>
            <Texture name="HP_PARTYPET1_BAR_TEXTURE"/>
          </Layer>
          <!--.... hp partypet percent text	....-->
          <Layer>
            <FontString name="PARTYPETPERCENT" inherits="GameFontNormalSmall" text="partypetpercent">
              <Anchors>
                <Anchor point="TOPLEFT" relativePoint="BOTTOMLEFT" relativeTo="HP_PARTYPET1_FRAME">
                  <Offset>
                    <AbsDimension x="0" y="-2"/>
                  </Offset>
                </Anchor>
              </Anchors>
            </FontString>
          </Layer>
          <!--....  hp partypet1 name text  ....-->
          <Layer>
            <FontString name="HP_PARTYPET1_NAME" inherits="GameFontNormalSmall">
              <Anchors>
                <Anchor point="TOPRIGHT" relativePoint="TOPLEFT" relativeTo="HP_PARTYPET1_BG_TEXTURE1">
                  <Offset>
                    <AbsDimension x="-2" y="0"/>
                  </Offset>
                </Anchor>
              </Anchors>
            </FontString>
          </Layer>
          <!--....	hp partypet deficit text	....-->
          <Layer>
            <FontString name="PARTYPETDEF" inherits="GameFontNormalSmall" text="partypetdef">
              <Anchors>
                <Anchor point="TOPLEFT" relativePoint="BOTTOMLEFT" relativeTo="HP_PARTYPET1_FRAME">
                  <Offset>
                    <AbsDimension x="0" y="-2"/>
                  </Offset>
                </Anchor>
              </Anchors>
            </FontString>
          </Layer>
        </Layers>
      </Frame>
    </Frames>
    <Scripts>
      <OnLoad>HP_PARTYPET1_FRAME:SetAttribute("unit", "partypet1"); RegisterUnitWatch(HP_PARTYPET1_FRAME); gHUDOnLoad();</OnLoad>
      <OnEvent>Load_HP_PartyPet1();</OnEvent>
      <OnUpdate>HP_PartyPet1(arg1);</OnUpdate>
      <OnMouseUp>gHUD_mouse_OnMouseUp();</OnMouseUp>
      <OnMouseDown>gHUD_mouse_OnMouseDown();</OnMouseDown>
    </Scripts>
  </frame>
  <!--.... HP PartyPet1 Button....-->
  <Button name="HP_PartyPet1_Button" parent="HP_PARTYPET1_FRAME" inherits="SecureUnitButtonTemplate" frameStrata="LOW">
    <Size>
      <AbsDimension x="10" y="20"/>
    </Size>
    <Anchors>
      <Anchor point="CENTER"/>
    </Anchors>
    <Scripts>
      <OnLoad>this:RegisterForClicks("AnyUp"); HP_PartyPet1_Button:SetAttribute("type1", "target"); HP_PartyPet1_Button:SetAttribute("unit", "partypet1"); RegisterUnitWatch(HP_PartyPet1_Button);</OnLoad>
      <OnMouseUp>HPPartyPet1OnMouseUp();</OnMouseUp>
      <OnMouseDown>HPPartyPet1OnMouseDown(); gHUDDropdownMenu();</OnMouseDown>
      <OnEnter>HP_PartyPet1_Button:SetHighlightTexture(Options.texture.BarHeightINV);</OnEnter>
    </Scripts>
  </Button>
  <!--....  BACKGROUND  HP_PARTYPET2....-->
  <Frame name="HP_PARTYPET2_FRAME" parent="UIParent" frameStrata="BACKGROUND" inherits="SecureUnitButtonTemplate">
    <Size>
      <AbsDimension x="10" y="50"/>
    </Size>
    <Anchors>
      <Anchor point="BOTTOM" relativePoint="TOP" relativeTo="HP_PARTYPET1_FRAME">
        <Offset>
          <AbsDimension x="0" y="4"/>
        </Offset>
      </Anchor>
    </Anchors>
    <Layers>
      <Layer level="BACKGROUND">
        <Texture name="HP_PARTYPET2_BG_TEXTURE1">
          <Color r="1" g="1" b="1" a="1.0"/>
          <Anchors>
            <Anchor point="BOTTOMLEFT" relativePoint="BOTTOMLEFT" relativeTo="HP_PARTYPET2_FRAME">
              <Offset>
                <AbsDimension x="0" y="0"/>
              </Offset>
            </Anchor>
          </Anchors>
        </Texture>
      </Layer>
      <Layer level="BORDER">
        <Texture name="HP_PARTYPET2_BG_TEXTURE2">
          <Color r="0" g="0" b="0" a="1.0"/>
          <Anchors>
            <Anchor point="BOTTOMLEFT" relativePoint="BOTTOMLEFT" relativeTo="HP_PARTYPET2_BG_TEXTURE1">
              <Offset>
                <AbsDimension x="1" y="1"/>
              </Offset>
            </Anchor>
          </Anchors>
        </Texture>
      </Layer>
    </Layers>
    <!--....  BAR HP_PARTYPET2  ....-->
    <Frames>
      <Frame name="HP_PARTYPET2_BAR" parent="HP_PARTYPET2_FRAME">
        <Size>
          <AbsDimension x="10" y="19"/>
        </Size>
        <Anchors>
          <Anchor point="BOTTOM" relativePoint="BOTTOM">
            <Offset>
              <AbsDimension x="0" y="0"/>
            </Offset>
          </Anchor>
        </Anchors>
        <Layers>
          <Layer>
            <Texture name="HP_PARTYPET2_BAR_TEXTURE"/>
          </Layer>
          <!--....  hp partypet2 name text  ....-->
          <Layer>
            <FontString name="HP_PARTYPET2_NAME" inherits="GameFontNormalSmall">
              <Anchors>
                <Anchor point="TOPRIGHT" relativePoint="TOPLEFT" relativeTo="HP_PARTYPET2_BG_TEXTURE1">
                  <Offset>
                    <AbsDimension x="-2" y="0"/>
                  </Offset>
                </Anchor>
              </Anchors>
            </FontString>
          </Layer>
         
        </Layers>
      </Frame>
    </Frames>
    <Scripts>
      <OnLoad>HP_PARTYPET2_FRAME:SetAttribute("unit", "partypet2"); RegisterUnitWatch(HP_PARTYPET2_FRAME); gHUDOnLoad();</OnLoad>
      <OnEvent>Load_HP_PartyPet2();</OnEvent>
      <OnUpdate>HP_PartyPet2(arg1);</OnUpdate>
      <OnMouseUp>gHUD_mouse_OnMouseUp();</OnMouseUp>
      <OnMouseDown>gHUD_mouse_OnMouseDown();</OnMouseDown>
    </Scripts>
  </Frame>
  <!--.... HP PartyPet2 Button....-->
  <Button name="HP_PartyPet2_Button" parent="HP_PARTYPET2_FRAME" inherits="SecureUnitButtonTemplate" frameStrata="LOW">
    <Size>
      <AbsDimension x="10" y="20"/>
    </Size>
    <Anchors>
      <Anchor point="CENTER"/>
    </Anchors>
    <Scripts>
      <OnLoad>this:RegisterForClicks("AnyUp"); HP_PartyPet2_Button:SetAttribute("type1", "target"); HP_PartyPet2_Button:SetAttribute("unit", "partypet2"); RegisterUnitWatch(HP_PartyPet2_Button);</OnLoad>
      <OnMouseUp>HPPartyPet2OnMouseUp();</OnMouseUp>
      <OnMouseDown>HPPartyPet2OnMouseDown(); gHUDDropdownMenu();</OnMouseDown>
      <OnEnter>HP_PartyPet2_Button:SetHighlightTexture(Options.texture.BarHeightINV);</OnEnter>
    </Scripts>
  </Button>
  <!--....  BACKGROUND  HP_PARTYPET3....-->
  <Frame name="HP_PARTYPET3_FRAME" parent="UIParent" frameStrata="BACKGROUND" inherits="SecureUnitButtonTemplate">
    <Size>
      <AbsDimension x="10" y="50"/>
    </Size>
    <Anchors>
      <Anchor point="BOTTOM" relativePoint="TOP" relativeTo="HP_PARTYPET2_FRAME">
        <Offset>
          <AbsDimension x="0" y="4"/>
        </Offset>
      </Anchor>
    </Anchors>
    <Layers>
      <Layer level="BACKGROUND">
        <Texture name="HP_PARTYPET3_BG_TEXTURE1">
          <Color r="1" g="1" b="1" a="1.0"/>
          <Anchors>
            <Anchor point="BOTTOMLEFT" relativePoint="BOTTOMLEFT" relativeTo="HP_PARTYPET3_FRAME">
              <Offset>
                <AbsDimension x="0" y="0"/>
              </Offset>
            </Anchor>
          </Anchors>
        </Texture>
      </Layer>
      <Layer level="BORDER">
        <Texture name="HP_PARTYPET3_BG_TEXTURE2">
          <Color r="0" g="0" b="0" a="1.0"/>
          <Anchors>
            <Anchor point="BOTTOMLEFT" relativePoint="BOTTOMLEFT" relativeTo="HP_PARTYPET3_BG_TEXTURE1">
              <Offset>
                <AbsDimension x="1" y="1"/>
              </Offset>
            </Anchor>
          </Anchors>
        </Texture>
      </Layer>
    </Layers>
    <!--....  BAR HP_PARTYPET3  ....-->
    <Frames>
      <Frame name="HP_PARTYPET3_BAR" parent="HP_PARTYPET3_FRAME">
        <Size>
          <AbsDimension x="10" y="19"/>
        </Size>
        <Anchors>
          <Anchor point="BOTTOM" relativePoint="BOTTOM">
            <Offset>
              <AbsDimension x="0" y="0"/>
            </Offset>
          </Anchor>
        </Anchors>
        <Layers>
          <Layer>
            <Texture name="HP_PARTYPET3_BAR_TEXTURE"/>
          </Layer>
          <!--....  hp partypet3 name text  ....-->
          <Layer>
            <FontString name="HP_PARTYPET3_NAME" inherits="GameFontNormalSmall">
              <Anchors>
                <Anchor point="TOPRIGHT" relativePoint="TOPLEFT" relativeTo="HP_PARTYPET3_BG_TEXTURE1">
                  <Offset>
                    <AbsDimension x="-2" y="0"/>
                  </Offset>
                </Anchor>
              </Anchors>
            </FontString>
          </Layer>
         
        </Layers>
      </Frame>
    </Frames>
    <Scripts>
      <OnLoad>HP_PARTYPET3_FRAME:SetAttribute("unit", "partypet3"); RegisterUnitWatch(HP_PARTYPET3_FRAME); gHUDOnLoad();</OnLoad>
      <OnEvent>Load_HP_PartyPet3();</OnEvent>
      <OnUpdate>HP_PartyPet3(arg1);</OnUpdate>
      <OnMouseUp>gHUD_mouse_OnMouseUp();</OnMouseUp>
      <OnMouseDown>gHUD_mouse_OnMouseDown();</OnMouseDown>
    </Scripts>
  </Frame>
  <!--.... HP PartyPet3 Button....-->
  <Button name="HP_PartyPet3_Button" parent="HP_PARTYPET3_FRAME" inherits="SecureUnitButtonTemplate" frameStrata="LOW">
    <Size>
      <AbsDimension x="10" y="20"/>
    </Size>
    <Anchors>
      <Anchor point="CENTER"/>
    </Anchors>
    <Scripts>
      <OnLoad>this:RegisterForClicks("AnyUp"); HP_PartyPet3_Button:SetAttribute("type1", "target"); HP_PartyPet3_Button:SetAttribute("unit", "partypet3"); RegisterUnitWatch(HP_PartyPet3_Button);</OnLoad>
      <OnMouseUp>HPPartyPet3OnMouseUp();</OnMouseUp>
      <OnMouseDown>HPPartyPet3OnMouseDown(); gHUDDropdownMenu();</OnMouseDown>
      <OnEnter>HP_PartyPet3_Button:SetHighlightTexture(Options.texture.BarHeightINV);</OnEnter>
    </Scripts>
  </Button>
  <!--....  BACKGROUND  HP_PARTYPET4....-->
  <Frame name="HP_PARTYPET4_FRAME" parent="UIParent" frameStrata="BACKGROUND" inherits="SecureUnitButtonTemplate">
    <Size>
      <AbsDimension x="10" y="50"/>
    </Size>
    <Anchors>
      <Anchor point="BOTTOM" relativePoint="TOP" relativeTo="HP_PARTYPET3_FRAME">
        <Offset>
          <AbsDimension x="0" y="4"/>
        </Offset>
      </Anchor>
    </Anchors>
    <Layers>
      <Layer level="BACKGROUND">
        <Texture name="HP_PARTYPET4_BG_TEXTURE1">
          <Color r="1" g="1" b="1" a="1.0"/>
          <Anchors>
            <Anchor point="BOTTOMLEFT" relativePoint="BOTTOMLEFT" relativeTo="HP_PARTYPET4_FRAME">
              <Offset>
                <AbsDimension x="0" y="0"/>
              </Offset>
            </Anchor>
          </Anchors>
        </Texture>
      </Layer>
      <Layer level="BORDER">
        <Texture name="HP_PARTYPET4_BG_TEXTURE2">
          <Color r="0" g="0" b="0" a="1.0"/>
          <Anchors>
            <Anchor point="BOTTOMLEFT" relativePoint="BOTTOMLEFT" relativeTo="HP_PARTYPET4_BG_TEXTURE1">
              <Offset>
                <AbsDimension x="1" y="1"/>
              </Offset>
            </Anchor>
          </Anchors>
        </Texture>
      </Layer>
    </Layers>
    <!--....  BAR HP_PARTYPET4  ....-->
    <Frames>
      <Frame name="HP_PARTYPET4_BAR" parent="HP_PARTYPET4_FRAME">
        <Size>
          <AbsDimension x="10" y="19"/>
        </Size>
        <Anchors>
          <Anchor point="BOTTOM" relativePoint="BOTTOM">
            <Offset>
              <AbsDimension x="0" y="0"/>
            </Offset>
          </Anchor>
        </Anchors>
        <Layers>
          <Layer>
            <Texture name="HP_PARTYPET4_BAR_TEXTURE"/>
          </Layer>
          <!--....  hp partypet4 name text  ....-->
          <Layer>
            <FontString name="HP_PARTYPET4_NAME" inherits="GameFontNormalSmall">
              <Anchors>
                <Anchor point="TOPRIGHT" relativePoint="TOPLEFT" relativeTo="HP_PARTYPET4_BG_TEXTURE1">
                  <Offset>
                    <AbsDimension x="-2" y="0"/>
                  </Offset>
                </Anchor>
              </Anchors>
            </FontString>
          </Layer>
         
        </Layers>
      </Frame>
    </Frames>
    <Scripts>
      <OnLoad>HP_PARTYPET4_FRAME:SetAttribute("unit", "partypet4"); RegisterUnitWatch(HP_PARTYPET4_FRAME); gHUDOnLoad();</OnLoad>
      <OnEvent>Load_HP_PartyPet4();</OnEvent>
      <OnUpdate>HP_PartyPet4(arg1);</OnUpdate>
      <OnMouseUp>gHUD_mouse_OnMouseUp();</OnMouseUp>
      <OnMouseDown>gHUD_mouse_OnMouseDown();</OnMouseDown>
    </Scripts>
  </Frame>
  <!--.... HP PartyPet4 Button....-->
  <Button name="HP_PartyPet4_Button" parent="HP_PARTYPET4_FRAME" inherits="SecureUnitButtonTemplate" frameStrata="LOW">
    <Size>
      <AbsDimension x="10" y="20"/>
    </Size>
    <Anchors>
      <Anchor point="CENTER"/>
    </Anchors>
    <Scripts>
      <OnLoad>this:RegisterForClicks("AnyUp"); HP_PartyPet4_Button:SetAttribute("type1", "target"); HP_PartyPet4_Button:SetAttribute("unit", "partypet4"); RegisterUnitWatch(HP_PartyPet4_Button);</OnLoad>
      <OnMouseUp>HPPartyPet4OnMouseUp();</OnMouseUp>
      <OnMouseDown>HPPartyPet4OnMouseDown(); gHUDDropdownMenu();</OnMouseDown>
      <OnEnter>HP_PartyPet4_Button:SetHighlightTexture(Options.texture.BarHeightINV);</OnEnter>
    </Scripts>
  </Button>
  <!--....  BACKGROUND  MP_PARTYPET1....-->
  <Frame name="MP_PARTYPET1_FRAME" parent="UIParent" frameStrata="BACKGROUND" inherits="SecureUnitButtonTemplate">
    <Size>
      <AbsDimension x="10" y="50"/>
    </Size>
    <Anchors>
      <Anchor point="BOTTOM" relativePoint="BOTTOM" relativeTo="MP_PLAYER_FRAME">
        <Offset>
          <AbsDimension x="0" y="0"/>
        </Offset>
      </Anchor>
    </Anchors>
    <Layers>
      <Layer level="BACKGROUND">
        <Texture name="MP_PARTYPET1_BG_TEXTURE1">
          <Color r="1" g="1" b="1" a="1.0"/>
          <Anchors>
            <Anchor point="BOTTOMLEFT" relativePoint="BOTTOMLEFT" relativeTo="MP_PARTYPET1_FRAME">
              <Offset>
                <AbsDimension x="0" y="0"/>
              </Offset>
            </Anchor>
          </Anchors>
        </Texture>
      </Layer>
      <Layer level="BORDER">
        <Texture name="MP_PARTYPET1_BG_TEXTURE2">
          <Color r="0" g="0" b="0" a="1.0"/>
          <Anchors>
            <Anchor point="BOTTOMLEFT" relativePoint="BOTTOMLEFT" relativeTo="MP_PARTYPET1_BG_TEXTURE1">
              <Offset>
                <AbsDimension x="1" y="1"/>
              </Offset>
            </Anchor>
          </Anchors>
        </Texture>
      </Layer>
    </Layers>
    <!--....  BAR MP_PARTYPET1  ....-->
    <Frames>
      <Frame name="MP_PARTYPET1_BAR" parent="MP_PARTYPET1_FRAME">
        <Size>
          <AbsDimension x="10" y="19"/>
        </Size>
        <Anchors>
          <Anchor point="BOTTOM" relativePoint="BOTTOM">
            <Offset>
              <AbsDimension x="0" y="0"/>
            </Offset>
          </Anchor>
        </Anchors>
        <Layers>
          <Layer>
            <Texture name="MP_PARTYPET1_BAR_TEXTURE"/>
          </Layer>
        
        </Layers>
      </Frame>
    </Frames>
    <Scripts>
      <OnLoad>MP_PARTYPET1_FRAME:SetAttribute("unit", "partypet1"); RegisterUnitWatch(MP_PARTYPET1_FRAME); gHUDOnLoad();</OnLoad>
      <OnEvent>Load_MP_PartyPet1();</OnEvent>
      <OnUpdate>MP_PartyPet1(arg1);</OnUpdate>
      <OnMouseUp>gHUD_mouse_OnMouseUp();</OnMouseUp>
      <OnMouseDown>gHUD_mouse_OnMouseDown();</OnMouseDown>
    </Scripts>
  </Frame>
  <!--.... MP PartyPet1 Button....-->
  <Button name="MP_PartyPet1_Button" parent="MP_PARTYPET1_FRAME" inherits="SecureUnitButtonTemplate" frameStrata="LOW">
    <Size>
      <AbsDimension x="10" y="20"/>
    </Size>
    <Anchors>
      <Anchor point="CENTER"/>
    </Anchors>
    <Scripts>
      <OnLoad>this:RegisterForClicks("AnyUp"); MP_PartyPet1_Button:SetAttribute("type1", "target"); MP_PartyPet1_Button:SetAttribute("unit", "partypet1"); RegisterUnitWatch(MP_PartyPet1_Button);</OnLoad>
      <OnMouseUp>MPPartyPet1OnMouseUp();</OnMouseUp>
      <OnMouseDown>MPPartyPet1OnMouseDown(); gHUDDropdownMenu();</OnMouseDown>
      <OnEnter>MP_PartyPet1_Button:SetHighlightTexture(Options.texture.BarHeightINV);</OnEnter>
    </Scripts>
  </Button>
  <!--....  BACKGROUND  MP_PARTYPET2....-->
  <Frame name="MP_PARTYPET2_FRAME" parent="UIParent" frameStrata="BACKGROUND" inherits="SecureUnitButtonTemplate">
    <Size>
      <AbsDimension x="10" y="50"/>
    </Size>
    <Anchors>
      <Anchor point="BOTTOM" relativePoint="TOP" relativeTo="MP_PARTYPET1_FRAME">
        <Offset>
          <AbsDimension x="0" y="4"/>
        </Offset>
      </Anchor>
    </Anchors>
    <Layers>
      <Layer level="BACKGROUND">
        <Texture name="MP_PARTYPET2_BG_TEXTURE1">
          <Color r="1" g="1" b="1" a="1.0"/>
          <Anchors>
            <Anchor point="BOTTOMLEFT" relativePoint="BOTTOMLEFT" relativeTo="MP_PARTYPET2_FRAME">
              <Offset>
                <AbsDimension x="0" y="0"/>
              </Offset>
            </Anchor>
          </Anchors>
        </Texture>
      </Layer>
      <Layer level="BORDER">
        <Texture name="MP_PARTYPET2_BG_TEXTURE2">
          <Color r="0" g="0" b="0" a="1.0"/>
          <Anchors>
            <Anchor point="BOTTOMLEFT" relativePoint="BOTTOMLEFT" relativeTo="MP_PARTYPET2_BG_TEXTURE1">
              <Offset>
                <AbsDimension x="1" y="1"/>
              </Offset>
            </Anchor>
          </Anchors>
        </Texture>
      </Layer>
    </Layers>
    <!--....  BAR MP_PARTYPET2  ....-->
    <Frames>
      <Frame name="MP_PARTYPET2_BAR" parent="MP_PARTYPET2_FRAME">
        <Size>
          <AbsDimension x="10" y="19"/>
        </Size>
        <Anchors>
          <Anchor point="BOTTOM" relativePoint="BOTTOM">
            <Offset>
              <AbsDimension x="0" y="0"/>
            </Offset>
          </Anchor>
        </Anchors>
        <Layers>
          <Layer>
            <Texture name="MP_PARTYPET2_BAR_TEXTURE"/>
          </Layer>
        
        </Layers>
      </Frame>
    </Frames>
    <Scripts>
      <OnLoad>MP_PARTYPET2_FRAME:SetAttribute("unit", "partypet2"); RegisterUnitWatch(MP_PARTYPET2_FRAME); gHUDOnLoad();</OnLoad>
      <OnEvent>Load_MP_PartyPet2();</OnEvent>
      <OnUpdate>MP_PartyPet2(arg1);</OnUpdate>
      <OnMouseUp>gHUD_mouse_OnMouseUp();</OnMouseUp>
      <OnMouseDown>gHUD_mouse_OnMouseDown();</OnMouseDown>
    </Scripts>
  </Frame>
  <!--.... MP PartyPet2 Button....-->
  <Button name="MP_PartyPet2_Button" parent="MP_PARTYPET2_FRAME" inherits="SecureUnitButtonTemplate" frameStrata="LOW">
    <Size>
      <AbsDimension x="10" y="20"/>
    </Size>
    <Anchors>
      <Anchor point="CENTER"/>
    </Anchors>
    <Scripts>
      <OnLoad>this:RegisterForClicks("AnyUp"); MP_PartyPet2_Button:SetAttribute("type1", "target"); MP_PartyPet2_Button:SetAttribute("unit", "partypet2"); RegisterUnitWatch(MP_PartyPet2_Button);</OnLoad>
      <OnMouseUp>MPPartyPet2OnMouseUp();</OnMouseUp>
      <OnMouseDown>MPPartyPet2OnMouseDown(); gHUDDropdownMenu();</OnMouseDown>
      <OnEnter>MP_PartyPet2_Button:SetHighlightTexture(Options.texture.BarHeightINV);</OnEnter>
    </Scripts>
  </Button>
  <!--....  BACKGROUND  MP_PARTYPET3....-->
  <Frame name="MP_PARTYPET3_FRAME" parent="UIParent" frameStrata="BACKGROUND" inherits="SecureUnitButtonTemplate">
    <Size>
      <AbsDimension x="10" y="50"/>
    </Size>
    <Anchors>
      <Anchor point="BOTTOM" relativePoint="TOP" relativeTo="MP_PARTYPET2_FRAME">
        <Offset>
          <AbsDimension x="0" y="4"/>
        </Offset>
      </Anchor>
    </Anchors>
    <Layers>
      <Layer level="BACKGROUND">
        <Texture name="MP_PARTYPET3_BG_TEXTURE1">
          <Color r="1" g="1" b="1" a="1.0"/>
          <Anchors>
            <Anchor point="BOTTOMLEFT" relativePoint="BOTTOMLEFT" relativeTo="MP_PARTYPET3_FRAME">
              <Offset>
                <AbsDimension x="0" y="0"/>
              </Offset>
            </Anchor>
          </Anchors>
        </Texture>
      </Layer>
      <Layer level="BORDER">
        <Texture name="MP_PARTYPET3_BG_TEXTURE2">
          <Color r="0" g="0" b="0" a="1.0"/>
          <Anchors>
            <Anchor point="BOTTOMLEFT" relativePoint="BOTTOMLEFT" relativeTo="MP_PARTYPET3_BG_TEXTURE1">
              <Offset>
                <AbsDimension x="1" y="1"/>
              </Offset>
            </Anchor>
          </Anchors>
        </Texture>
      </Layer>
    </Layers>
    <!--....  BAR MP_PARTYPET3  ....-->
    <Frames>
      <Frame name="MP_PARTYPET3_BAR" parent="MP_PARTYPET3_FRAME">
        <Size>
          <AbsDimension x="10" y="19"/>
        </Size>
        <Anchors>
          <Anchor point="BOTTOM" relativePoint="BOTTOM">
            <Offset>
              <AbsDimension x="0" y="0"/>
            </Offset>
          </Anchor>
        </Anchors>
        <Layers>
          <Layer>
            <Texture name="MP_PARTYPET3_BAR_TEXTURE"/>
          </Layer>
       
        </Layers>
      </Frame>
    </Frames>
    <Scripts>
      <OnLoad>MP_PARTYPET3_FRAME:SetAttribute("unit", "partypet3"); RegisterUnitWatch(MP_PARTYPET3_FRAME); gHUDOnLoad();</OnLoad>
      <OnEvent>Load_MP_PartyPet3();</OnEvent>
      <OnUpdate>MP_PartyPet3(arg1);</OnUpdate>
      <OnMouseUp>gHUD_mouse_OnMouseUp();</OnMouseUp>
      <OnMouseDown>gHUD_mouse_OnMouseDown();</OnMouseDown>
    </Scripts>
  </Frame>
  <!--.... MP PartyPet3 Button....-->
  <Button name="MP_PartyPet3_Button" parent="MP_PARTYPET3_FRAME" inherits="SecureUnitButtonTemplate" frameStrata="LOW">
    <Size>
      <AbsDimension x="10" y="20"/>
    </Size>
    <Anchors>
      <Anchor point="CENTER"/>
    </Anchors>
    <Scripts>
      <OnLoad>this:RegisterForClicks("AnyUp"); MP_PartyPet3_Button:SetAttribute("type1", "target"); MP_PartyPet3_Button:SetAttribute("unit", "partypet3"); RegisterUnitWatch(MP_PartyPet3_Button);</OnLoad>
      <OnMouseUp>MPPartyPet3OnMouseUp();</OnMouseUp>
      <OnMouseDown>MPPartyPet3OnMouseDown(); gHUDDropdownMenu();</OnMouseDown>
      <OnEnter>MP_PartyPet3_Button:SetHighlightTexture(Options.texture.BarHeightINV);</OnEnter>
    </Scripts>
  </Button>
  <!--....  BACKGROUND  MP_PARTYPET4....-->
  <Frame name="MP_PARTYPET4_FRAME" parent="UIParent" frameStrata="BACKGROUND" inherits="SecureUnitButtonTemplate">
    <Size>
      <AbsDimension x="10" y="50"/>
    </Size>
    <Anchors>
      <Anchor point="BOTTOM" relativePoint="TOP" relativeTo="MP_PARTYPET3_FRAME">
        <Offset>
          <AbsDimension x="0" y="4"/>
        </Offset>
      </Anchor>
    </Anchors>
    <Layers>
      <Layer level="BACKGROUND">
        <Texture name="MP_PARTYPET4_BG_TEXTURE1">
          <Color r="1" g="1" b="1" a="1.0"/>
          <Anchors>
            <Anchor point="BOTTOMLEFT" relativePoint="BOTTOMLEFT" relativeTo="MP_PARTYPET4_FRAME">
              <Offset>
                <AbsDimension x="0" y="0"/>
              </Offset>
            </Anchor>
          </Anchors>
        </Texture>
      </Layer>
      <Layer level="BORDER">
        <Texture name="MP_PARTYPET4_BG_TEXTURE2">
          <Color r="0" g="0" b="0" a="1.0"/>
          <Anchors>
            <Anchor point="BOTTOMLEFT" relativePoint="BOTTOMLEFT" relativeTo="MP_PARTYPET4_BG_TEXTURE1">
              <Offset>
                <AbsDimension x="1" y="1"/>
              </Offset>
            </Anchor>
          </Anchors>
        </Texture>
      </Layer>
    </Layers>
    <!--....  BAR MP_PARTYPET4  ....-->
    <Frames>
      <Frame name="MP_PARTYPET4_BAR" parent="MP_PARTYPET4_FRAME">
        <Size>
          <AbsDimension x="10" y="19"/>
        </Size>
        <Anchors>
          <Anchor point="BOTTOM" relativePoint="BOTTOM">
            <Offset>
              <AbsDimension x="0" y="0"/>
            </Offset>
          </Anchor>
        </Anchors>
        <Layers>
          <Layer>
            <Texture name="MP_PARTYPET4_BAR_TEXTURE"/>
          </Layer>
         
        </Layers>
      </Frame>
    </Frames>
    <Scripts>
      <OnLoad>MP_PARTYPET4_FRAME:SetAttribute("unit", "partypet4"); RegisterUnitWatch(MP_PARTYPET4_FRAME); gHUDOnLoad();</OnLoad>
      <OnEvent>Load_MP_PartyPet4();</OnEvent>
      <OnUpdate>MP_PartyPet4(arg1);</OnUpdate>
      <OnMouseUp>gHUD_mouse_OnMouseUp();</OnMouseUp>
      <OnMouseDown>gHUD_mouse_OnMouseDown();</OnMouseDown>
    </Scripts>
  </Frame>
  <!--.... MP PartyPet4 Button....-->
  <Button name="MP_PartyPet4_Button" parent="MP_PARTYPET4_FRAME" inherits="SecureUnitButtonTemplate" frameStrata="LOW">
    <Size>
      <AbsDimension x="10" y="20"/>
    </Size>
    <Anchors>
      <Anchor point="CENTER"/>
    </Anchors>
    <Scripts>
      <OnLoad>this:RegisterForClicks("AnyUp"); MP_PartyPet4_Button:SetAttribute("type1", "target"); MP_PartyPet4_Button:SetAttribute("unit", "partypet4"); RegisterUnitWatch(MP_PartyPet4_Button);</OnLoad>
      <OnMouseUp>MPPartyPet4OnMouseUp();</OnMouseUp>
      <OnMouseDown>MPPartyPet4OnMouseDown(); gHUDDropdownMenu();</OnMouseDown>
      <OnEnter>MP_PartyPet4_Button:SetHighlightTexture(Options.texture.BarHeightINV);</OnEnter>
    </Scripts>
  </Button>
</Ui>