<Ui xmlns="http://www.blizzard.com/wow/ui/" xmlns:xsi="http://www.w3.org/2001/XMLSchema-instance" xsi:schemaLocation="http://www.blizzard.com/wow/FrameXML/UI.xsd">
  <Script file="Localization.lua"/>
  <Script file="BindPad.lua"/>

  <Frame name="BindPadUpdateFrame" hidden="true">
    <Scripts>
      <OnUpdate>
        BindPadUpdateFrame_OnUpdate();
      </OnUpdate>
    </Scripts>
  </Frame>

  <Button name="BindPadIconTemplate" virtual="true">
    <Size>
      <AbsDimension x="36" y="36"/>
    </Size>
    <Layers>
      <Layer level="BACKGROUND">
        <Texture name="$parentIcon"/>
      </Layer>
      <Layer level="ARTWORK">
        <FontString name="$parentHotKey" inherits="NumberFontNormalSmallGray" justifyH="RIGHT">
          <Size>
            <AbsDimension x="36" y="10"/>
          </Size>
          <Anchors>
            <Anchor point="TOPLEFT">
              <Offset>
                <AbsDimension x="-2" y="-2"/>
              </Offset>
            </Anchor>
          </Anchors>
        </FontString>
      </Layer>
      <Layer level="OVERLAY">
        <FontString name="$parentName" inherits="GameFontHighlightSmallOutline">
          <Size>
            <AbsDimension x="36" y="10"/>
          </Size>
          <Anchors>
            <Anchor point="BOTTOM">
              <Offset>
                <AbsDimension x="0" y="2"/>
              </Offset>
            </Anchor>
          </Anchors>
        </FontString>
        <Texture name="$parentBorder" file="Interface\Buttons\UI-ActionButton-Border" hidden="true" alphaMode="ADD">
          <Size>
            <AbsDimension x="62" y="62"/>
          </Size>
          <Anchors>
            <Anchor point="CENTER">
              <Offset>
                <AbsDimension x="0" y="0"/>
              </Offset>
            </Anchor>
          </Anchors>
        </Texture>
      </Layer>
    </Layers>
    <NormalTexture name="$parentNormalTexture" file="Interface\Buttons\UI-Quickslot2">
      <Size>
        <AbsDimension x="66" y="66"/>
      </Size>
      <Anchors>
        <Anchor point="CENTER">
          <Offset>
            <AbsDimension x="0" y="-1"/>
          </Offset>
        </Anchor>
      </Anchors>
    </NormalTexture>
    <PushedTexture file="Interface\Buttons\UI-Quickslot-Depress"/>
    <HighlightTexture alphaMode="ADD" file="Interface\Buttons\ButtonHilight-Square"/>
  </Button>

  <Button name="BindPadSlotTemplate" inherits="BindPadIconTemplate" virtual="true">
    <Frames>
      <Button name="$parentAddButton" alpha="0.7">
        <Size>
          <AbsDimension x="16" y="16"/>
        </Size>
        <Anchors>
          <Anchor point="TOPLEFT">
            <Offset>
             <AbsDimension x="0" y="-0"/>
            </Offset>
          </Anchor>
        </Anchors>
        <Scripts>
      	  <OnLoad>          
            this:RegisterForClicks("LeftButtonUp", "RightButtonUp");
      	  </OnLoad>
          <OnClick>
            BindPadMacroAddButton_OnClick(this:GetParent());
          </OnClick>
          <OnReceiveDrag>
            BindPadSlot_OnReceiveDrag(this:GetParent());
          </OnReceiveDrag>
          <OnEnter>
            if not (GetCursorInfo() or BindPadCore.drag.type) then
              GameTooltip:SetOwner(this, "ANCHOR_RIGHT");
              GameTooltip:SetText(BINDPAD_TOOLTIP_CREATE_MACRO);
            end
          </OnEnter>
          <OnLeave>
            GameTooltip:Hide();    
          </OnLeave>
        </Scripts>
        <NormalTexture file="Interface\Buttons\UI-PlusButton-Up"/>
        <PushedTexture file="Interface\Buttons\UI-PlusButton-Down"/>
        <DisabledTexture file="Interface\Buttons\UI-PlusButton-Disabled"/>
        <HighlightTexture file="Interface\Buttons\UI-PlusButton-Hilight" alphaMode="ADD"/>
      </Button>
    </Frames>

    <Scripts>
      <OnLoad>          
        this:RegisterForClicks("LeftButtonUp", "RightButtonUp");
        this:RegisterForDrag("LeftButton");
        this:RegisterEvent("UPDATE_BINDINGS");
      </OnLoad>
      <OnClick>
        BindPadSlot_OnClick(arg1);
      </OnClick>
      <OnDragStart>
        BindPadSlot_OnDragStart();
      </OnDragStart>
      <OnReceiveDrag>
        BindPadSlot_OnReceiveDrag();
      </OnReceiveDrag>
      <OnEnter>
        BindPadSlot_OnEnter();
      </OnEnter>
      <OnLeave>
        GameTooltip:Hide();
      </OnLeave>
      <OnEvent>
        BindPadSlot_OnUpdate();
      </OnEvent>
    </Scripts>
  </Button>
    
  <Frame name="BindPadFrame" toplevel="true" movable="true" parent="UIParent" enableMouse="true" hidden="true">
    <Size>
      <AbsDimension x="384" y="512"/>
    </Size>
    <Anchors>
      <Anchor point="TOPLEFT">
        <Offset>
          <AbsDimension x="0" y="-104"/>
        </Offset>
      </Anchor>
    </Anchors>
    <HitRectInsets>
      <AbsInset left="0" right="34" top="0" bottom="75"/>
    </HitRectInsets>
    <Layers>
      <Layer level="BACKGROUND">
        <Texture name="$parentPortrait" file="Interface\MacroFrame\MacroFrame-Icon">
          <Size>
            <AbsDimension x="60" y="60"/>
          </Size>
          <Anchors>
            <Anchor point="TOPLEFT">
              <Offset>
                <AbsDimension x="7" y="-6"/>
              </Offset>
            </Anchor>
          </Anchors>
        </Texture>
      </Layer>
      <Layer level="BORDER">
        <Texture file="Interface\PaperDollInfoFrame\UI-Character-General-TopLeft">
          <Size>
            <AbsDimension x="256" y="256"/>
          </Size>
          <Anchors>
            <Anchor point="TOPLEFT"/>
          </Anchors>
        </Texture>
        <Texture file="Interface\PaperDollInfoFrame\UI-Character-General-TopRight">
          <Size>
            <AbsDimension x="128" y="256"/>
          </Size>
          <Anchors>
            <Anchor point="TOPRIGHT"/>
          </Anchors>
        </Texture>
        <Texture file="Interface\PaperDollInfoFrame\UI-Character-General-BottomLeft">
          <Size>
            <AbsDimension x="256" y="256"/>
          </Size>
          <Anchors>
            <Anchor point="BOTTOMLEFT"/>
          </Anchors>
        </Texture>
        <Texture file="Interface\PaperDollInfoFrame\UI-Character-General-BottomRight">
          <Size>
            <AbsDimension x="128" y="256"/>
          </Size>
          <Anchors>
            <Anchor point="BOTTOMRIGHT"/>
          </Anchors>
        </Texture>
        <FontString inherits="GameFontNormal" text="BINDPAD_TITLE">
          <Anchors>
            <Anchor point="TOP" relativeTo="$parent">
              <Offset>
                <AbsDimension x="0" y="-17"/>
              </Offset>
            </Anchor>
          </Anchors>
        </FontString>
      </Layer>
    </Layers>
    <Frames>
      <CheckButton name="BindPadSlot1" inherits="BindPadSlotTemplate" id="1">
        <Anchors>
          <Anchor point="TOPLEFT">
            <Offset>
              <AbsDimension x="42" y="-83"/>
            </Offset>
          </Anchor>
        </Anchors>
      </CheckButton>
      <CheckButton name="BindPadSlot2" inherits="BindPadSlotTemplate" id="2">
        <Anchors>
          <Anchor point="LEFT" relativeTo="BindPadSlot1" relativePoint="RIGHT">
            <Offset>
              <AbsDimension x="13" y="0"/>
            </Offset>
          </Anchor>
        </Anchors>
      </CheckButton>
      <CheckButton name="BindPadSlot3" inherits="BindPadSlotTemplate" id="3">
        <Anchors>
          <Anchor point="LEFT" relativeTo="BindPadSlot2" relativePoint="RIGHT">
            <Offset>
              <AbsDimension x="13" y="0"/>
            </Offset>
          </Anchor>
        </Anchors>
      </CheckButton>
      <CheckButton name="BindPadSlot4" inherits="BindPadSlotTemplate" id="4">
        <Anchors>
          <Anchor point="LEFT" relativeTo="BindPadSlot3" relativePoint="RIGHT">
            <Offset>
              <AbsDimension x="13" y="0"/>
            </Offset>
          </Anchor>
        </Anchors>
      </CheckButton>
      <CheckButton name="BindPadSlot5" inherits="BindPadSlotTemplate" id="5">
        <Anchors>
          <Anchor point="LEFT" relativeTo="BindPadSlot4" relativePoint="RIGHT">
            <Offset>
              <AbsDimension x="13" y="0"/>
            </Offset>
          </Anchor>
        </Anchors>
      </CheckButton>
      <CheckButton name="BindPadSlot6" inherits="BindPadSlotTemplate" id="6">
        <Anchors>
          <Anchor point="LEFT" relativeTo="BindPadSlot5" relativePoint="RIGHT">
            <Offset>
              <AbsDimension x="13" y="0"/>
            </Offset>
          </Anchor>
        </Anchors>
      </CheckButton>
      <CheckButton name="BindPadSlot7" inherits="BindPadSlotTemplate" id="7">
        <Anchors>
          <Anchor point="TOP" relativeTo="BindPadSlot1" relativePoint="BOTTOM">
            <Offset>
              <AbsDimension x="0" y="-10"/>
            </Offset>
          </Anchor>
        </Anchors>
      </CheckButton>
      <CheckButton name="BindPadSlot8" inherits="BindPadSlotTemplate" id="8">
        <Anchors>
          <Anchor point="LEFT" relativeTo="BindPadSlot7" relativePoint="RIGHT">
            <Offset>
              <AbsDimension x="13" y="0"/>
            </Offset>
          </Anchor>
        </Anchors>
      </CheckButton>
      <CheckButton name="BindPadSlot9" inherits="BindPadSlotTemplate" id="9">
        <Anchors>
          <Anchor point="LEFT" relativeTo="BindPadSlot8" relativePoint="RIGHT">
            <Offset>
              <AbsDimension x="13" y="0"/>
            </Offset>
          </Anchor>
        </Anchors>
      </CheckButton>
      <CheckButton name="BindPadSlot10" inherits="BindPadSlotTemplate" id="10">
        <Anchors>
          <Anchor point="LEFT" relativeTo="BindPadSlot9" relativePoint="RIGHT">
            <Offset>
              <AbsDimension x="13" y="0"/>
            </Offset>
          </Anchor>
        </Anchors>
      </CheckButton>
      <CheckButton name="BindPadSlot11" inherits="BindPadSlotTemplate" id="11">
        <Anchors>
          <Anchor point="LEFT" relativeTo="BindPadSlot10" relativePoint="RIGHT">
            <Offset>
              <AbsDimension x="13" y="0"/>
            </Offset>
          </Anchor>
        </Anchors>
      </CheckButton>
      <CheckButton name="BindPadSlot12" inherits="BindPadSlotTemplate" id="12">
        <Anchors>
          <Anchor point="LEFT" relativeTo="BindPadSlot11" relativePoint="RIGHT">
            <Offset>
              <AbsDimension x="13" y="0"/>
            </Offset>
          </Anchor>
        </Anchors>
      </CheckButton>
      <CheckButton name="BindPadSlot13" inherits="BindPadSlotTemplate" id="13">
        <Anchors>
          <Anchor point="TOP" relativeTo="BindPadSlot7" relativePoint="BOTTOM">
            <Offset>
              <AbsDimension x="0" y="-10"/>
            </Offset>
          </Anchor>
        </Anchors>
      </CheckButton>
      <CheckButton name="BindPadSlot14" inherits="BindPadSlotTemplate" id="14">
        <Anchors>
          <Anchor point="LEFT" relativeTo="BindPadSlot13" relativePoint="RIGHT">
            <Offset>
              <AbsDimension x="13" y="0"/>
            </Offset>
          </Anchor>
        </Anchors>
      </CheckButton>
      <CheckButton name="BindPadSlot15" inherits="BindPadSlotTemplate" id="15">
        <Anchors>
          <Anchor point="LEFT" relativeTo="BindPadSlot14" relativePoint="RIGHT">
            <Offset>
              <AbsDimension x="13" y="0"/>
            </Offset>
          </Anchor>
        </Anchors>
      </CheckButton>
      <CheckButton name="BindPadSlot16" inherits="BindPadSlotTemplate" id="16">
        <Anchors>
          <Anchor point="LEFT" relativeTo="BindPadSlot15" relativePoint="RIGHT">
            <Offset>
              <AbsDimension x="13" y="0"/>
            </Offset>
          </Anchor>
        </Anchors>
      </CheckButton>
      <CheckButton name="BindPadSlot17" inherits="BindPadSlotTemplate" id="17">
        <Anchors>
          <Anchor point="LEFT" relativeTo="BindPadSlot16" relativePoint="RIGHT">
            <Offset>
              <AbsDimension x="13" y="0"/>
            </Offset>
          </Anchor>
        </Anchors>
      </CheckButton>
      <CheckButton name="BindPadSlot18" inherits="BindPadSlotTemplate" id="18">
        <Anchors>
          <Anchor point="LEFT" relativeTo="BindPadSlot17" relativePoint="RIGHT">
            <Offset>
              <AbsDimension x="13" y="0"/>
            </Offset>
          </Anchor>
        </Anchors>
      </CheckButton>

      <CheckButton name="BindPadSlot19" inherits="BindPadSlotTemplate" id="19">
        <Anchors>
          <Anchor point="TOP" relativeTo="BindPadSlot13" relativePoint="BOTTOM">
            <Offset>
              <AbsDimension x="0" y="-10"/>
            </Offset>
          </Anchor>
        </Anchors>
      </CheckButton>
      <CheckButton name="BindPadSlot20" inherits="BindPadSlotTemplate" id="20">
        <Anchors>
          <Anchor point="LEFT" relativeTo="BindPadSlot19" relativePoint="RIGHT">
            <Offset>
              <AbsDimension x="13" y="0"/>
            </Offset>
          </Anchor>
        </Anchors>
      </CheckButton>
      <CheckButton name="BindPadSlot21" inherits="BindPadSlotTemplate" id="21">
        <Anchors>
          <Anchor point="LEFT" relativeTo="BindPadSlot20" relativePoint="RIGHT">
            <Offset>
              <AbsDimension x="13" y="0"/>
            </Offset>
          </Anchor>
        </Anchors>
      </CheckButton>
      <CheckButton name="BindPadSlot22" inherits="BindPadSlotTemplate" id="22">
        <Anchors>
          <Anchor point="LEFT" relativeTo="BindPadSlot21" relativePoint="RIGHT">
            <Offset>
              <AbsDimension x="13" y="0"/>
            </Offset>
          </Anchor>
        </Anchors>
      </CheckButton>
      <CheckButton name="BindPadSlot23" inherits="BindPadSlotTemplate" id="23">
        <Anchors>
          <Anchor point="LEFT" relativeTo="BindPadSlot22" relativePoint="RIGHT">
            <Offset>
              <AbsDimension x="13" y="0"/>
            </Offset>
          </Anchor>
        </Anchors>
      </CheckButton>
      <CheckButton name="BindPadSlot24" inherits="BindPadSlotTemplate" id="24">
        <Anchors>
          <Anchor point="LEFT" relativeTo="BindPadSlot23" relativePoint="RIGHT">
            <Offset>
              <AbsDimension x="13" y="0"/>
            </Offset>
          </Anchor>
        </Anchors>
      </CheckButton>
      <CheckButton name="BindPadSlot25" inherits="BindPadSlotTemplate" id="25">
        <Anchors>
          <Anchor point="TOP" relativeTo="BindPadSlot19" relativePoint="BOTTOM">
            <Offset>
              <AbsDimension x="0" y="-10"/>
            </Offset>
          </Anchor>
        </Anchors>
      </CheckButton>
      <CheckButton name="BindPadSlot26" inherits="BindPadSlotTemplate" id="26">
        <Anchors>
          <Anchor point="LEFT" relativeTo="BindPadSlot25" relativePoint="RIGHT">
            <Offset>
              <AbsDimension x="13" y="0"/>
            </Offset>
          </Anchor>
        </Anchors>
      </CheckButton>
      <CheckButton name="BindPadSlot27" inherits="BindPadSlotTemplate" id="27">
        <Anchors>
          <Anchor point="LEFT" relativeTo="BindPadSlot26" relativePoint="RIGHT">
            <Offset>
              <AbsDimension x="13" y="0"/>
            </Offset>
          </Anchor>
        </Anchors>
      </CheckButton>
      <CheckButton name="BindPadSlot28" inherits="BindPadSlotTemplate" id="28">
        <Anchors>
          <Anchor point="LEFT" relativeTo="BindPadSlot27" relativePoint="RIGHT">
            <Offset>
              <AbsDimension x="13" y="0"/>
            </Offset>
          </Anchor>
        </Anchors>
      </CheckButton>
      <CheckButton name="BindPadSlot29" inherits="BindPadSlotTemplate" id="29">
        <Anchors>
          <Anchor point="LEFT" relativeTo="BindPadSlot28" relativePoint="RIGHT">
            <Offset>
              <AbsDimension x="13" y="0"/>
            </Offset>
          </Anchor>
        </Anchors>
      </CheckButton>
      <CheckButton name="BindPadSlot30" inherits="BindPadSlotTemplate" id="30">
        <Anchors>
          <Anchor point="LEFT" relativeTo="BindPadSlot29" relativePoint="RIGHT">
            <Offset>
              <AbsDimension x="13" y="0"/>
            </Offset>
          </Anchor>
        </Anchors>
      </CheckButton>
      <CheckButton name="BindPadSlot31" inherits="BindPadSlotTemplate" id="31">
        <Anchors>
          <Anchor point="TOP" relativeTo="BindPadSlot25" relativePoint="BOTTOM">
            <Offset>
              <AbsDimension x="0" y="-10"/>
            </Offset>
          </Anchor>
        </Anchors>
      </CheckButton>
      <CheckButton name="BindPadSlot32" inherits="BindPadSlotTemplate" id="32">
        <Anchors>
          <Anchor point="LEFT" relativeTo="BindPadSlot31" relativePoint="RIGHT">
            <Offset>
              <AbsDimension x="13" y="0"/>
            </Offset>
          </Anchor>
        </Anchors>
      </CheckButton>
      <CheckButton name="BindPadSlot33" inherits="BindPadSlotTemplate" id="33">
        <Anchors>
          <Anchor point="LEFT" relativeTo="BindPadSlot32" relativePoint="RIGHT">
            <Offset>
              <AbsDimension x="13" y="0"/>
            </Offset>
          </Anchor>
        </Anchors>
      </CheckButton>
      <CheckButton name="BindPadSlot34" inherits="BindPadSlotTemplate" id="34">
        <Anchors>
          <Anchor point="LEFT" relativeTo="BindPadSlot33" relativePoint="RIGHT">
            <Offset>
              <AbsDimension x="13" y="0"/>
            </Offset>
          </Anchor>
        </Anchors>
      </CheckButton>
      <CheckButton name="BindPadSlot35" inherits="BindPadSlotTemplate" id="35">
        <Anchors>
          <Anchor point="LEFT" relativeTo="BindPadSlot34" relativePoint="RIGHT">
            <Offset>
              <AbsDimension x="13" y="0"/>
            </Offset>
          </Anchor>
        </Anchors>
      </CheckButton>
      <CheckButton name="BindPadSlot36" inherits="BindPadSlotTemplate" id="36">
        <Anchors>
          <Anchor point="LEFT" relativeTo="BindPadSlot35" relativePoint="RIGHT">
            <Offset>
              <AbsDimension x="13" y="0"/>
            </Offset>
          </Anchor>
        </Anchors>
      </CheckButton>
      <CheckButton name="BindPadSlot37" inherits="BindPadSlotTemplate" id="37">
        <Anchors>
          <Anchor point="TOP" relativeTo="BindPadSlot31" relativePoint="BOTTOM">
            <Offset>
              <AbsDimension x="0" y="-10"/>
            </Offset>
          </Anchor>
        </Anchors>
      </CheckButton>
      <CheckButton name="BindPadSlot38" inherits="BindPadSlotTemplate" id="38">
        <Anchors>
          <Anchor point="LEFT" relativeTo="BindPadSlot37" relativePoint="RIGHT">
            <Offset>
              <AbsDimension x="13" y="0"/>
            </Offset>
          </Anchor>
        </Anchors>
      </CheckButton>
      <CheckButton name="BindPadSlot39" inherits="BindPadSlotTemplate" id="39">
        <Anchors>
          <Anchor point="LEFT" relativeTo="BindPadSlot38" relativePoint="RIGHT">
            <Offset>
              <AbsDimension x="13" y="0"/>
            </Offset>
          </Anchor>
        </Anchors>
      </CheckButton>
      <CheckButton name="BindPadSlot40" inherits="BindPadSlotTemplate" id="40">
        <Anchors>
          <Anchor point="LEFT" relativeTo="BindPadSlot39" relativePoint="RIGHT">
            <Offset>
              <AbsDimension x="13" y="0"/>
            </Offset>
          </Anchor>
        </Anchors>
      </CheckButton>
      <CheckButton name="BindPadSlot41" inherits="BindPadSlotTemplate" id="41">
        <Anchors>
          <Anchor point="LEFT" relativeTo="BindPadSlot40" relativePoint="RIGHT">
            <Offset>
              <AbsDimension x="13" y="0"/>
            </Offset>
          </Anchor>
        </Anchors>
      </CheckButton>
      <CheckButton name="BindPadSlot42" inherits="BindPadSlotTemplate" id="42">
        <Anchors>
          <Anchor point="LEFT" relativeTo="BindPadSlot41" relativePoint="RIGHT">
            <Offset>
              <AbsDimension x="13" y="0"/>
            </Offset>
          </Anchor>
        </Anchors>
      </CheckButton>
      <Button name="$parentTab1" inherits="TabButtonTemplate" text="BINDPAD_TEXT_GENERAL_TAB" id="1">
        <Anchors>
          <Anchor point="TOPLEFT">
            <Offset>
              <AbsDimension x="65" y="-39"/>
            </Offset>
          </Anchor>
        </Anchors>
        <Scripts>
          <OnLoad>
            PanelTemplates_TabResize(-15);
            getglobal(this:GetName().."HighlightTexture"):SetWidth(this:GetTextWidth() + 31);
          </OnLoad>
          <OnClick>
            BindPadFrame_OnShow(this:GetID());
          </OnClick>
          <OnEnter>
            GameTooltip:SetOwner(this, "ANCHOR_RIGHT");
            GameTooltip:SetText(BINDPAD_TOOLTIP_TAB1, nil, nil, nil, nil, 1);
          </OnEnter>
          <OnLeave>
            GameTooltip:Hide();
          </OnLeave>
        </Scripts>
      </Button>
      <Button name="$parentTab2" inherits="TabButtonTemplate" id="2">
        <Anchors>
          <Anchor point="LEFT" relativeTo="$parentTab1" relativePoint="RIGHT">
            <Offset>
              <AbsDimension x="0" y="0"/>
            </Offset>
          </Anchor>
        </Anchors>
        <Scripts>
          <OnLoad>
            this:SetFormattedText(BINDPAD_TEXT_SPECIFIC_TAB, UnitName("player"));
            getglobal(this:GetName().."HighlightTexture"):SetWidth(this:GetTextWidth() + 31);
            PanelTemplates_TabResize(-15, nil, nil, 150);
          </OnLoad>
          <OnClick>
            BindPadFrame_OnShow(this:GetID());
          </OnClick>
          <OnEnter>
            GameTooltip:SetOwner(this, "ANCHOR_RIGHT");
            GameTooltip:SetText(format(BINDPAD_TOOLTIP_TAB2, UnitName("player")), nil, nil, nil, nil, 1);
          </OnEnter>
          <OnLeave>
            GameTooltip:Hide();
          </OnLeave>
        </Scripts>
      </Button>
      <Button name="$parentTab3" inherits="TabButtonTemplate" id="3">
        <Anchors>
          <Anchor point="LEFT" relativeTo="$parentTab2" relativePoint="RIGHT">
            <Offset>
              <AbsDimension x="0" y="0"/>
            </Offset>
          </Anchor>
        </Anchors>
        <Scripts>
          <OnLoad>
            this:SetText(BINDPAD_TEXT_SPECIFIC_EXTRA_TAB2);
            getglobal(this:GetName().."HighlightTexture"):SetWidth(this:GetTextWidth() + 31);
            PanelTemplates_TabResize(-15, nil, nil, 150);
          </OnLoad>
          <OnClick>
            BindPadFrame_OnShow(this:GetID());
          </OnClick>
          <OnEnter>
            GameTooltip:SetOwner(this, "ANCHOR_RIGHT");
            GameTooltip:SetText(format(BINDPAD_TOOLTIP_TAB3, UnitName("player")), nil, nil, nil, nil, 1);
          </OnEnter>
          <OnLeave>
            GameTooltip:Hide();
          </OnLeave>
        </Scripts>
      </Button>
      <Button name="$parentTab4" inherits="TabButtonTemplate" id="4">
        <Anchors>
          <Anchor point="LEFT" relativeTo="$parentTab3" relativePoint="RIGHT">
            <Offset>
              <AbsDimension x="0" y="0"/>
            </Offset>
          </Anchor>
        </Anchors>
        <Scripts>
          <OnLoad>
            this:SetText(BINDPAD_TEXT_SPECIFIC_EXTRA_TAB3);
            getglobal(this:GetName().."HighlightTexture"):SetWidth(this:GetTextWidth() + 31);
            PanelTemplates_TabResize(-15, nil, nil, 150);
          </OnLoad>
          <OnClick>
            BindPadFrame_OnShow(this:GetID());
          </OnClick>
          <OnEnter>
            GameTooltip:SetOwner(this, "ANCHOR_RIGHT");
            GameTooltip:SetText(format(BINDPAD_TOOLTIP_TAB4, UnitName("player")), nil, nil, nil, nil, 1);
          </OnEnter>
          <OnLeave>
            GameTooltip:Hide();
          </OnLeave>
        </Scripts>
      </Button>
      <CheckButton name="$parentCharacterButton" inherits="UICheckButtonTemplate">
        <Size>
          <AbsDimension x="20" y="20"/>
        </Size>
        <Anchors>
          <Anchor point="TOPRIGHT">
            <Offset>
              <AbsDimension x="-50" y="-49"/>
            </Offset>
          </Anchor>
        </Anchors>
        <Scripts>
          <OnClick>
            BindPadFrame_ChangeBindingProfile();
          </OnClick>
          <OnEnter>
            GameTooltip:SetOwner(this, "ANCHOR_RIGHT");
            GameTooltip:SetText(CHARACTER_SPECIFIC_KEYBINDING_TOOLTIP, nil, nil, nil, nil, 1);
          </OnEnter>
          <OnLeave>
            GameTooltip:Hide();
          </OnLeave>
        </Scripts>
      </CheckButton>
      <Button name="$parentExitButton" inherits="UIPanelButtonTemplate" text="BINDPAD_TEXT_EXIT">
        <Size>
          <AbsDimension x="80" y="22"/>
        </Size>
        <Anchors>
          <Anchor point="CENTER" relativeTo="$parent" relativePoint="TOPLEFT">
            <Offset>
              <AbsDimension x="303" y="-422"/>
            </Offset>
          </Anchor>
        </Anchors>
        <Scripts>
          <OnClick>
            HideUIPanel(this:GetParent());
          </OnClick>
        </Scripts>
      </Button>
      <Button name="$parentOpenSpellBookButton" inherits="UIPanelButtonTemplate">
        <Size>
          <AbsDimension x="29" y="58"/>
        </Size>
        <HitRectInsets>
          <AbsInset left="0" right="0" top="18" bottom="0"/>
        </HitRectInsets>
        <Anchors>
          <Anchor point="BOTTOMLEFT" relativeTo="$parent" relativePoint="TOPLEFT">
            <Offset>
              <AbsDimension x="19" y="-433"/>
            </Offset>
          </Anchor>
        </Anchors>
        <NormalTexture file="Interface\Buttons\UI-MicroButton-Spellbook-Up"/>
        <PushedTexture file="Interface\Buttons\UI-MicroButton-Spellbook-Down"/>
        <DisabledTexture file="Interface\Buttons\UI-MicroButton-Spellbook-Disabled"/>
        <HighlightTexture file="Interface\Buttons\UI-MicroButton-Hilight"/>

        <Scripts>
          <OnClick>
            ShowUIPanel(SpellBookFrame);
          </OnClick>
          <OnEnter>
            GameTooltip:SetOwner(this, "ANCHOR_RIGHT");
            GameTooltip:SetText(BINDPAD_TOOLTIP_OPENSPELLBOOK, 1.0, 1.0, 1.0);
            GameTooltip:Show();
          </OnEnter>
          <OnLeave>
            GameTooltip:Hide();
          </OnLeave>
        </Scripts>
      </Button>
      <Button name="$parentCloseButton" inherits="UIPanelCloseButton">
        <Anchors>
          <Anchor point="TOPRIGHT" relativeTo="$parent" relativePoint="TOPRIGHT">
            <Offset>
              <AbsDimension x="-29" y="-8"/>
            </Offset>
          </Anchor>
        </Anchors>
      </Button>
      <Button name="$parentOpenMacroButton" inherits="UIPanelButtonTemplate">
        <Size>
          <AbsDimension x="29" y="58"/>
        </Size>
        <HitRectInsets>
            <AbsInset left="0" right="0" top="18" bottom="0"/>
        </HitRectInsets>
        <Anchors>
          <Anchor point="BOTTOMLEFT" relativeTo="$parentOpenSpellBookButton" relativePoint="BOTTOMRIGHT">
            <Offset>
              <AbsDimension x="0" y="0"/>
            </Offset>
          </Anchor>
        </Anchors>
        <NormalTexture file="Interface\Buttons\UI-MicroButton-MainMenu-Up"/>
        <PushedTexture file="Interface\Buttons\UI-MicroButton-MainMenu-Down"/>
        <DisabledTexture file="Interface\Buttons\UI-MicroButton-MainMenu-Disabled"/>
        <HighlightTexture file="Interface\Buttons\UI-MicroButton-Hilight"/>
        <Scripts>
          <OnClick>
            ShowMacroFrame();
          </OnClick>
          <OnEnter>
            GameTooltip:SetOwner(this, "ANCHOR_RIGHT");
            GameTooltip:SetText(BINDPAD_TOOLTIP_OPENMACRO, 1.0, 1.0, 1.0);
            GameTooltip:Show();
          </OnEnter>
          <OnLeave>
            GameTooltip:Hide();
          </OnLeave>
        </Scripts>
      </Button>
      <Button name="$parentOpenBagButton" inherits="UIPanelButtonTemplate">
        <Size>
          <AbsDimension x="29" y="58"/>
        </Size>
        <HitRectInsets>
            <AbsInset left="0" right="0" top="18" bottom="0"/>
        </HitRectInsets>
        <Anchors>
          <Anchor point="BOTTOMLEFT" relativeTo="$parentOpenMacroButton" relativePoint="BOTTOMRIGHT">
            <Offset>
              <AbsDimension x="0" y="0"/>
            </Offset>
          </Anchor>
        </Anchors>
        <NormalTexture file="Interface\Buttons\UI-MicroButton-Quest-Up"/>
        <PushedTexture file="Interface\Buttons\UI-MicroButton-Quest-Down"/>
        <DisabledTexture file="Interface\Buttons\UI-MicroButton-Quest-Disabled"/>
        <HighlightTexture file="Interface\Buttons\UI-MicroButton-Hilight"/>
        <Scripts>
          <OnClick>
            OpenAllBags();
          </OnClick>
          <OnEnter>
            GameTooltip:SetOwner(this, "ANCHOR_RIGHT");
            GameTooltip:SetText(BINDPAD_TOOLTIP_OPENBAG, 1.0, 1.0, 1.0);
            GameTooltip:Show();
          </OnEnter>
          <OnLeave>
            GameTooltip:Hide();
          </OnLeave>
        </Scripts>
      </Button>
      <CheckButton name="$parentShowHotkeysButton" inherits="UICheckButtonTemplate">
        <Size>
          <AbsDimension x="20" y="20"/>
        </Size>
        <Anchors>
          <Anchor point="BOTTOMLEFT" relativeTo="$parentOpenBagButton" relativePoint="BOTTOMRIGHT">
            <Offset>
              <AbsDimension x="25" y="10"/>
            </Offset>
          </Anchor>
        </Anchors>
        <HitRectInsets>
          <AbsInset left="0" right="-60" top="0" bottom="0"/>
        </HitRectInsets>
        <Scripts>
          <OnClick>
            BindPadFrame_ShowHotkeysToggle();
          </OnClick>
          <OnLoad>
            local text = getglobal(this:GetName().."Text");
            text:SetText(BINDPAD_TEXT_SHOW_HOTKEY);
            text:SetPoint("LEFT", this, "RIGHT", 2, 1);
          </OnLoad>
          <OnEnter>
            GameTooltip:SetOwner(this, "ANCHOR_RIGHT");
            GameTooltip:SetText(BINDPAD_TOOLTIP_SHOW_HOTKEY, nil, nil, nil, nil, 1);
          </OnEnter>
          <OnLeave>
            GameTooltip:Hide();
          </OnLeave>
        </Scripts>
      </CheckButton>
    </Frames>
    <Scripts>
      <OnLoad>
        BindPadFrame_OnLoad();
      </OnLoad>
      <OnMouseDown>
        BindPadFrame_OnMouseDown();
      </OnMouseDown>
      <OnEnter>
        BindPadFrame_OnEnter();
      </OnEnter>
      <OnEvent>
        BindPadFrame_OnEvent();
      </OnEvent>
      <OnShow>
        PlaySound("igCharacterInfoOpen");
        BindPadFrame_OnShow();
      </OnShow>
      <OnHide>
        PlaySound("igCharacterInfoClose");
        BindPadFrame_OnHide();
      </OnHide>
    </Scripts>
  </Frame>

  <Button name="BindPadBindFrame" toplevel="true" parent="UIParent" frameStrata="DIALOG" movable="true" enableMouse="true" hidden="true" enableKeyboard="true">
    <Size>
      <AbsDimension x="400" y="200"/>
    </Size>
    <Anchors>
      <Anchor point="CENTER">
        <Offset>
          <AbsDimension x="0" y="0"/>
        </Offset>
      </Anchor>
    </Anchors>
    <Backdrop bgFile="Interface\DialogFrame\UI-DialogBox-Background" edgeFile="Interface\DialogFrame\UI-DialogBox-Border" tile="true">
      <BackgroundInsets>
        <AbsInset left="11" right="12" top="12" bottom="11"/>
      </BackgroundInsets>
      <TileSize>
        <AbsValue val="32"/>
      </TileSize>
      <EdgeSize>
        <AbsValue val="32"/>
      </EdgeSize>
    </Backdrop>
    <Layers>
      <Layer level="ARTWORK">
        <Texture name="$parentHeader" file="Interface\DialogFrame\UI-DialogBox-Header">
          <Size>
            <AbsDimension x="200" y="64"/>
          </Size>
          <Anchors>
            <Anchor point="TOP">
              <Offset>
                <AbsDimension x="0" y="12"/>
              </Offset>
            </Anchor>
          </Anchors>
        </Texture>
        <FontString name="$parentHeaderText" inherits="GameFontNormal" text="BINDPAD_KEYBINDINGS_TITLE">
          <Size>
            <AbsDimension x="200" y="13"/>
          </Size>
          <Anchors>
            <Anchor point="TOP" relativeTo="$parentHeader">
              <Offset>
                <AbsDimension x="0" y="-13"/>
              </Offset>
            </Anchor>
          </Anchors>
        </FontString>
        <FontString inherits="GameFontNormal" text="BINDPAD_TEXT_PRESSKEY">
          <Anchors>
            <Anchor point="CENTER" relativeTo="$parent">
              <Offset>
                <AbsDimension x="0" y="32"/>
              </Offset>
            </Anchor>
          </Anchors>
        </FontString>
        <FontString name="$parentAction" inherits="GameFontNormalLarge" text="no action">
          <Anchors>
            <Anchor point="CENTER" relativeTo="$parent">
              <Offset>
                <AbsDimension x="0" y="8"/>
              </Offset>
            </Anchor>
          </Anchors>
        </FontString>
        <FontString name="$parentKey" inherits="GameFontNormal" text="unbinded">
          <Anchors>
            <Anchor point="CENTER" relativeTo="$parent">
              <Offset>
                <AbsDimension x="0" y="-16"/>
              </Offset>
            </Anchor>
          </Anchors>
        </FontString>
      </Layer>
    </Layers>
    <Frames>
      <Button name="$parentCloseButton" inherits="UIPanelCloseButton">
        <Anchors>
          <Anchor point="TOPRIGHT">
            <Offset>
              <AbsDimension x="-3" y="-3"/>
            </Offset>
          </Anchor>
        </Anchors>
      </Button>
      <Button name="$parentExitButton" inherits="UIPanelButtonTemplate" text="BINDPAD_TEXT_EXIT">
        <Size>
          <AbsDimension x="80" y="26"/>
        </Size>
        <Anchors>
          <Anchor point="BOTTOMRIGHT" relativeTo="$parent" relativePoint="BOTTOMRIGHT">
            <Offset>
              <AbsDimension x="-12" y="12"/>
            </Offset>
          </Anchor>
        </Anchors>
        <Scripts>
          <OnClick>
            HideUIPanel(this:GetParent());
          </OnClick>
        </Scripts>
      </Button>
      <Button name="$parentUnbindButton" inherits="UIPanelButtonTemplate" text="BINDPAD_TEXT_UNBIND">
        <Size>
          <AbsDimension x="80" y="26"/>
        </Size>
        <Anchors>
          <Anchor point="BOTTOMRIGHT" relativeTo="$parentExitButton" relativePoint="BOTTOMLEFT">
            <Offset>
              <AbsDimension x="-2" y="0"/>
            </Offset>
          </Anchor>
        </Anchors>
        <Scripts>
          <OnClick>
            BindPadBindFrame_Unbind();
          </OnClick>
        </Scripts>
      </Button>
    </Frames>

    <Scripts>
      <OnLoad>
        this:RegisterForClicks("AnyUp");
      </OnLoad>
      <OnHide>
        BindPadBindFrame_OnHide();
      </OnHide>
      <OnClick>
        BindPadBindFrame_OnKeyDown(button);
      </OnClick>
      <OnKeyDown>
        BindPadBindFrame_OnKeyDown(key);
      </OnKeyDown>
      <OnMouseWheel>
        if (delta > 0) then
          BindPadBindFrame_OnKeyDown("MOUSEWHEELUP");
        else
          BindPadBindFrame_OnKeyDown("MOUSEWHEELDOWN");
        end
      </OnMouseWheel>
    </Scripts>
  </Button>

  <CheckButton name="BindPadMacroPopupButtonTemplate" inherits="PopupButtonTemplate" virtual="true">
    <Scripts>
      <OnClick>
        BindPadMacroPopupButton_OnClick();
      </OnClick>
    </Scripts>
  </CheckButton>
  <Frame name="BindPadMacroPopupFrame" toplevel="true" parent="UIParent" movable="true" enableMouse="true" hidden="true">
    <Size>
      <AbsDimension x="297" y="298"/>
    </Size>
    <Anchors>
      <Anchor point="TOPLEFT" relativeTo="BindPadFrame" relativePoint="TOPRIGHT">
        <Offset>
          <AbsDimension x="-40" y="-40"/>
        </Offset>
      </Anchor>
    </Anchors>
    <Layers>
      <Layer level="BACKGROUND">
        <Texture file="Interface\MacroFrame\MacroPopup-TopLeft">
          <Size>
            <AbsDimension x="256" y="256"/>
          </Size>
          <Anchors>
            <Anchor point="TOPLEFT"/>
          </Anchors>
        </Texture>
        <Texture file="Interface\MacroFrame\MacroPopup-TopRight">
          <Size>
            <AbsDimension x="64" y="256"/>
          </Size>
          <Anchors>
            <Anchor point="TOPLEFT">
              <Offset>
                <AbsDimension x="256" y="0"/>
              </Offset>
            </Anchor>
          </Anchors>
        </Texture>
        <Texture file="Interface\MacroFrame\MacroPopup-BotLeft">
          <Size>
            <AbsDimension x="256" y="64"/>
          </Size>
          <Anchors>
            <Anchor point="TOPLEFT">
              <Offset>
                <AbsDimension x="0" y="-256"/>
              </Offset>
            </Anchor>
          </Anchors>
        </Texture>
        <Texture file="Interface\MacroFrame\MacroPopup-BotRight">
          <Size>
            <AbsDimension x="64" y="64"/>
          </Size>
          <Anchors>
            <Anchor point="TOPLEFT">
              <Offset>
                <AbsDimension x="256" y="-256"/>
              </Offset>
            </Anchor>
          </Anchors>
        </Texture>
        <FontString inherits="GameFontHighlightSmall" text="MACRO_POPUP_TEXT">
          <Anchors>
            <Anchor point="TOPLEFT">
              <Offset>
                <AbsDimension x="24" y="-21"/>
              </Offset>
            </Anchor>
          </Anchors>
        </FontString>
        <FontString inherits="GameFontHighlightSmall" text="MACRO_POPUP_CHOOSE_ICON">
          <Anchors>
            <Anchor point="TOPLEFT">
              <Offset>
                <AbsDimension x="24" y="-69"/>
              </Offset>
            </Anchor>
          </Anchors>
        </FontString>
      </Layer>
    </Layers>
    <Frames>
      <EditBox name="BindPadMacroPopupEditBox" letters="16" historyLines="0">
        <Size>
          <AbsDimension x="200" y="20"/>
        </Size>
        <Anchors>
          <Anchor point="TOPLEFT">
            <Offset>
              <AbsDimension x="29" y="-35"/>
            </Offset>
          </Anchor>
        </Anchors>
        <Layers>
          <Layer level="BACKGROUND">
            <Texture name="BindPadMacroPopupNameLeft" file="Interface\ClassTrainerFrame\UI-ClassTrainer-FilterBorder">
              <Size>
                <AbsDimension x="12" y="29"/>
              </Size>
              <Anchors>
                <Anchor point="TOPLEFT">
                  <Offset>
                    <AbsDimension x="-11" y="0"/>
                  </Offset>
                </Anchor>
              </Anchors>
              <TexCoords left="0" right="0.09375" top="0" bottom="1.0"/>
            </Texture>
            <Texture name="BindPadMacroPopupNameMiddle" file="Interface\ClassTrainerFrame\UI-ClassTrainer-FilterBorder">
              <Size>
                <AbsDimension x="175" y="29"/>
              </Size>
              <Anchors>
                <Anchor point="LEFT" relativeTo="BindPadMacroPopupNameLeft" relativePoint="RIGHT"/>
              </Anchors>
              <TexCoords left="0.09375" right="0.90625" top="0" bottom="1.0"/>
            </Texture>
            <Texture name="BindPadMacroPopupNameRight" file="Interface\ClassTrainerFrame\UI-ClassTrainer-FilterBorder">
              <Size>
                <AbsDimension x="12" y="29"/>
              </Size>
              <Anchors>
                <Anchor point="LEFT" relativeTo="BindPadMacroPopupNameMiddle" relativePoint="RIGHT"/>
              </Anchors>
              <TexCoords left="0.90625" right="1.0" top="0" bottom="1.0"/>
            </Texture>
          </Layer>
        </Layers>
        <Scripts>
          <OnTextChanged>
            BindPadMacroPopupOkayButton_Update();
            BindPadMacroPopupEditBox_OnTextChanged();
          </OnTextChanged>
          <OnEscapePressed>
            BindPadMacroPopupFrame_CancelEdit();
          </OnEscapePressed>
          <OnEnterPressed>
            if ( BindPadMacroPopupOkayButton:IsEnabled() ~= 0 ) then
              BindPadMacroPopupOkayButton_OnClick();
            end
          </OnEnterPressed>
        </Scripts>
        <FontString inherits="ChatFontNormal"/>
      </EditBox>
      <ScrollFrame name="BindPadMacroPopupScrollFrame" inherits="ClassTrainerListScrollFrameTemplate">
        <Size>
          <AbsDimension x="296" y="195"/>
        </Size>
        <Anchors>
          <Anchor point="TOPRIGHT" relativeTo="BindPadMacroPopupFrame" relativePoint="TOPRIGHT">
            <Offset>
              <AbsDimension x="-39" y="-67"/>
            </Offset>
          </Anchor>
        </Anchors>
        <Scripts>
          <OnVerticalScroll>
            BindPadMacroPopupFrame_OnScroll();
          </OnVerticalScroll>
        </Scripts>
      </ScrollFrame>
      <CheckButton name="BindPadMacroPopupButton1" inherits="BindPadMacroPopupButtonTemplate" id="1">
        <Anchors>
          <Anchor point="TOPLEFT">
            <Offset>
              <AbsDimension x="24" y="-85"/>
            </Offset>
          </Anchor>
        </Anchors>
      </CheckButton>
      <CheckButton name="BindPadMacroPopupButton2" inherits="BindPadMacroPopupButtonTemplate" id="2">
        <Anchors>
          <Anchor point="LEFT" relativeTo="BindPadMacroPopupButton1" relativePoint="RIGHT">
            <Offset>
              <AbsDimension x="10" y="0"/>
            </Offset>
          </Anchor>
        </Anchors>
      </CheckButton>
      <CheckButton name="BindPadMacroPopupButton3" inherits="BindPadMacroPopupButtonTemplate" id="3">
        <Anchors>
          <Anchor point="LEFT" relativeTo="BindPadMacroPopupButton2" relativePoint="RIGHT">
            <Offset>
              <AbsDimension x="10" y="0"/>
            </Offset>
          </Anchor>
        </Anchors>
      </CheckButton>
      <CheckButton name="BindPadMacroPopupButton4" inherits="BindPadMacroPopupButtonTemplate" id="4">
        <Anchors>
          <Anchor point="LEFT" relativeTo="BindPadMacroPopupButton3" relativePoint="RIGHT">
            <Offset>
              <AbsDimension x="10" y="0"/>
            </Offset>
          </Anchor>
        </Anchors>
      </CheckButton>
      <CheckButton name="BindPadMacroPopupButton5" inherits="BindPadMacroPopupButtonTemplate" id="5">
        <Anchors>
          <Anchor point="LEFT" relativeTo="BindPadMacroPopupButton4" relativePoint="RIGHT">
            <Offset>
              <AbsDimension x="10" y="0"/>
            </Offset>
          </Anchor>
        </Anchors>
      </CheckButton>
      <CheckButton name="BindPadMacroPopupButton6" inherits="BindPadMacroPopupButtonTemplate" id="6">
        <Anchors>
          <Anchor point="TOPLEFT" relativeTo="BindPadMacroPopupButton1" relativePoint="BOTTOMLEFT">
            <Offset>
              <AbsDimension x="0" y="-8"/>
            </Offset>
          </Anchor>
        </Anchors>
      </CheckButton>
      <CheckButton name="BindPadMacroPopupButton7" inherits="BindPadMacroPopupButtonTemplate" id="7">
        <Anchors>
          <Anchor point="LEFT" relativeTo="BindPadMacroPopupButton6" relativePoint="RIGHT">
            <Offset>
              <AbsDimension x="10" y="0"/>
            </Offset>
          </Anchor>
        </Anchors>
      </CheckButton>
      <CheckButton name="BindPadMacroPopupButton8" inherits="BindPadMacroPopupButtonTemplate" id="8">
        <Anchors>
          <Anchor point="LEFT" relativeTo="BindPadMacroPopupButton7" relativePoint="RIGHT">
            <Offset>
              <AbsDimension x="10" y="0"/>
            </Offset>
          </Anchor>
        </Anchors>
      </CheckButton>
      <CheckButton name="BindPadMacroPopupButton9" inherits="BindPadMacroPopupButtonTemplate" id="9">
        <Anchors>
          <Anchor point="LEFT" relativeTo="BindPadMacroPopupButton8" relativePoint="RIGHT">
            <Offset>
              <AbsDimension x="10" y="0"/>
            </Offset>
          </Anchor>
        </Anchors>
      </CheckButton>
      <CheckButton name="BindPadMacroPopupButton10" inherits="BindPadMacroPopupButtonTemplate" id="10">
        <Anchors>
          <Anchor point="LEFT" relativeTo="BindPadMacroPopupButton9" relativePoint="RIGHT">
            <Offset>
              <AbsDimension x="10" y="0"/>
            </Offset>
          </Anchor>
        </Anchors>
      </CheckButton>
      <CheckButton name="BindPadMacroPopupButton11" inherits="BindPadMacroPopupButtonTemplate" id="11">
        <Anchors>
          <Anchor point="TOPLEFT" relativeTo="BindPadMacroPopupButton6" relativePoint="BOTTOMLEFT">
            <Offset>
              <AbsDimension x="0" y="-8"/>
            </Offset>
          </Anchor>
        </Anchors>
      </CheckButton>
      <CheckButton name="BindPadMacroPopupButton12" inherits="BindPadMacroPopupButtonTemplate" id="12">
        <Anchors>
          <Anchor point="LEFT" relativeTo="BindPadMacroPopupButton11" relativePoint="RIGHT">
            <Offset>
              <AbsDimension x="10" y="0"/>
            </Offset>
          </Anchor>
        </Anchors>
      </CheckButton>
      <CheckButton name="BindPadMacroPopupButton13" inherits="BindPadMacroPopupButtonTemplate" id="13">
        <Anchors>
          <Anchor point="LEFT" relativeTo="BindPadMacroPopupButton12" relativePoint="RIGHT">
            <Offset>
              <AbsDimension x="10" y="0"/>
            </Offset>
          </Anchor>
        </Anchors>
      </CheckButton>
      <CheckButton name="BindPadMacroPopupButton14" inherits="BindPadMacroPopupButtonTemplate" id="14">
        <Anchors>
          <Anchor point="LEFT" relativeTo="BindPadMacroPopupButton13" relativePoint="RIGHT">
            <Offset>
              <AbsDimension x="10" y="0"/>
            </Offset>
          </Anchor>
        </Anchors>
      </CheckButton>
      <CheckButton name="BindPadMacroPopupButton15" inherits="BindPadMacroPopupButtonTemplate" id="15">
        <Anchors>
          <Anchor point="LEFT" relativeTo="BindPadMacroPopupButton14" relativePoint="RIGHT">
            <Offset>
              <AbsDimension x="10" y="0"/>
            </Offset>
          </Anchor>
        </Anchors>
      </CheckButton>
      <CheckButton name="BindPadMacroPopupButton16" inherits="BindPadMacroPopupButtonTemplate" id="16">
        <Anchors>
          <Anchor point="TOPLEFT" relativeTo="BindPadMacroPopupButton11" relativePoint="BOTTOMLEFT">
            <Offset>
              <AbsDimension x="0" y="-8"/>
            </Offset>
          </Anchor>
        </Anchors>
      </CheckButton>
      <CheckButton name="BindPadMacroPopupButton17" inherits="BindPadMacroPopupButtonTemplate" id="17">
        <Anchors>
          <Anchor point="LEFT" relativeTo="BindPadMacroPopupButton16" relativePoint="RIGHT">
            <Offset>
              <AbsDimension x="10" y="0"/>
            </Offset>
          </Anchor>
        </Anchors>
      </CheckButton>
      <CheckButton name="BindPadMacroPopupButton18" inherits="BindPadMacroPopupButtonTemplate" id="18">
        <Anchors>
          <Anchor point="LEFT" relativeTo="BindPadMacroPopupButton17" relativePoint="RIGHT">
            <Offset>
              <AbsDimension x="10" y="0"/>
            </Offset>
          </Anchor>
        </Anchors>
      </CheckButton>
      <CheckButton name="BindPadMacroPopupButton19" inherits="BindPadMacroPopupButtonTemplate" id="19">
        <Anchors>
          <Anchor point="LEFT" relativeTo="BindPadMacroPopupButton18" relativePoint="RIGHT">
            <Offset>
              <AbsDimension x="10" y="0"/>
            </Offset>
          </Anchor>
        </Anchors>
      </CheckButton>
      <CheckButton name="BindPadMacroPopupButton20" inherits="BindPadMacroPopupButtonTemplate" id="20">
        <Anchors>
          <Anchor point="LEFT" relativeTo="BindPadMacroPopupButton19" relativePoint="RIGHT">
            <Offset>
              <AbsDimension x="10" y="0"/>
            </Offset>
          </Anchor>
        </Anchors>
      </CheckButton>
      <Button name="BindPadMacroPopupCancelButton" inherits="UIPanelButtonTemplate" text="CANCEL">
        <Size>
          <AbsDimension x="78" y="22"/>
        </Size>
        <Anchors>
          <Anchor point="BOTTOMRIGHT" relativeTo="BindPadMacroPopupFrame">
            <Offset>
              <AbsDimension x="-11" y="13"/>
            </Offset>
          </Anchor>
        </Anchors>
        <Scripts>
          <OnClick>
            BindPadMacroPopupFrame_CancelEdit()
          </OnClick>
        </Scripts>
      </Button>
      <Button name="BindPadMacroPopupOkayButton" inherits="UIPanelButtonTemplate" text="OKAY">
        <Size>
          <AbsDimension x="78" y="22"/>
        </Size>
        <Anchors>
          <Anchor point="RIGHT" relativeTo="BindPadMacroPopupCancelButton" relativePoint="LEFT">
            <Offset>
              <AbsDimension x="-2" y="0"/>
            </Offset>
          </Anchor>
        </Anchors>
        <Scripts>
          <OnClick>
            BindPadMacroPopupOkayButton_OnClick();
          </OnClick>
        </Scripts>
      </Button>
    </Frames>
    <Scripts>
      <OnShow>
        PlaySound("igCharacterInfoOpen");
        BindPadMacroPopupFrame_OnShow();
      </OnShow>
      <OnHide>
        PlaySound("gsTitleOptionOK");
        BindPadMacroPopupFrame_OnHide();
      </OnHide>
      <OnMouseWheel>
        return;
      </OnMouseWheel>
    </Scripts>
  </Frame>

  <Frame name="BindPadMacroTextFrame" toplevel="true" movable="true" parent="UIParent" enableMouse="true" hidden="true">
    <Size>
      <AbsDimension x="384" y="512"/>
    </Size>
    <Anchors>
      <Anchor point="TOPLEFT">
        <Offset>
          <AbsDimension x="0" y="-104"/>
        </Offset>
      </Anchor>
    </Anchors>
    <HitRectInsets>
      <AbsInset left="0" right="34" top="0" bottom="75"/>
    </HitRectInsets>
    <Layers>
      <Layer level="BACKGROUND">
        <Texture name="$parentPortrait" file="Interface\MacroFrame\MacroFrame-Icon">
          <Size>
            <AbsDimension x="60" y="60"/>
          </Size>
          <Anchors>
            <Anchor point="TOPLEFT">
              <Offset>
                <AbsDimension x="7" y="-6"/>
              </Offset>
            </Anchor>
          </Anchors>
        </Texture>
      </Layer>
      <Layer level="BORDER">
        <Texture file="Interface\PaperDollInfoFrame\UI-Character-General-TopLeft">
          <Size>
            <AbsDimension x="256" y="256"/>
          </Size>
          <Anchors>
            <Anchor point="TOPLEFT"/>
          </Anchors>
        </Texture>
        <Texture file="Interface\PaperDollInfoFrame\UI-Character-General-TopRight">
          <Size>
            <AbsDimension x="128" y="256"/>
          </Size>
          <Anchors>
            <Anchor point="TOPRIGHT"/>
          </Anchors>
        </Texture>
        <Texture file="Interface\MacroFrame\MacroFrame-BotLeft">
          <Size>
            <AbsDimension x="256" y="256"/>
          </Size>
          <Anchors>
            <Anchor point="BOTTOMLEFT"/>
          </Anchors>
        </Texture>
        <Texture file="Interface\MacroFrame\MacroFrame-BotRight">
          <Size>
            <AbsDimension x="128" y="256"/>
          </Size>
          <Anchors>
            <Anchor point="BOTTOMRIGHT"/>
          </Anchors>
        </Texture>
        <FontString inherits="GameFontNormal" text="BINDPAD_MACRO_TITLE">
          <Anchors>
            <Anchor point="TOP" relativeTo="$parent">
              <Offset>
                <AbsDimension x="0" y="-17"/>
              </Offset>
            </Anchor>
          </Anchors>
        </FontString>
      </Layer>
      <Layer level="ARTWORK">
        <Texture name="BindPadMacroTextFrameSelectedMacroBackground" file="Interface\Buttons\UI-EmptySlot">
          <Size>
            <AbsDimension x="64" y="64"/>
          </Size>
          <Anchors>
            <Anchor point="TOPLEFT">
              <Offset>
                <AbsDimension x="16" y="-72"/>
              </Offset>
            </Anchor>
          </Anchors>
        </Texture>
        <FontString name="BindPadMacroTextFrameSelectedMacroName" inherits="GameFontNormalLarge" justifyH="LEFT">
          <Size>
            <AbsDimension x="256" y="16"/>
          </Size>
          <Anchors>
            <Anchor point="TOPLEFT" relativeTo="BindPadMacroTextFrameSelectedMacroBackground" relativePoint="TOPRIGHT">
              <Offset>
                <AbsDimension x="-4" y="-15"/>
              </Offset>
            </Anchor>
          </Anchors>
        </FontString>
        <FontString name="BindPadMacroTextFrameEnterMacroText" inherits="GameFontHighlightSmall" text="ENTER_MACRO_LABEL">
          <Anchors>
            <Anchor point="TOPLEFT" relativeTo="BindPadMacroTextFrameSelectedMacroBackground" relativePoint="BOTTOMLEFT">
              <Offset>
                <AbsDimension x="8" y="0"/>
              </Offset>
            </Anchor>
          </Anchors>
        </FontString>
      </Layer>
    </Layers>
    <Frames>
      <CheckButton name="BindPadMacroTextFrameSelectedMacroButton" inherits="PopupButtonTemplate" id="0">
        <Anchors>
          <Anchor point="TOPLEFT" relativeTo="BindPadMacroTextFrameSelectedMacroBackground">
            <Offset>
              <AbsDimension x="14" y="-14"/>
            </Offset>
          </Anchor>
        </Anchors>
      </CheckButton>
      <ScrollFrame name="BindPadMacroTextFrameScrollFrame" inherits="UIPanelScrollFrameTemplate">
        <Size>
          <AbsDimension x="286" y="241"/>
        </Size>
        <Anchors>
          <Anchor point="TOPLEFT" relativeTo="BindPadMacroTextFrameSelectedMacroBackground" relativePoint="BOTTOMLEFT">
            <Offset>
              <AbsDimension x="11" y="-18"/>
            </Offset>
          </Anchor>
        </Anchors>
        <ScrollChild>
          <EditBox name="BindPadMacroTextFrameText" multiLine="true" letters="4000" autoFocus="false">
            <Size>
              <AbsDimension x="286" y="241"/>
            </Size>
            <Scripts>
              <OnTextChanged>
                local scrollBar = getglobal(this:GetParent():GetName().."ScrollBar")
                local min;
                local max;
                min, max = scrollBar:GetMinMaxValues();
                if ( max > 0 and (this.max ~= max) ) then
                  this.max = max;
                  scrollBar:SetValue(max);
                end
              </OnTextChanged>
              <OnEscapePressed>
                this:ClearFocus();
              </OnEscapePressed>
              <OnEditFocusLost>
                BindPadMacroTextFrame_OnHide();
              </OnEditFocusLost>
            </Scripts>
            <FontString inherits="GameFontHighlightSmall"/>
          </EditBox>
        </ScrollChild>
      </ScrollFrame>
      <Button name="BindPadMacroTextFrameTextButton">
        <Size>
          <AbsDimension x="286" y="241"/>
        </Size>
        <Anchors>
          <Anchor point="TOPLEFT" relativeTo="BindPadMacroTextFrameText"/>
        </Anchors>
        <Scripts>
          <OnClick>
            BindPadMacroTextFrameText:SetFocus();
          </OnClick>
        </Scripts>
      </Button>
      <Frame name="BindPadMacroTextFrameTextBackground">
        <Size>
          <AbsDimension x="322" y="251"/>
        </Size>
        <Anchors>
          <Anchor point="TOPLEFT" relativeTo="BindPadMacroTextFrame">
            <Offset>
              <AbsDimension x="18" y="-149"/>
            </Offset>
          </Anchor>
        </Anchors>
        <Backdrop bgFile="Interface\Tooltips\UI-Tooltip-Background" edgeFile="Interface\Tooltips\UI-Tooltip-Border" tile="true">
          <EdgeSize>
            <AbsValue val="16"/>
          </EdgeSize>
          <TileSize>
            <AbsValue val="16"/>
          </TileSize>
          <BackgroundInsets>
            <AbsInset left="5" right="5" top="5" bottom="5"/>
          </BackgroundInsets>
        </Backdrop>
        <Scripts>
          <OnLoad>
            this:SetBackdropBorderColor(TOOLTIP_DEFAULT_COLOR.r, TOOLTIP_DEFAULT_COLOR.g, TOOLTIP_DEFAULT_COLOR.b);
            this:SetBackdropColor(TOOLTIP_DEFAULT_BACKGROUND_COLOR.r, TOOLTIP_DEFAULT_BACKGROUND_COLOR.g, TOOLTIP_DEFAULT_BACKGROUND_COLOR.b);
          </OnLoad>
        </Scripts>
      </Frame>
      <Button name="BindPadMacroTextFrameEditButton" inherits="UIPanelButtonTemplate" text="CHANGE_MACRO_NAME_ICON">
        <Size>
          <AbsDimension x="170" y="22"/>
        </Size>
        <Anchors>
          <Anchor point="TOPLEFT" relativeTo="BindPadMacroTextFrameSelectedMacroBackground">
            <Offset>
              <AbsDimension x="51" y="-30"/>
            </Offset>
          </Anchor>
        </Anchors>
        <Scripts>
          <OnClick>
            BindPadMacroTextFrameEditButton_OnClick();
          </OnClick>
        </Scripts>
      </Button>
      <Button name="BindPadMacroTextFrameTestButton" inherits="UIPanelButtonTemplate,SecureActionButtonTemplate" text="BINDPAD_TEXT_TEST">
        <Size>
          <AbsDimension x="80" y="22"/>
        </Size>
        <Anchors>
          <Anchor point="CENTER" relativeTo="BindPadMacroTextFrame" relativePoint="TOPLEFT">
            <Offset>
              <AbsDimension x="222" y="-422"/>
            </Offset>
          </Anchor>
        </Anchors>
        <Scripts>
          <OnLoad>
            this:SetAttribute("type", "macro");
          </OnLoad>
          <OnMouseDown>
            this:SetAttribute("macrotext", BindPadMacroTextFrameText:GetText());
          </OnMouseDown>
        </Scripts>
      </Button>
      <Button name="BindPadMacroTextFrameExitButton" inherits="UIPanelButtonTemplate" text="EXIT">
        <Size>
          <AbsDimension x="80" y="22"/>
        </Size>
        <Anchors>
          <Anchor point="CENTER" relativeTo="BindPadMacroTextFrame" relativePoint="TOPLEFT">
            <Offset>
              <AbsDimension x="303" y="-422"/>
            </Offset>
          </Anchor>
        </Anchors>
        <Scripts>
          <OnClick>
            HideUIPanel(this:GetParent());
          </OnClick>
        </Scripts>
      </Button>
      <Button name="BindPadMacroDeleteButton" inherits="UIPanelButtonGrayTemplate" text="DELETE">
        <Size>
          <AbsDimension x="80" y="22"/>
        </Size>
        <Anchors>
          <Anchor point="BOTTOMLEFT" relativeTo="BindPadMacroTextFrame">
            <Offset>
              <AbsDimension x="17" y="79"/>
            </Offset>
          </Anchor>
        </Anchors>
        <Scripts>
          <OnClick>
            BindPadMacroDeleteButton_OnClick();
          </OnClick>
        </Scripts>
      </Button>
      <Button name="BindPadMacroTextFrameCloseButton" inherits="UIPanelCloseButton">
        <Anchors>
          <Anchor point="TOPRIGHT" relativeTo="BindPadMacroTextFrame" relativePoint="TOPRIGHT">
            <Offset>
              <AbsDimension x="-29" y="-8"/>
            </Offset>
          </Anchor>
        </Anchors>
      </Button>
    </Frames>
    <Scripts>
      <OnShow>
        PlaySound("igCharacterInfoOpen");
        BindPadMacroTextFrame_OnShow();
      </OnShow>
      <OnHide>
        PlaySound("igCharacterInfoClose");
        BindPadMacroTextFrame_OnHide();
      </OnHide>
      <OnMouseWheel>
        return;
      </OnMouseWheel>
    </Scripts>
  </Frame>
</Ui>
