<Ui xmlns:xsi="http://www.w3.org/2001/XMLSchema-instance" xmlns:xsd="http://www.w3.org/2001/XMLSchema" xmlns="http://www.blizzard.com/wow/ui/">
	<Script file="KarniCrap.lua" />



	<Frame name="KarniCrap_Scripts" hidden="true">
		<Scripts>
			<OnLoad> KarniCrap_OnLoad(self); </OnLoad>
			<OnEvent> KarniCrap_OnEvent(event); </OnEvent>
		</Scripts>
	</Frame>


	<!-- template for scrollbox items -->
	<Button name="KarniCrap_CategoryItemTemplate" virtual="true" parent="KarniCrap_Tab1">
		<Size x="94" y="16" />
		<Anchors><Anchor point="TOPLEFT" /></Anchors>
		<ButtonText text="default text">
			<Size x="100" y="16" />
			<Anchors>
				<Anchor point="LEFT">
					<Offset x="4" y="0" />
				</Anchor>
			</Anchors>
		</ButtonText>
    <NormalFont inherits="GameFontNormalSmall" justifyH="LEFT" /> 
    <!-- <NormalFont style="GameFontNormalSmallLeft" /> WotLK -->
    <HighlightFont inherits="GameFontHighlightSmall" justifyH="LEFT" /> 
    <!-- <HighlightFont style="GameFontHighlightSmallLeft" /> WotLK -->
	
		<Layers>
			<Layer level="BACKGROUND">
				<Texture name="$parent_Background" file="Interface\FriendsFrame\UI-FriendsFrame-HighlightBar">
					<Size x="100" y="16"/>
					<Anchors>
						<Anchor point="CENTER" />
					</Anchors>
					<TexCoords left="0" right="1" top="0" bottom="1" />
				</Texture>
			</Layer> 
    </Layers> 
    
		<Scripts>
			<OnClick>
				category_selected = this:GetID()
				KarniCrap_SelectCategory(category_selected)
			</OnClick>
		</Scripts>
	</Button>












	<!-- template for scrollbox items -->
	<Button name="KarniCrap_CrapScrollItemTemplate" virtual="true" parent="KarniCrap_Tab2">
		<Size x="145" y="16" />
		<Anchors>
			<Anchor point="TOPLEFT" />
		</Anchors>
		<ButtonText text="default item name default item name">
				<Size x="145" y="16" />
				<Anchors>
					<Anchor point="LEFT">
						<Offset x="1" y="1" />
					</Anchor>
				</Anchors>
		</ButtonText>
    <Layers>
      <Layer level="BACKGROUND">
        <Texture name="$parent_Background" setAllPoints="true">
        	<!-- Texture has blue color wit 50% alpha -->
          <Color r="0" g="0" b="0" a="0" />
        </Texture>
      </Layer>
    </Layers> 
    <NormalFont style="GameFontNormalSmallLeft"/> 
		<Scripts>
			<OnClick>
				blacklist_selected = this:GetID();
				KarniCrap_SelectBlacklistItem(blacklist_selected);
				KarniCrap_Tab2_RemoveItemButton:Enable();
			</OnClick>
		</Scripts>
	</Button>

	<!-- template for scrollbox items -->
	<Button name="KarniCrap_NotCrapScrollItemTemplate" virtual="true" parent="KarniCrap_Tab2">
		<Size x="145" y="16" />
		<Anchors>
			<Anchor point="TOPLEFT" />
		</Anchors>
		<ButtonText text="default item name default item name">
				<Size x="145" y="16" />
				<Anchors>
					<Anchor point="LEFT">
						<Offset x="1" y="1" />
					</Anchor>
				</Anchors>
		</ButtonText>
    <Layers>
      <Layer level="BACKGROUND">
        <Texture name="$parent_Background" setAllPoints="true">
        	<!-- Texture has blue color wit 50% alpha -->
          <Color r="0" g="0" b="0" a="0" />
        </Texture>
      </Layer>
    </Layers> 
    <NormalFont style="GameFontNormalSmallLeft"/> 
		<Scripts>
			<OnClick>
			 	whitelist_selected = this:GetID();
				KarniCrap_SelectWhitelistItem(whitelist_selected);
				KarniCrap_Tab2_NotCrapRemoveItemButton:Enable();
			</OnClick>
		</Scripts>
	</Button>

	<!-- copper coin template -->
  <Frame name="CopperCoinTemplate" virtual="true">
    <Size x="12" y="12" />
    <Anchors>
      <Anchor point="LEFT" />
	  </Anchors>
    <Layers>
      <Layer>
        <Texture name="$parentTexture" setAllPoints="true" file="interface\moneyframe\ui-moneyicons">
          <TexCoords left="0.5" right="0.75" top="0" bottom="1" />
        </Texture>
      </Layer>
    </Layers>
  </Frame>

  <!-- silver coin template -->
  <Frame name="SilverCoinTemplate" virtual="true">
    <Size x="12" y="12" />
    <Anchors>
      <Anchor point="LEFT" />
    </Anchors>
    <Layers>
      <Layer>
        <Texture name="$parentTexture" setAllPoints="true" file="interface\moneyframe\ui-moneyicons">
          <TexCoords left="0.25" right="0.5" top="0" bottom="1" />
        </Texture>
      </Layer>
    </Layers>
  </Frame>

	<!-- gold coin template -->
  <Frame name="GoldCoinTemplate" virtual="true">
    <Size x="12" y="12" />
    <Anchors>
      <Anchor point="LEFT" />
    </Anchors>
    <Layers>
      <Layer>
        <Texture name="$parentTexture" setAllPoints="true" file="interface\moneyframe\ui-moneyicons">
          <TexCoords left="0" right="0.25" top="0" bottom="1" />
        </Texture>
      </Layer>
    </Layers>
  </Frame>

	<!-- "disabled" input box template -->
  <Frame name="DisabledInputBoxTemplate" virtual="true" alpha="0.3">
    <Size x="37" y="30" />
    <Anchors>
			<Anchor point="LEFT"/>
    </Anchors>
    <Layers>
      <Layer level="BACKGROUND">
        <Texture name="$parentLeft" file="Interface\Common\Common-Input-Border">
          <Size x="8" y="20" />
          <Anchors>
            <Anchor point="LEFT" />
          </Anchors>
          <TexCoords left="0" right="0.0625" top="0" bottom="0.625" />
        </Texture>
        <Texture name="$parentRight" file="Interface\Common\Common-Input-Border">
          <Size x="8" y="20" />
          <Anchors>
            <Anchor point="RIGHT" />
          </Anchors>
          <TexCoords left="0.9375" right="1" top="0" bottom="0.625" />
        </Texture>
        <Texture name="$parentMiddle" file="Interface\Common\Common-Input-Border">
          <Size x="10" y="20" />
          <Anchors>
            <Anchor point="LEFT" relativeTo="$parentLeft" relativePoint="RIGHT" />
            <Anchor point="RIGHT" relativeTo="$parentRight" relativePoint="LEFT" />
          </Anchors>
          <TexCoords left="0.0625" right="0.9375" top="0" bottom="0.625" />
        </Texture>
      </Layer>
    </Layers>
  </Frame>
















<!--	 MAIN WINDOW    -->	
<!--	 MAIN WINDOW    -->	
<!--	 MAIN WINDOW    -->	
	<Frame name="KarniCrap" hidden="true" parent="UIParent" movable="true" frameStrata="DIALOG">
		<Size x="410" y="435" />
		
		<!-- Anchors -->
		<Anchors>
			<Anchor point="CENTER" />
		</Anchors>
		
		<!-- Background -->
		<Backdrop bgFile="Interface\DialogFrame\UI-DialogBox-Background" edgeFile="Interface\DialogFrame\UI-DialogBox-Border" tile="true">
		<!--<Backdrop bgFile="Interface\Tooltips\ChatBubble-Background" edgeFile="Interface\DialogFrame\UI-DialogBox-Border" tile="true">-->
			<BackgroundInsets>
				<AbsInset left="11" right="12" top="12" bottom="11" />
			</BackgroundInsets>
			<TileSize>
				<AbsValue val="32" />
			</TileSize>
			<EdgeSize>
				<AbsValue val="32" />
			</EdgeSize>
		</Backdrop>

		<Layers>
			<Layer>
				<!-- Main window title -->
				<Texture name="$parent_Title" file="Interface\DialogFrame\UI-DialogBox-Header">
					<Size x="275" y="40" />
					<Anchors>
						<Anchor point="TOP">
							<Offset>
								<AbsDimension x="0" y="12" />
							</Offset>
						</Anchor>
					</Anchors>
					<TexCoords left="0" right="1" top="0" bottom="0.625" />
				</Texture>
				<FontString name="$parent_TitleText" inherits="GameFontNormal" text="Karni's Crap Filter">
					<Anchors>
						<Anchor point="CENTER" relativeTo="$parent_Title" relativePoint="CENTER">
							<Offset x="0" y="0" />
						</Anchor>
					</Anchors>
				</FontString>
				<!-- text for version number --> 
				<FontString name="$parent_VersionText" inherits="GameFontDarkGraySmall" text="">
					<Anchors>
						<Anchor point="BOTTOMRIGHT">
							<Offset x="-15" y="12" />
						</Anchor>
					</Anchors>
				</FontString>
			</Layer>
		</Layers>

		<Frames>
			<Frame name="KarniCrap_Tab1" hidden="false">
				<Anchors>
					<Anchor point="TOPLEFT"/>
					<Anchor point="BOTTOMRIGHT"/>
				</Anchors>
			</Frame>   
			
			
			<!--     POOR       -->
			<!--     POOR       -->
			<!--     POOR       -->
    	<CheckButton name="$parent_CBPoor" inherits="UICheckButtonTemplate" parent="KarniCrap_Tab1">
				<Size x="24" y="24" />
				<Anchors>
					<Anchor point="TOPLEFT">
						<Offset x="20" y="-30" />
					</Anchor>
				</Anchors>
				<Scripts>
          <OnClick>KarniCrap_CheckButtonPoor()</OnClick>
  			</Scripts>
			</CheckButton>

    	<Frame name="$parent_Option1" parent="KarniCrap_Tab1">
    		<Size x="330" y="20" />
				<Anchors>
					<Anchor point="LEFT" relativePoint="RIGHT" relativeTo="$parent_CBPoor" />
				</Anchors>
	    	<Layers>
	    		<Layer level="ARTWORK">
 		     		<!-- do not loot -->
						<FontString name="$parent_Text1" inherits="GameFontNormalSmall" text="Do not loot ">
							<Anchors>
								<Anchor point="LEFT" />
							</Anchors>
						</FontString>
						<!-- poor -->
						<FontString name="$parent_Text2" inherits="GameFontDisableSmall" text="[poor] ">
							<Anchors>
								<Anchor point="LEFT" relativePoint="RIGHT" relativeTo="$parent_Text1" />
							</Anchors>
						</FontString>	
						<!-- items worth less than -->
						<FontString name="$parent_Text3" inherits="GameFontNormalSmall" text="items worth less than">
							<Anchors>
								<Anchor point="LEFT" relativePoint="RIGHT" relativeTo="$parent_Text2" />
							</Anchors>
						</FontString>	
					</Layer>	
				</Layers>
				
				<Frames>
			 		<!-- gold input box 1 -->
					<EditBox name="$parent_GoldInputBox1" inherits="InputBoxTemplate" numeric="true" autoFocus="false" letters="2" hidden="false">
						<Size x="32" y="26"/>
						<Anchors>
							<Anchor point="LEFT" relativePoint="RIGHT" relativeTo="$parent_Text3">
								<Offset x="10" y="0" />
		          </Anchor>
						</Anchors> 
						<Scripts>
							<OnTextChanged>
								KarniCrapConfig.PoorThreshold_Gold = this:GetNumber();
								KarniCrap_CalcPoorThreshold();
								</OnTextChanged>
						</Scripts>  
					</EditBox>
					<!-- gold input box 1 disabled -->
		      <Frame name="$parent_GoldInputBox1Disabled" inherits="DisabledInputBoxTemplate">
		        <Anchors>
		          <Anchor point="LEFT" relativePoint="RIGHT" relativeTo="$parent_Text3">
		 						<Offset x="5" y="0" />
							</Anchor>        
		        </Anchors>
		      </Frame>
					<!-- gold coin 1 -->
		      <Frame name="$parent_GoldTexture1" inherits="GoldCoinTemplate">
		        <Anchors>
		          <Anchor point="LEFT" relativePoint="RIGHT" relativeTo="$parent_GoldInputBox1">
								<Offset x="-14" y="0" />
		          </Anchor>
		        </Anchors>
		      </Frame>
					<!-- silver input box 1 -->
					<EditBox name="$parent_SilverInputBox1" inherits="InputBoxTemplate" numeric="true" autoFocus="false" letters="2" hidden="true">
						<Size x="32" y="26"/>
						<Anchors>
							<Anchor point="LEFT" relativePoint="RIGHT" relativeTo="$parent_GoldTexture1">
								<Offset x="10" y="0" />
							</Anchor>
						</Anchors>     
						<Scripts>
							<OnTextChanged>
								KarniCrapConfig.PoorThreshold_Silver = this:GetNumber();
								KarniCrap_CalcPoorThreshold();	
							</OnTextChanged>
						</Scripts>  
					</EditBox>
					<!-- silver input box 1 disabled -->
		      <Frame name="$parent_SilverInputBox1Disabled" inherits="DisabledInputBoxTemplate">
		        <Anchors>
							<Anchor point="LEFT" relativePoint="RIGHT" relativeTo="$parent_GoldTexture1">
		 						<Offset x="5" y="0" />
							</Anchor>        
		        </Anchors>
		      </Frame>
		      <!-- silver coin 1 -->
		      <Frame name="$parent_SilverTexture1" inherits="SilverCoinTemplate">
		        <Anchors>
		          <Anchor point="LEFT" relativePoint="RIGHT" relativeTo="$parent_SilverInputBox1">
		 						<Offset x="-14" y="0" />
							</Anchor>
		        </Anchors>
		      </Frame>
					<!-- copper input box 1 -->
					<EditBox name="$parent_CopperInputBox1" inherits="InputBoxTemplate" numeric="true" autoFocus="false" letters="2" hidden="true">
						<Size x="32" y="26"/>
						<Anchors>
							<Anchor point="LEFT" relativePoint="RIGHT" relativeTo="$parent_SilverTexture1">
								<Offset x="10" y="0" />
							</Anchor>
						</Anchors>  
						<Scripts>
							<OnTextChanged>
								KarniCrapConfig.PoorThreshold_Copper = this:GetNumber();
								KarniCrap_CalcPoorThreshold();
							</OnTextChanged>
						</Scripts>           
					</EditBox>
					<!-- copper input box 1 disabled -->
		      <Frame name="$parent_CopperInputBox1Disabled" inherits="DisabledInputBoxTemplate">
		        <Anchors>
							<Anchor point="LEFT" relativePoint="RIGHT" relativeTo="$parent_SilverTexture1">
		 						<Offset x="5" y="0" />
							</Anchor>        
		        </Anchors>
		      </Frame>
					<!-- copper coin 1 -->
		      <Frame name="$parent_CopperTexture1" inherits="CopperCoinTemplate">
		        <Anchors>
		          <Anchor point="LEFT" relativePoint="RIGHT" relativeTo="$parent_CopperInputBox1" >
		 						<Offset x="-14" y="0" />
							</Anchor>        
		        </Anchors>
		      </Frame>
		    </Frames>
  		</Frame>
  
  
			<!--     COMMON     -->
			<!--     COMMON     -->
			<!--     COMMON     -->
    	<CheckButton name="$parent_CBCommon" inherits="UICheckButtonTemplate" parent="KarniCrap_Tab1">
				<Size x="24" y="24" />
				<Anchors>
					<Anchor point="TOPLEFT" relativePoint="BOTTOMLEFT" relativeTo="$parent_CBPoor" />
				</Anchors>
				<Scripts>
          <OnClick>KarniCrap_CheckButtonCommon()</OnClick>
  			</Scripts>
			</CheckButton>

    	<Frame name="$parent_Option2" parent="KarniCrap_Tab1">
    		<Size x="330" y="20" />
				<Anchors>
					<Anchor point="LEFT" relativePoint="RIGHT" relativeTo="$parent_CBCommon" />
				</Anchors>
	    	<Layers>
	    		<Layer level="ARTWORK">
 		     		<!-- do not loot -->
						<FontString name="$parent_CBCommonText1" inherits="GameFontNormalSmall" text="Do not loot ">
							<Anchors>
								<Anchor point="LEFT" />
							</Anchors>
						</FontString>
						<!-- common -->
						<FontString name="$parent_CBCommonText2" inherits="GameFontHighlightSmall" text="[common] ">
							<Anchors>
								<Anchor point="LEFT" relativePoint="RIGHT" relativeTo="$parent_CBCommonText1" />
							</Anchors>
						</FontString>	
						<!-- items worth less than -->
						<FontString name="$parent_CBCommonText3" inherits="GameFontNormalSmall" text="items worth less than">
							<Anchors>
								<Anchor point="LEFT" relativePoint="RIGHT" relativeTo="$parent_CBCommonText2" />
							</Anchors>
						</FontString>	
					</Layer>	
				</Layers> 
				<Frames>
					<!-- gold input box -->
					<EditBox name="$parent_GoldInputBox2" inherits="InputBoxTemplate" numeric="true" autoFocus="false" letters="2" >
						<Size x="32" y="26"/>
						<Anchors>
							<Anchor point="LEFT" relativePoint="RIGHT" relativeTo="$parent_CBCommonText3">
								<Offset x="10" y="0" />
		          </Anchor>
						</Anchors> 
						<Scripts>
							<OnTextChanged>
								KarniCrapConfig.CommonThreshold_Gold = this:GetNumber();
								KarniCrap_CalcCommonThreshold();
							</OnTextChanged>
						</Scripts>            
					</EditBox>
					<!-- gold input box 1 disabled -->
		      <Frame name="$parent_GoldInputBox2Disabled" inherits="DisabledInputBoxTemplate">
		        <Anchors>
		          <Anchor point="LEFT" relativePoint="RIGHT" relativeTo="$parent_CBCommonText3">
		 						<Offset x="5" y="0" />
							</Anchor>        
		        </Anchors>
		      </Frame>
					<!-- gold coin -->
		      <Frame name="$parent_GoldTexture2" inherits="GoldCoinTemplate">
		        <Anchors>
		          <Anchor point="LEFT" relativePoint="RIGHT" relativeTo="$parent_GoldInputBox2">
								<Offset x="-14" y="0" />
		          </Anchor>
		        </Anchors>
		      </Frame>
					<!-- silver input box -->
					<EditBox name="$parent_SilverInputBox2" inherits="InputBoxTemplate" numeric="true" autoFocus="false" letters="2" >
						<Size x="32" y="26"/>
						<Anchors>
							<Anchor point="LEFT" relativePoint="RIGHT" relativeTo="$parent_GoldTexture2">
								<Offset x="10" y="0" />
							</Anchor>
						</Anchors> 
						<Scripts>
							<OnTextChanged>					
								KarniCrapConfig.CommonThreshold_Silver = this:GetNumber();
								KarniCrap_CalcCommonThreshold();
							</OnTextChanged>
						</Scripts>            
					</EditBox>
					<!-- silver input box 1 disabled -->
		      <Frame name="$parent_SilverInputBox2Disabled" inherits="DisabledInputBoxTemplate">
		        <Anchors>
							<Anchor point="LEFT" relativePoint="RIGHT" relativeTo="$parent_GoldTexture2">
		 						<Offset x="5" y="0" />
							</Anchor>        
		        </Anchors>
		      </Frame>
					<!-- silver coin -->
		      <Frame name="$parent_SilverTexture2" inherits="SilverCoinTemplate">
		        <Anchors>
		          <Anchor point="LEFT" relativePoint="RIGHT" relativeTo="$parent_SilverInputBox2">
		 						<Offset x="-14" y="0" />
							</Anchor>
		        </Anchors>
		      </Frame>
					<!-- copper input box -->
					<EditBox name="$parent_CopperInputBox2" inherits="InputBoxTemplate" numeric="true" autoFocus="false" letters="2" >
						<Size x="32" y="26"/>
						<Anchors>
							<Anchor point="LEFT" relativePoint="RIGHT" relativeTo="$parent_SilverTexture2">
								<Offset x="10" y="0" />
							</Anchor>
						</Anchors>   
						<Scripts>
							<OnTextChanged>
								KarniCrapConfig.CommonThreshold_Copper = this:GetNumber();
								KarniCrap_CalcPoorThreshold();
							</OnTextChanged>
						</Scripts>        
					</EditBox>
					<!-- copper input box 1 disabled -->
		      <Frame name="$parent_CopperInputBox2Disabled" inherits="DisabledInputBoxTemplate">
		        <Anchors>
							<Anchor point="LEFT" relativePoint="RIGHT" relativeTo="$parent_SilverTexture2">
		 						<Offset x="5" y="0" />
							</Anchor>        
		        </Anchors>
		      </Frame>
					<!-- copper coin -->
		      <Frame name="$parent_CopperTexture2" inherits="CopperCoinTemplate">
		        <Anchors>
		          <Anchor point="LEFT" relativePoint="RIGHT" relativeTo="$parent_CopperInputBox2" >
		 						<Offset x="-14" y="0" />
							</Anchor>        
		        </Anchors>
		     	</Frame>
		      
				</Frames>
			</Frame> 
	 
			<!--     USE STACK VALUE     -->
			<!--     USE STACK VALUE     -->
			<!--     USE STACK VALUE     -->
    	<CheckButton name="$parent_CBUseStackValue" inherits="UICheckButtonTemplate" parent="KarniCrap_Tab1">
				<Size x="24" y="24" />
				<Anchors>
					<Anchor point="TOPLEFT" relativePoint="BOTTOMLEFT" relativeTo="$parent_CBCommon" />
				</Anchors>
				<Scripts>
					<OnClick>
						if (this:GetChecked()) then KarniCrapConfig.UseStackValue = true;
						else KarniCrapConfig.UseStackValue = false;
						end
					</OnClick>
				</Scripts>
	    	<Layers>
	    		<Layer level="ARTWORK">
 		     		<!-- do not loot -->
						<FontString name="$parent_Text1" inherits="GameFontNormalSmall" text="Use the price of a full stack of the looted item when filtering">
							<Anchors>
								<Anchor point="LEFT" relativePoint="RIGHT"/>
							</Anchors>
						</FontString>
					</Layer>	
				</Layers>  
			</CheckButton>
			
			<!--     ECHO     -->
			<!--     ECHO     -->
			<!--     ECHO     -->
    	<CheckButton name="$parent_CBEcho" inherits="UICheckButtonTemplate" parent="KarniCrap_Tab1">
				<Size x="24" y="24" />
				<Anchors>
					<Anchor point="TOPLEFT" relativePoint="BOTTOMLEFT" relativeTo="$parent_CBUseStackValue" />
				</Anchors>
				<Scripts>
					<OnClick>
						KarniCrap_EchoSettings()
					</OnClick>
				</Scripts>
			 	<Layers>
	    		<Layer level="ARTWORK">
						<FontString name="$parent_Text1" inherits="GameFontNormalSmall" text="Display in the chatbox when an item is filtered">
							<Anchors>
								<Anchor point="LEFT" relativePoint="RIGHT"/>
							</Anchors>
						</FontString>
					</Layer>	
				</Layers> 
			</CheckButton>
     		      
			<!--     DETAILS    -->
			<!--     DETAILS    -->
			<!--     DETAILS    -->
    	<CheckButton name="$parent_CBDetails" inherits="UICheckButtonTemplate" parent="KarniCrap_Tab1">
				<Size x="24" y="24" />
				<Anchors>
					<Anchor point="TOPLEFT" relativePoint="BOTTOMLEFT" relativeTo="$parent_CBEcho">
						<Offset x="20" y="0" />
					</Anchor>
				</Anchors>
				<Scripts>
					<OnClick>
						if (this:GetChecked()) then	KarniCrapConfig.Details = true;
						else KarniCrapConfig.Details = false; end
					</OnClick>
				</Scripts>
			 	<Layers>
	    		<Layer level="ARTWORK">
						<FontString name="$parent_Text1" inherits="GameFontNormalSmall" text="Also display why item was filtered">
							<Anchors>
								<Anchor point="LEFT" relativePoint="RIGHT"/>
							</Anchors>
						</FontString>
					</Layer>	
				</Layers> 
			</CheckButton>
   
   
   
   
   
   
   
   
   
   		<MessageFrame name="$parent_CategoryFrame">
				<Size x="125" y="180" />
				<Anchors>
					<Anchor point="TOPLEFT">
						<Offset x="24" y="-180" />
					</Anchor>
				</Anchors>
				<Backdrop bgFile="Interface\Buttons\UI-SliderBar-Background" edgeFile="Interface\Buttons\UI-SliderBar-Border" tile="true">
					<BackgroundInsets left="3" right="3" top="6" bottom="6" />
					<TileSize val="8" />
					<EdgeSize val="8" />
				</Backdrop>
				 <Layers>
          <Layer>
						<FontString name="$parent_Header" inherits="GameFontNormal" text="Options">
							<Anchors>
								<Anchor point="BOTTOM" relativePoint="TOP" />
							</Anchors>
						</FontString>	
          </Layer>
        </Layers>
			</MessageFrame>
   
  
   
   
      <ScrollFrame name="$parent_CategoryScrollBar" inherits="FauxScrollFrameTemplate">
				<Size x="94" y="210" />
				<Anchors>
					<Anchor point="TOPLEFT" relativePoint="TOPLEFT" relativeTo="$parent_CategoryFrame">
						<Offset x="5" y="-8" />
					</Anchor>
				</Anchors>
				<Scripts>
					<OnVerticalScroll>
						FauxScrollFrame_OnVerticalScroll(16, KarniCrap_CategoryScrollBarUpdate); 
					</OnVerticalScroll>
					<OnShow>
						KarniCrap_CategoryScrollBarUpdate()
					</OnShow>
				</Scripts>	
			</ScrollFrame>
			
			
		 	<Button name="CategoryItem1" inherits="KarniCrap_CategoryItemTemplate" id="1">
				<Anchors><Anchor point="TOPLEFT" relativePoint="TOPLEFT" relativeTo="KarniCrap_CategoryScrollBar"/></Anchors>
			</Button>
			<Button name="CategoryItem2" inherits="KarniCrap_CategoryItemTemplate" id="2">
				<Anchors><Anchor point="TOPLEFT" relativeTo="CategoryItem1" relativePoint="BOTTOMLEFT"/></Anchors>
			</Button>
			<Button name="CategoryItem3" inherits="KarniCrap_CategoryItemTemplate" id="3">
				<Anchors><Anchor point="TOPLEFT" relativeTo="CategoryItem2" relativePoint="BOTTOMLEFT"/></Anchors>
			</Button>
 			<Button name="CategoryItem4" inherits="KarniCrap_CategoryItemTemplate" id="4">
				<Anchors><Anchor point="TOPLEFT" relativeTo="CategoryItem3" relativePoint="BOTTOMLEFT"/></Anchors>
			</Button>
			<Button name="CategoryItem5" inherits="KarniCrap_CategoryItemTemplate" id="5">
				<Anchors><Anchor point="TOPLEFT" relativeTo="CategoryItem4" relativePoint="BOTTOMLEFT"/></Anchors>
			</Button>
			<Button name="CategoryItem6" inherits="KarniCrap_CategoryItemTemplate" id="6">
				<Anchors><Anchor point="TOPLEFT" relativeTo="CategoryItem5" relativePoint="BOTTOMLEFT"/></Anchors>
			</Button>
 			<Button name="CategoryItem7" inherits="KarniCrap_CategoryItemTemplate" id="7">
				<Anchors><Anchor point="TOPLEFT" relativeTo="CategoryItem6" relativePoint="BOTTOMLEFT"/></Anchors>
			</Button>

      
      <MessageFrame name="$parent_OptionsFrame">
				<Size x="229" y="180" />
				<Anchors>
					<Anchor point="TOPLEFT" relativePoint="TOPRIGHT" relativeTo="$parent_CategoryFrame">
						<Offset x="10" y="0" />
					</Anchor>
				</Anchors>
				<Backdrop bgFile="Interface\Buttons\UI-SliderBar-Background" edgeFile="Interface\Buttons\UI-SliderBar-Border" tile="true">
					<BackgroundInsets left="3" right="3" top="6" bottom="6" />
					<TileSize val="8" />
					<EdgeSize val="8" />
				</Backdrop>
				<Layers>
          <Layer>
						<FontString name="$parent_Header" inherits="GameFontNormal" text="Placeholder text">
							<Anchors>
								<Anchor point="BOTTOM" relativePoint="TOP" />
							</Anchors>
						</FontString>	
          </Layer>
        </Layers>
			</MessageFrame>
   
      
		  
		  
		  
		  
		  <!--   CORPSES    -->
		  <!--   CORPSES    -->
		  <!--   CORPSES    -->
			<Frame name="$parent_Corpses">
				<Anchors>
					<Anchor point="TOPLEFT" relativePoint="TOPLEFT" relativeTo="KarniCrap_OptionsFrame" />
					<Anchor point="BOTTOMRIGHT" relativePoint="BOTTOMRIGHT" relativeTo="KarniCrap_OptionsFrame" />
				</Anchors>
        <Frames>
        
					<!-- skinning -->
		    	<CheckButton name="$parent_CBSkinnable" inherits="UICheckButtonTemplate">
						<Size x="24" y="24" />
						<Anchors>
							<Anchor point="TOPLEFT">
								<Offset x="6" y="-25" />
							</Anchor>
						</Anchors>
						<Layers>
			    		<Layer>
			    			<FontString name="$parent_Header2" inherits="GameFontNormalSmall" text="Always loot everything from...">
									<Anchors>	<Anchor point="BOTTOMLEFT" relativePoint="TOPLEFT"/> </Anchors>
								</FontString>

			    		 	<FontString name="$parent_Text1" inherits="GameFontNormalSmall" text="|cFFFFFFFFSkinnable|r corpses">
									<Anchors>
										<Anchor point="LEFT" relativePoint="RIGHT" />
									</Anchors>
								</FontString>
							</Layer>	
						</Layers>
						<Scripts>
							<OnClick>
								if (this:GetChecked()) then	KarniCrapConfig.Skinnable = true;
								else KarniCrapConfig.Skinnable = false; end
							</OnClick>
						</Scripts>
					</CheckButton>        
        
        	<!-- gathering -->
		    	<CheckButton name="$parent_CBGatherable" inherits="UICheckButtonTemplate">
						<Size x="24" y="24" />
						<Anchors>
							<Anchor point="TOPLEFT" relativePoint="BOTTOMLEFT" relativeTo="$parent_CBSkinnable" >
								<Offset x="0" y="5" />
							</Anchor>
						</Anchors>
						<Layers>
			    		<Layer level="ARTWORK">
			    		 	<FontString name="$parent_Text1" inherits="GameFontNormalSmall" text="|cFFFFFFFFGatherable|r corpses">
									<Anchors>
										<Anchor point="LEFT" relativePoint="RIGHT" />
									</Anchors>
								</FontString>
							</Layer>	
						</Layers>
						<Scripts>
							<OnClick>
								if (this:GetChecked()) then	KarniCrapConfig.Gatherable = true;
								else KarniCrapConfig.Gatherable = false; end
							</OnClick>
						</Scripts>
					</CheckButton>

		      <!-- mining -->
		    	<CheckButton name="$parent_CBMinable" inherits="UICheckButtonTemplate">
						<Size x="24" y="24" />
						<Anchors>
							<Anchor point="TOPLEFT" relativePoint="BOTTOMLEFT" relativeTo="$parent_CBGatherable">
								<Offset x="0" y="5" />
							</Anchor>
						</Anchors>
						<Layers>
			    		<Layer level="ARTWORK">
			    		 	<FontString name="$parent_Text1" inherits="GameFontNormalSmall" text="|cFFFFFFFFMinable|r corpses">
									<Anchors>
										<Anchor point="LEFT" relativePoint="RIGHT" />
									</Anchors>
								</FontString>
							</Layer>	
						</Layers>
						<Scripts>
							<OnClick>
								if (this:GetChecked()) then	KarniCrapConfig.Minable = true;
								else KarniCrapConfig.Minable = false; end
							</OnClick>
						</Scripts>
					</CheckButton>
        
		      <!-- engineering -->
		    	<CheckButton name="$parent_CBEngineerable" inherits="UICheckButtonTemplate">
						<Size x="24" y="24" />
						<Anchors>
							<Anchor point="TOPLEFT" relativePoint="BOTTOMLEFT" relativeTo="$parent_CBMinable">
								<Offset x="0" y="5" />
							</Anchor>
						</Anchors>
						<Layers>
			    		<Layer level="ARTWORK">
			    		 	<FontString name="$parent_Text1" inherits="GameFontNormalSmall" text="|cFFFFFFFFEngineerable|r corpses">
									<Anchors>
										<Anchor point="LEFT" relativePoint="RIGHT" />
									</Anchors>
								</FontString>
							</Layer>	
						</Layers>
						<Scripts>
							<OnClick>
								if (this:GetChecked()) then	KarniCrapConfig.Engineerable = true;
								else KarniCrapConfig.Engineerable = false; end
							</OnClick>
						</Scripts>
					</CheckButton>
        
        </Frames>
			</Frame>







			<Frame name="$parent_Tradeskills">
				<Size x="100" y="100" />
				<Anchors>
					<Anchor point="TOPLEFT" relativePoint="TOPLEFT" relativeTo="KarniCrap_OptionsFrame" />
				</Anchors>
        <Frames>

				<!-- cooking -->
	    	<CheckButton name="$parent_CBCooking" inherits="UICheckButtonTemplate">
					<Size x="24" y="24" />
					<Anchors>
						<Anchor point="TOPLEFT" relativePoint="TOPLEFT">
							<Offset x="6" y="-10" />
						</Anchor>
					</Anchors>
					<Layers>
		    		<Layer level="ARTWORK">
		    		 	<FontString name="$parent_Text1" inherits="GameFontNormalSmall" text="|cFFFFFFFFAlways|r loot cooking materials">
								<Anchors>
									<Anchor point="LEFT" relativePoint="RIGHT" />
								</Anchors>
							</FontString>
						</Layer>	
					</Layers>
					<Scripts>
						<OnClick>
							if (this:GetChecked()) then	KarniCrapConfig.Cooking = true
							else KarniCrapConfig.Cooking = false end
						</OnClick>
					</Scripts>
				</CheckButton>

				<!-- fishing -->
	    	<CheckButton name="$parent_CBFishing" inherits="UICheckButtonTemplate">
					<Size x="24" y="24" />
					<Anchors>
						<Anchor point="TOPLEFT" relativePoint="BOTTOMLEFT" relativeTo="$parent_CBCooking">
							<Offset x="0" y="5" />
						</Anchor>
					</Anchors>
					<Layers>
		    		<Layer level="ARTWORK">
		    		 	<FontString name="$parent_Text1" inherits="GameFontNormalSmall" text="|cFFFFFFFFAlways|r loot everything when fishing">
								<Anchors>
									<Anchor point="LEFT" relativePoint="RIGHT" />
								</Anchors>
							</FontString>
						</Layer>	
					</Layers>
					<Scripts>
						<OnClick>
							if (this:GetChecked()) then KarniCrapConfig.Fishing = true
							else KarniCrapConfig.Fishing = false end
						</OnClick>
					</Scripts>
				</CheckButton>    

				<Frame name="$parent_MessageFrame5">
					<Size x="200" y="20" />
					<Anchors>
						<Anchor point="TOPLEFT" relativePoint="BOTTOMLEFT" relativeTo="$parent_CBFishing">
							<Offset x="0" y="-15" />
						</Anchor>
					</Anchors>
					<Layers>
	          <Layer>
							<FontString name="$parent_Text1" inherits="GameFontNormalSmall"  justifyH="LEFT" text="|cFFFFFFFFNote:|r Karni's Crap Filter always autoloots" />
	          </Layer>
	        </Layers>
				</Frame>
				
	    	<CheckButton name="$parent_CBEnchanting" inherits="UICheckButtonTemplate">
					<Size x="24" y="24" />
					<Anchors>
						<Anchor point="TOPLEFT" relativePoint="BOTTOMLEFT" relativeTo="$parent_MessageFrame5">
							<Offset x="0" y="5" />
						</Anchor>
					</Anchors>
					<Layers>
		    		<Layer level="ARTWORK">
		    		 	<FontString name="$parent_Text1" inherits="GameFontNormalSmall" text="Enchanting">
								<Anchors>
									<Anchor point="LEFT" relativePoint="RIGHT" />
								</Anchors>
							</FontString>
						</Layer>	
					</Layers>
					<Scripts>
						<OnLoad> this:SetChecked(); this:Disable(); </OnLoad>
					</Scripts>
				</CheckButton>
				
	    	<CheckButton name="$parent_CBGathering" inherits="UICheckButtonTemplate">
					<Size x="24" y="24" />
					<Anchors>
						<Anchor point="TOPLEFT" relativePoint="BOTTOMLEFT" relativeTo="$parent_CBEnchanting">
							<Offset x="0" y="5" />
						</Anchor>
					</Anchors>
					<Layers>
		    		<Layer level="ARTWORK">
		    		 	<FontString name="$parent_Text1" inherits="GameFontNormalSmall" text="Gathering">
								<Anchors>
									<Anchor point="LEFT" relativePoint="RIGHT" />
								</Anchors>
							</FontString>
						</Layer>	
					</Layers>
					<Scripts>
						<OnLoad> this:SetChecked(); this:Disable(); </OnLoad>
					</Scripts>
				</CheckButton>
					
	    	<CheckButton name="$parent_CBMilling" inherits="UICheckButtonTemplate">
					<Size x="24" y="24" />
					<Anchors>
						<Anchor point="TOPLEFT" relativePoint="BOTTOMLEFT" relativeTo="$parent_CBGathering">
							<Offset x="0" y="5" />
						</Anchor>
					</Anchors>
					<Layers>
		    		<Layer level="ARTWORK">
		    		 	<FontString name="$parent_Text1" inherits="GameFontNormalSmall" text="Milling">
								<Anchors>
									<Anchor point="LEFT" relativePoint="RIGHT" />
								</Anchors>
							</FontString>
						</Layer>	
					</Layers>
					<Scripts>
						<OnLoad> self:SetChecked(); this:Disable(); </OnLoad>
					</Scripts>
				</CheckButton>
							
	    	<CheckButton name="$parent_CBMining" inherits="UICheckButtonTemplate">
					<Size x="24" y="24" />
					<Anchors>
						<Anchor point="TOPLEFT" relativePoint="BOTTOMLEFT" relativeTo="$parent_MessageFrame5">
							<Offset x="100" y="5" />
						</Anchor>
					</Anchors>
					<Layers>
		    		<Layer level="ARTWORK">
		    		 	<FontString name="$parent_Text1" inherits="GameFontNormalSmall" text="Mining">
								<Anchors>
									<Anchor point="LEFT" relativePoint="RIGHT" />
								</Anchors>
							</FontString>
						</Layer>	
					</Layers>
					<Scripts>
						<OnLoad> self:SetChecked(); this:Disable(); </OnLoad>
					</Scripts>
				</CheckButton>	
				
	    	<CheckButton name="$parent_CBProspecting" inherits="UICheckButtonTemplate">
					<Size x="24" y="24" />
					<Anchors>
						<Anchor point="TOPLEFT" relativePoint="BOTTOMLEFT" relativeTo="$parent_CBMining">
							<Offset x="0" y="5" />
						</Anchor>
					</Anchors>
					<Layers>
		    		<Layer level="ARTWORK">
		    		 	<FontString name="$parent_Text1" inherits="GameFontNormalSmall" text="Prospecting">
								<Anchors>
									<Anchor point="LEFT" relativePoint="RIGHT" />
								</Anchors>
							</FontString>
						</Layer>	
					</Layers>
					<Scripts>
						<OnLoad> self:SetChecked(); this:Disable(); </OnLoad>
					</Scripts>
				</CheckButton>
				
	    	<CheckButton name="$parent_CBSkinning" inherits="UICheckButtonTemplate">
					<Size x="24" y="24" />
					<Anchors>
						<Anchor point="TOPLEFT" relativePoint="BOTTOMLEFT" relativeTo="$parent_CBProspecting">
							<Offset x="0" y="5" />
						</Anchor>
					</Anchors>
					<Layers>
		    		<Layer level="ARTWORK">
		    		 	<FontString name="$parent_Text1" inherits="GameFontNormalSmall" text="Skinning">
								<Anchors>
									<Anchor point="LEFT" relativePoint="RIGHT" />
								</Anchors>
							</FontString>
						</Layer>	
					</Layers>
					<Scripts>
						<OnLoad> self:SetChecked(); self:Disable(); </OnLoad>
					</Scripts>
				</CheckButton>				
				
			</Frames>
		</Frame>





		  <!--   PICKPOCKET    -->
		  <!--   PICKPOCKET    -->
		  <!--   PICKPOCKET    -->
			<Frame name="$parent_Pickpocketing">
				<Size x="100" y="100" />
				<Anchors>
					<Anchor point="TOPLEFT" relativePoint="TOPLEFT" relativeTo="KarniCrap_OptionsFrame" />
				</Anchors>
        <Frames>

					<!-- Pickpocketing -->
		    	<CheckButton name="$parent_CBPickpocketing" inherits="UICheckButtonTemplate">
						<Size x="24" y="24" />
						<Anchors>
							<Anchor point="TOPLEFT" relativePoint="TOPLEFT">
								<Offset x="6" y="-10" />
							</Anchor>
						</Anchors>
						<Layers>
	      	    <Layer>
							 	<FontString name="$parent_Text1" inherits="GameFontNormalSmall" text="Loot everything when pickpocketing">
									<Anchors>
										<Anchor point="LEFT" relativePoint="RIGHT" />
									</Anchors>
								</FontString>
							</Layer>
						</Layers>
						<Scripts>
							<OnClick>
								if (this:GetChecked()) then KarniCrapConfig.Pickpocketing = true
								else KarniCrapConfig.Pickpocketing = false end
							</OnClick>
						</Scripts>
					</CheckButton> 
				</Frames>
			</Frame>



			<!--   CLOTH    -->
			<!--   CLOTH    -->
			<!--   CLOTH    -->
			<Frame name="$parent_Cloth">
				<Size x="100" y="100" />
				<Anchors>
					<Anchor point="TOPLEFT" relativePoint="TOPLEFT" relativeTo="KarniCrap_OptionsFrame" />
				</Anchors>
        <Frames>

					<!-- linen cloth -->
		    	<CheckButton name="$parent_CBLinen" inherits="UICheckButtonTemplate">
						<Size x="24" y="24" />
						<Anchors>
							<Anchor point="TOPLEFT">
							 	<Offset x="6" y="-10" />
							</Anchor>
						</Anchors>
						<Layers>
			    		<Layer>
								<FontString name="$parent_Text1" inherits="GameFontNormalSmall" text="Loot |cFFFFFFFF[Linen Cloth]">
									<Anchors>
										<Anchor point="LEFT" relativePoint="RIGHT"/>
									</Anchors>
								</FontString>
							</Layer>	
						</Layers>
						<Scripts>
							<OnClick>
								if (this:GetChecked()) then	KarniCrapConfig.Cloth_Linen = true;
								else KarniCrapConfig.Cloth_Linen = false;	end
							</OnClick>
						</Scripts>
					</CheckButton>


					<!-- wool cloth -->
		    	<CheckButton name="$parent_CBWool" inherits="UICheckButtonTemplate">
						<Size x="24" y="24" />
						<Anchors>
							<Anchor point="TOPLEFT" relativePoint="BOTTOMLEFT" relativeTo="$parent_CBLinen">
								<Offset x="0" y="5" />
							</Anchor>
						</Anchors>
						<Layers>
			    		<Layer>
								<FontString name="$parent_Text1" inherits="GameFontNormalSmall" text="Loot |cFFFFFFFF[Wool Cloth]">
									<Anchors>
										<Anchor point="LEFT" relativePoint="RIGHT"/>
									</Anchors>
								</FontString>
							</Layer>	
						</Layers>
						<Scripts>
							<OnClick>
								if (this:GetChecked()) then	KarniCrapConfig.Cloth_Wool = true;
								else KarniCrapConfig.Cloth_Wool = false; end
							</OnClick>
						</Scripts>
					</CheckButton>

					<!-- silk cloth -->
		    	<CheckButton name="$parent_CBSilk" inherits="UICheckButtonTemplate">
						<Size x="24" y="24" />
						<Anchors>
							<Anchor point="TOPLEFT" relativePoint="BOTTOMLEFT" relativeTo="$parent_CBWool">
								<Offset x="0" y="5" />
							</Anchor>
						</Anchors>
						<Layers>
			    		<Layer>
								<FontString name="$parent_Text1" inherits="GameFontNormalSmall" text="Loot |cFFFFFFFF[Silk Cloth">
									<Anchors>
										<Anchor point="LEFT" relativePoint="RIGHT"/>
									</Anchors>
								</FontString>
							</Layer>	
						</Layers>
						<Scripts>
							<OnClick>
								if (this:GetChecked()) then KarniCrapConfig.Cloth_Silk = true;
								else KarniCrapConfig.Cloth_Silk = false; end
							</OnClick>
						</Scripts>
					</CheckButton>
			
					<!-- mageweave cloth -->
		    	<CheckButton name="$parent_CBMageweave" inherits="UICheckButtonTemplate">
						<Size x="24" y="24" />
						<Anchors>
							<Anchor point="TOPLEFT" relativePoint="BOTTOMLEFT" relativeTo="$parent_CBSilk">
								<Offset x="0" y="5" />
							</Anchor>
						</Anchors>
						<Layers>
			    		<Layer>
								<FontString name="$parent_Text1" inherits="GameFontNormalSmall" text="Loot |cFFFFFFFF[Mageweave Cloth]">
									<Anchors>
										<Anchor point="LEFT" relativePoint="RIGHT"/>
									</Anchors>
								</FontString>
							</Layer>	
						</Layers>
						<Scripts>
							<OnClick>
								if (this:GetChecked()) then	KarniCrapConfig.Cloth_Mageweave = true;
								else KarniCrapConfig.Cloth_Mageweave = false; end
							</OnClick>
						</Scripts>
					</CheckButton>
					
					<!-- runecloth -->
		    	<CheckButton name="$parent_CBRunecloth" inherits="UICheckButtonTemplate">
						<Size x="24" y="24" />
						<Anchors>
							<Anchor point="TOPLEFT" relativePoint="BOTTOMLEFT" relativeTo="$parent_CBMageweave">
								<Offset x="0" y="5" />
							</Anchor>
						</Anchors>
						<Layers>
			    		<Layer>
								<FontString name="$parent_Text1" inherits="GameFontNormalSmall" text="Loot |cFFFFFFFF[Runecloth]">
									<Anchors>
										<Anchor point="LEFT" relativePoint="RIGHT"/>
									</Anchors>
								</FontString>
							</Layer>	
						</Layers>
						<Scripts>
							<OnClick>
								if (this:GetChecked()) then	KarniCrapConfig.Cloth_Runecloth = true;
								else KarniCrapConfig.Cloth_Runecloth = false;	end
							</OnClick>
						</Scripts>
					</CheckButton>
					
					<!-- netherweave cloth -->
		    	<CheckButton name="$parent_CBNetherweave" inherits="UICheckButtonTemplate">
						<Size x="24" y="24" />
						<Anchors>
							<Anchor point="TOPLEFT" relativePoint="BOTTOMLEFT" relativeTo="$parent_CBRunecloth">
								<Offset x="0" y="5" />
							</Anchor>
						</Anchors>
						<Layers>
			    		<Layer>
								<FontString name="$parent_Text1" inherits="GameFontNormalSmall" text="Loot |cFFFFFFFF[Netherweave Cloth]">
									<Anchors>
										<Anchor point="LEFT" relativePoint="RIGHT" />
									</Anchors>
								</FontString>
							</Layer>	
						</Layers>
						<Scripts>
							<OnClick>
								if (this:GetChecked()) then	KarniCrapConfig.Cloth_Netherweave = true;
								else KarniCrapConfig.Cloth_Netherweave = false;	end
							</OnClick>
						</Scripts>
					</CheckButton>
				      
				 	<!-- frostweave cloth -->
		    	<CheckButton name="$parent_CBFrostweave" inherits="UICheckButtonTemplate">
						<Size x="24" y="24" />
						<Anchors>
							<Anchor point="TOPLEFT" relativePoint="BOTTOMLEFT" relativeTo="$parent_CBNetherweave">
								<Offset x="0" y="5" />
							</Anchor>
						</Anchors>
						<Layers>
			    		<Layer>
								<FontString name="$parent_Text1" inherits="GameFontNormalSmall" text="Loot |cFFFFFFFF[Frostweave Cloth]">
									<Anchors>
										<Anchor point="LEFT" relativePoint="RIGHT" />
									</Anchors>
								</FontString>
							</Layer>	
						</Layers>
						<Scripts>
							<OnClick>
								if (this:GetChecked()) then	KarniCrapConfig.Cloth_Frostweave = true;
								else KarniCrapConfig.Cloth_Frostweave = false; end
							</OnClick>
						</Scripts>
					</CheckButton>

			</Frames>
		</Frame>
	
	
	
	
	
	
		<!--   SCROLL OPTIONS  -->
		<!--   SCROLL OPTIONS  -->
		<!--   SCROLL OPTIONS  -->
		<Frame name="$parent_Scrolls" >
			<Anchors>
				<Anchor point="TOPLEFT" relativePoint="TOPLEFT" relativeTo="KarniCrap_OptionsFrame" />
				<Anchor point="BOTTOMRIGHT" relativePoint="BOTTOMRIGHT" relativeTo="KarniCrap_OptionsFrame" />
			</Anchors>
			<Frames>

				<!-- Only max level scrolls -->
	    	<CheckButton name="$parent_CBMaxScrolls" inherits="UICheckButtonTemplate" >
					<Size x="24" y="24" />
					<Anchors>
						<Anchor point="TOPLEFT">
						 	<Offset x="6" y="-10" />
						</Anchor>
					</Anchors>
					<Layers>
		    		<Layer>
							<FontString name="$parent_Text1" inherits="GameFontNormalSmall" text="Only max level">
								<Anchors>
									<Anchor point="LEFT" relativePoint="RIGHT"/>
								</Anchors>
							</FontString>
						</Layer>	
					</Layers>
					<Scripts>
						<OnClick> KarniCrap_CBMaxScrolls(); </OnClick>
					</Scripts>
				</CheckButton>
		
				<!-- Scroll of Agility -->
	    	<CheckButton name="$parent_CBScrollAgility" inherits="UICheckButtonTemplate">
					<Size x="24" y="24" />
					<Anchors>
						<Anchor point="TOPLEFT" relativePoint="BOTTOMLEFT" relativeTo="$parent_CBMaxScrolls">
							<Offset x="0" y="5" />
						</Anchor>
					</Anchors>
					<Layers>
		    		<Layer>
							<FontString name="$parent_Text1" inherits="GameFontNormalSmall" text="Loot ">
								<Anchors><Anchor point="LEFT" relativePoint="RIGHT"/></Anchors>
							</FontString>
							<FontString name="$parent_Text2" inherits="GameFontHighlightSmall" text="temp">
								<Anchors><Anchor point="LEFT" relativePoint="RIGHT" relativeTo="$parent_Text1"/></Anchors>
							</FontString>
						</Layer>	
					</Layers>
					<Scripts>
						<OnClick>
							if (this:GetChecked()) then	KarniCrapConfig.Scroll_Agility = true;
							else KarniCrapConfig.Scroll_Agility = false; end
						</OnClick>
					</Scripts>
				</CheckButton>
		
				<!-- Scroll of Intellect -->
	    	<CheckButton name="$parent_CBScrollIntellect" inherits="UICheckButtonTemplate">
					<Size x="24" y="24" />
					<Anchors>
						<Anchor point="TOPLEFT" relativePoint="BOTTOMLEFT" relativeTo="$parent_CBScrollAgility">
							<Offset x="0" y="5" />
						</Anchor>
					</Anchors>
					<Layers>
		    		<Layer>
							<FontString name="$parent_Text1" inherits="GameFontNormalSmall" text="Loot ">
								<Anchors><Anchor point="LEFT" relativePoint="RIGHT"/></Anchors>
							</FontString>
							<FontString name="$parent_Text2" inherits="GameFontHighlightSmall" text="temp">
								<Anchors><Anchor point="LEFT" relativePoint="RIGHT" relativeTo="$parent_Text1"/></Anchors>
							</FontString>
						</Layer>	
					</Layers>
					<Scripts>
						<OnClick>
							if (this:GetChecked()) then	KarniCrapConfig.Scroll_Intellect = true;
							else KarniCrapConfig.Scroll_Intellect = false; end
						</OnClick>
					</Scripts>
				</CheckButton>
			
				<!-- Scroll of Protection -->
	    	<CheckButton name="$parent_CBScrollProtection" inherits="UICheckButtonTemplate">
					<Size x="24" y="24" />
					<Anchors>
						<Anchor point="TOPLEFT" relativePoint="BOTTOMLEFT" relativeTo="$parent_CBScrollIntellect">
							<Offset x="0" y="5" />
						</Anchor>
					</Anchors>
					<Layers>
		    		<Layer>
							<FontString name="$parent_Text1" inherits="GameFontNormalSmall" text="Loot ">
								<Anchors><Anchor point="LEFT" relativePoint="RIGHT"/></Anchors>
							</FontString>
							<FontString name="$parent_Text2" inherits="GameFontHighlightSmall" text="temp">
								<Anchors><Anchor point="LEFT" relativePoint="RIGHT" relativeTo="$parent_Text1"/></Anchors>
							</FontString>
						</Layer>	
					</Layers>
					<Scripts>
						<OnClick>
							if (this:GetChecked()) then	KarniCrapConfig.Scroll_Protection = true;
							else KarniCrapConfig.Scroll_Protection = false; end
						</OnClick>
					</Scripts>
				</CheckButton>
		
				<!-- Scroll of Spirit -->
	    	<CheckButton name="$parent_CBScrollSpirit" inherits="UICheckButtonTemplate">
					<Size x="24" y="24" />
					<Anchors>
						<Anchor point="TOPLEFT" relativePoint="BOTTOMLEFT" relativeTo="$parent_CBScrollProtection">
							<Offset x="0" y="5" />
						</Anchor>
					</Anchors>
					<Layers>
		    		<Layer>
							<FontString name="$parent_Text1" inherits="GameFontNormalSmall" text="Loot ">
								<Anchors><Anchor point="LEFT" relativePoint="RIGHT"/></Anchors>
							</FontString>
							<FontString name="$parent_Text2" inherits="GameFontHighlightSmall" text="temp">
								<Anchors><Anchor point="LEFT" relativePoint="RIGHT" relativeTo="$parent_Text1"/></Anchors>
							</FontString>
						</Layer>	
					</Layers>
					<Scripts>
						<OnClick>
							if (this:GetChecked()) then	KarniCrapConfig.Scroll_Spirit = true;
							else KarniCrapConfig.Scroll_Spirit = false; end
						</OnClick>
					</Scripts>
				</CheckButton>
		
				<!-- Scroll of Stamina -->
	    	<CheckButton name="$parent_CBScrollStamina" inherits="UICheckButtonTemplate">
					<Size x="24" y="24" />
					<Anchors>
						<Anchor point="TOPLEFT" relativePoint="BOTTOMLEFT" relativeTo="$parent_CBScrollSpirit">
							<Offset x="0" y="5" />
						</Anchor>
					</Anchors>
					<Layers>
		    		<Layer>
							<FontString name="$parent_Text1" inherits="GameFontNormalSmall" text="Loot ">
								<Anchors><Anchor point="LEFT" relativePoint="RIGHT"/></Anchors>
							</FontString>
							<FontString name="$parent_Text2" inherits="GameFontHighlightSmall" text="temp">
								<Anchors><Anchor point="LEFT" relativePoint="RIGHT" relativeTo="$parent_Text1"/></Anchors>
							</FontString>
						</Layer>	
					</Layers>
					<Scripts>
						<OnClick>
							if (this:GetChecked()) then	KarniCrapConfig.Scroll_Stamina = true;
							else KarniCrapConfig.Scroll_Stamina = false; end
						</OnClick>
					</Scripts>
				</CheckButton>
		
				<!-- Scroll of Strength -->
	    	<CheckButton name="$parent_CBScrollStrength" inherits="UICheckButtonTemplate">
					<Size x="24" y="24" />
					<Anchors>
						<Anchor point="TOPLEFT" relativePoint="BOTTOMLEFT" relativeTo="$parent_CBScrollStamina">
							<Offset x="0" y="5" />
						</Anchor>
					</Anchors>
					<Layers>
		    		<Layer>
							<FontString name="$parent_Text1" inherits="GameFontNormalSmall" text="Loot ">
								<Anchors><Anchor point="LEFT" relativePoint="RIGHT"/></Anchors>
							</FontString>
							<FontString name="$parent_Text2" inherits="GameFontHighlightSmall" text="temp">
								<Anchors><Anchor point="LEFT" relativePoint="RIGHT" relativeTo="$parent_Text1"/></Anchors>
							</FontString>
						</Layer>	
					</Layers>
					<Scripts>
						<OnClick>
							if (this:GetChecked()) then	KarniCrapConfig.Scroll_Strength = true;
							else KarniCrapConfig.Scroll_Strength = false; end
						</OnClick>
					</Scripts>
				</CheckButton>
				
			</Frames>
		</Frame>
	
	
	
	



			<!--   FOOD & WATER   -->
			<!--   FOOD & WATER   -->
			<!--   FOOD & WATER   -->
			<Frame name="$parent_Consumables">
			<Anchors>
				<Anchor point="TOPLEFT" relativePoint="TOPLEFT" relativeTo="KarniCrap_OptionsFrame" />
				<Anchor point="BOTTOMRIGHT" relativePoint="BOTTOMRIGHT" relativeTo="KarniCrap_OptionsFrame" />
			</Anchors>
			<Frames>

				<CheckButton name="$parent_RBFood1" inherits="UICheckButtonTemplate">
					<Size x="24" y="24" />
					<Anchors>
						<Anchor point="TOPLEFT">
						 	<Offset x="6" y="-25" />
						</Anchor>
					</Anchors>
					<Layers>
		    		<Layer>
		     			<FontString name="$parent_Header2" inherits="GameFontNormal" text="Food">
								<Anchors>	<Anchor point="BOTTOMLEFT" relativePoint="TOPLEFT"/> </Anchors>
							</FontString>
							<FontString name="$parent_Text1" inherits="GameFontHighlightSmall" text="Never">
								<Anchors>	<Anchor point="LEFT" relativePoint="RIGHT"/> </Anchors>
							</FontString>
							<FontString name="$parent_Text2" inherits="GameFontNormalSmall" text="loot Food">
								<Anchors>	<Anchor point="LEFT" relativePoint="RIGHT" relativeTo="$parent_Text1"/> </Anchors>
							</FontString>
						</Layer>	
					</Layers>
					<Scripts>
						<OnClick>	
							KarniCrap_Consumables_RBFood2:SetChecked(nil)
							KarniCrap_RBFood()	
						</OnClick>
					</Scripts>
				</CheckButton>

				<CheckButton name="$parent_RBFood2" inherits="UICheckButtonTemplate">
					<Size x="24" y="24" />
					<Anchors>
						<Anchor point="TOPLEFT" relativePoint="BOTTOMLEFT" relativeTo="$parent_RBFood1">
							<Offset x="0" y="5" />
						</Anchor>
					</Anchors>
					<Layers>
		    		<Layer>
							<FontString name="$parent_Text1" inherits="GameFontHighlightSmall" text="Always">
								<Anchors>	<Anchor point="LEFT" relativePoint="RIGHT"/> </Anchors>
							</FontString>
							<FontString name="$parent_Text2" inherits="GameFontNormalSmall" text="loot Food">
								<Anchors>	<Anchor point="LEFT" relativePoint="RIGHT" relativeTo="$parent_Text1"/> </Anchors>
							</FontString>
						</Layer>	
					</Layers>
					<Scripts>
						<OnClick>
							KarniCrap_Consumables_RBFood1:SetChecked(nil)
							KarniCrap_RBFood()
						</OnClick>
					</Scripts>
				</CheckButton>
	               
	    	<CheckButton name="$parent_CBFoodMax" inherits="UICheckButtonTemplate">
					<Size x="24" y="24" />
					<Anchors>
						<Anchor point="TOPLEFT" relativePoint="BOTTOMLEFT" relativeTo="$parent_RBFood2">
						 	<Offset x="16" y="5" />
						</Anchor>
					</Anchors>
					<Layers>
		    		<Layer>
							<FontString name="$parent_Text1" inherits="GameFontNormalSmall" text="Only max level">
								<Anchors>	<Anchor point="LEFT" relativePoint="RIGHT"/> </Anchors>
							</FontString>
						</Layer>	
					</Layers>
					<Scripts>
	          <OnClick>
	          	if (this:GetChecked()) then	KarniCrapConfig.FoodMax = true;
							else KarniCrapConfig.FoodMax = false end
	          </OnClick>
	  			</Scripts>	
				</CheckButton>

				<!-- water -->		
				<CheckButton name="$parent_RBWater1" inherits="UICheckButtonTemplate">
					<Size x="24" y="24" />
					<Anchors>
						<Anchor point="TOPLEFT" relativePoint="BOTTOMLEFT" relativeTo="$parent_RBFood2">
						 	<Offset x="0" y="-40" />
						</Anchor>
					</Anchors>
					<Layers>
		    		<Layer>
		    			<FontString name="$parent_Header2" inherits="GameFontNormal" text="Water">
								<Anchors>	<Anchor point="BOTTOMLEFT" relativePoint="TOPLEFT"/> </Anchors>
							</FontString>
							<FontString name="$parent_Text1" inherits="GameFontHighlightSmall" text="Never">
								<Anchors>	<Anchor point="LEFT" relativePoint="RIGHT"/> </Anchors>
							</FontString>
							<FontString name="$parent_Text2" inherits="GameFontNormalSmall" text="loot Water">
								<Anchors>	<Anchor point="LEFT" relativePoint="RIGHT" relativeTo="$parent_Text1"/> </Anchors>
							</FontString>
						</Layer>	
					</Layers>
					<Scripts>
						<OnClick>
							KarniCrap_Consumables_RBWater2:SetChecked(nil)
							KarniCrap_RBWater()
						</OnClick>
					</Scripts>
				</CheckButton>

				<CheckButton name="$parent_RBWater2" inherits="UICheckButtonTemplate">
					<Size x="24" y="24" />
					<Anchors>
						<Anchor point="TOPLEFT" relativePoint="BOTTOMLEFT" relativeTo="$parent_RBWater1">
							<Offset x="0" y="5" />
						</Anchor>
					</Anchors>
					<Layers>
		    		<Layer>
							<FontString name="$parent_Text1" inherits="GameFontHighlightSmall" text="Always">
								<Anchors>	<Anchor point="LEFT" relativePoint="RIGHT"/> </Anchors>
							</FontString>
							<FontString name="$parent_Text2" inherits="GameFontNormalSmall" text="loot Water">
								<Anchors>	<Anchor point="LEFT" relativePoint="RIGHT" relativeTo="$parent_Text1"/> </Anchors>
							</FontString>
						</Layer>	
					</Layers>
					<Scripts>
						<OnClick>
							KarniCrap_Consumables_RBWater1:SetChecked(nil)
							KarniCrap_RBWater()	
						</OnClick>
					</Scripts>
				</CheckButton>
	               
				<!-- max water  -->
	    	<CheckButton name="$parent_CBWaterMax" inherits="UICheckButtonTemplate">
					<Size x="24" y="24" />
					<Anchors>
						<Anchor point="TOPLEFT" relativePoint="BOTTOMLEFT" relativeTo="$parent_RBWater2">
						 	<Offset x="16" y="5" />
						</Anchor>
					</Anchors>
					<Layers>
		    		<Layer>
							<FontString name="$parent_Text1" inherits="GameFontNormalSmall" text="Only max level">
								<Anchors>	<Anchor point="LEFT" relativePoint="RIGHT"/> </Anchors>
							</FontString>
						</Layer>	
					</Layers>
					<Scripts>
	          <OnClick>
	          	if (this:GetChecked()) then	KarniCrapConfig.WaterMax = true;
							else KarniCrapConfig.WaterMax = false end
	          </OnClick>
	  			</Scripts>	
				</CheckButton>
			</Frames>
		</Frame>

		
	
	









	
	
	
	
	
	
	
	
	
			<!--   POTIONS   -->
			<!--   POTIONS   -->
			<!--   POTIONS   -->
			<Frame name="$parent_Potions">
				<Anchors>
					<Anchor point="TOPLEFT" relativePoint="TOPLEFT" relativeTo="KarniCrap_OptionsFrame" />
					<Anchor point="BOTTOMRIGHT" relativePoint="BOTTOMRIGHT" relativeTo="KarniCrap_OptionsFrame" />
				</Anchors>
				<Frames>

					<CheckButton name="$parent_RBHealth1" inherits="UICheckButtonTemplate">
						<Size x="24" y="24" />
						<Anchors>
							<Anchor point="TOPLEFT">
							 	<Offset x="6" y="-25" />
							</Anchor>
						</Anchors>
						<Layers>
			    		<Layer>
			    			<FontString name="$parent_Header2" inherits="GameFontNormal" text="Health Potions">
									<Anchors>	<Anchor point="BOTTOMLEFT" relativePoint="TOPLEFT"/> </Anchors>
								</FontString>
								<FontString name="$parent_Text1" inherits="GameFontHighlightSmall" text="Never">
									<Anchors>	<Anchor point="LEFT" relativePoint="RIGHT"/> </Anchors>
								</FontString>
								<FontString name="$parent_Text2" inherits="GameFontNormalSmall" text="loot Health Potions">
									<Anchors>	<Anchor point="LEFT" relativePoint="RIGHT" relativeTo="$parent_Text1"/> </Anchors>
								</FontString>
							</Layer>	
						</Layers>
						<Scripts>
							<OnClick>	
								KarniCrap_Potions_RBHealth2:SetChecked(nil)
								KarniCrap_RBHealth()	
							</OnClick>
						</Scripts>
					</CheckButton>

					<CheckButton name="$parent_RBHealth2" inherits="UICheckButtonTemplate">
						<Size x="24" y="24" />
						<Anchors>
							<Anchor point="TOPLEFT" relativePoint="BOTTOMLEFT" relativeTo="$parent_RBHealth1">
								<Offset x="0" y="5" />
							</Anchor>
						</Anchors>
						<Layers>
			    		<Layer>
								<FontString name="$parent_Text1" inherits="GameFontHighlightSmall" text="Always">
									<Anchors>	<Anchor point="LEFT" relativePoint="RIGHT"/> </Anchors>
								</FontString>
								<FontString name="$parent_Text2" inherits="GameFontNormalSmall" text="loot Health Potions">
									<Anchors>	<Anchor point="LEFT" relativePoint="RIGHT" relativeTo="$parent_Text1"/> </Anchors>
								</FontString>
							</Layer>	
						</Layers>
						<Scripts>
							<OnClick>
								KarniCrap_Potions_RBHealth1:SetChecked(nil)
								KarniCrap_RBHealth()
							</OnClick>
						</Scripts>
					</CheckButton>
		               
					<!-- max health potions -->
		    	<CheckButton name="$parent_CBHealthMax" inherits="UICheckButtonTemplate">
						<Size x="24" y="24" />
						<Anchors>
							<Anchor point="TOPLEFT" relativePoint="BOTTOMLEFT" relativeTo="$parent_RBHealth2">
							 	<Offset x="16" y="5" />
							</Anchor>
						</Anchors>
						<Layers>
			    		<Layer>
								<FontString name="$parent_Text1" inherits="GameFontNormalSmall" text="Only max level">
									<Anchors>	<Anchor point="LEFT" relativePoint="RIGHT"/> </Anchors>
								</FontString>
							</Layer>	
						</Layers>
						<Scripts>
		          <OnClick>
		          	if (this:GetChecked()) then	KarniCrapConfig.HealthMax = true;
								else KarniCrapConfig.HealthMax = false end
		          </OnClick>
		  			</Scripts>	
					</CheckButton>

	

			
			
					<CheckButton name="$parent_RBMana1" inherits="UICheckButtonTemplate">
						<Size x="24" y="24" />
						<Anchors>
							<Anchor point="TOPLEFT" relativePoint="BOTTOMLEFT" relativeTo="$parent_RBHealth2">
							 	<Offset x="0" y="-40" />
							</Anchor>
						</Anchors>
						<Layers>
			    		<Layer>
			     			<FontString name="$parent_Header2" inherits="GameFontNormal" text="Mana Potions">
									<Anchors>	<Anchor point="BOTTOMLEFT" relativePoint="TOPLEFT"/> </Anchors>
								</FontString>
								<FontString name="$parent_Text1" inherits="GameFontHighlightSmall" text="Never">
									<Anchors>	<Anchor point="LEFT" relativePoint="RIGHT"/> </Anchors>
								</FontString>
								<FontString name="$parent_Text2" inherits="GameFontNormalSmall" text="loot Mana Potions">
									<Anchors>	<Anchor point="LEFT" relativePoint="RIGHT" relativeTo="$parent_Text1"/> </Anchors>
								</FontString>
							</Layer>	
						</Layers>
						<Scripts>
							<OnClick>
								KarniCrap_Potions_RBMana2:SetChecked(nil)
								KarniCrap_RBMana()
							</OnClick>
						</Scripts>
					</CheckButton>

					<CheckButton name="$parent_RBMana2" inherits="UICheckButtonTemplate">
						<Size x="24" y="24" />
						<Anchors>
							<Anchor point="TOPLEFT" relativePoint="BOTTOMLEFT" relativeTo="$parent_RBMana1">
								<Offset x="0" y="5" />
							</Anchor>
						</Anchors>
						<Layers>
			    		<Layer>
								<FontString name="$parent_Text1" inherits="GameFontHighlightSmall" text="Always">
									<Anchors>	<Anchor point="LEFT" relativePoint="RIGHT"/> </Anchors>
								</FontString>
								<FontString name="$parent_Text2" inherits="GameFontNormalSmall" text="loot Mana Potions">
									<Anchors>	<Anchor point="LEFT" relativePoint="RIGHT" relativeTo="$parent_Text1"/> </Anchors>
								</FontString>
							</Layer>	
						</Layers>
						<Scripts>
							<OnClick>
								KarniCrap_Potions_RBMana1:SetChecked(nil)
								KarniCrap_RBMana()	
							</OnClick>
						</Scripts>
					</CheckButton>
		               
					<!-- max Mana potions -->
		    	<CheckButton name="$parent_CBManaMax" inherits="UICheckButtonTemplate">
						<Size x="24" y="24" />
						<Anchors>
							<Anchor point="TOPLEFT" relativePoint="BOTTOMLEFT" relativeTo="$parent_RBMana2">
							 	<Offset x="16" y="5" />
							</Anchor>
						</Anchors>
						<Layers>
			    		<Layer>
								<FontString name="$parent_Text1" inherits="GameFontNormalSmall" text="Only max level">
									<Anchors>	<Anchor point="LEFT" relativePoint="RIGHT"/> </Anchors>
								</FontString>
							</Layer>	
						</Layers>
						<Scripts>
		          <OnClick>
		          	if (this:GetChecked()) then	KarniCrapConfig.ManaMax = true;
								else KarniCrapConfig.ManaMax = false end
		          </OnClick>
		  			</Scripts>	
					</CheckButton>
			
			</Frames>
		</Frame>
			
	

	
	
	
	
	
	
	
	
	
	
	
	
	
	
	
	
			
			<Frame name="KarniCrap_Tab2" hidden="true">
				<Anchors>
					<Anchor point="TOPLEFT"/>
					<Anchor point="BOTTOMRIGHT"/>
				</Anchors>
			</Frame>  
			


			<!-- NEVER LOOT LIST  -->
			<!-- NEVER LOOT LIST  -->
			<!-- NEVER LOOT LIST  -->
			<MessageFrame name="$parent_MessageFrame3" parent="KarniCrap_Tab2">
				<Size x="178" y="295" />
				<Anchors>
					<Anchor point="TOPLEFT">
						<Offset x="24" y="-65" />
					</Anchor>
				</Anchors>
				<Backdrop bgFile="Interface\Buttons\UI-SliderBar-Background" edgeFile="Interface\Buttons\UI-SliderBar-Border" tile="true">
					<BackgroundInsets>
						<AbsInset left="3" right="3" top="6" bottom="6" />
					</BackgroundInsets>
					<TileSize>
						<AbsValue val="8" />
					</TileSize>
					<EdgeSize>
						<AbsValue val="8" />
					</EdgeSize>
				</Backdrop>
				 <Layers>
          <Layer>
						<FontString name="$parent_Label1Text" inherits="GameFontNormal" text="Never Loot List">
							<Anchors>
								<Anchor point="BOTTOM" relativePoint="TOP">
									<Offset x="0" y="15" />
								</Anchor>
							</Anchors>
						</FontString>	
          </Layer>
          <Layer>
						<FontString name="$parent_Label2Text" inherits="GameFontNormalSmall" text="/crap [itemlink] to add item">
							<Anchors>
								<Anchor point="TOP" relativePoint="BOTTOM" relativeTo="$parent_Label1Text">
									<Offset x="0" y="-3" />
								</Anchor>
							</Anchors>
						</FontString>	
          </Layer>
        </Layers>
			</MessageFrame>
			
			<!-- remove item button -->
			<Button name="$parent_RemoveItemButton" inherits="OptionsButtonTemplate" text="Remove Item" parent="KarniCrap_Tab2">
				<Size x="100" y="22" />
				<Anchors>
					<Anchor point="BOTTOM" relativePoint="BOTTOM" relativeTo="$parent_MessageFrame3">
						<Offset>
							<AbsDimension x="0" y="10" />
						</Offset>
					</Anchor>
				</Anchors>
				<Scripts>
					<OnClick>
						KarniCrap_RemoveFromBlacklist(blacklist_selected);
					</OnClick>
				</Scripts>
			</Button>
					
			<ScrollFrame name="KarniCrapScrollBar" inherits="FauxScrollFrameTemplate" parent="KarniCrap_Tab2">
				<Size x="143" y="240" />
				<Anchors>
					<Anchor point="TOPLEFT" relativePoint="TOPLEFT" relativeTo="$parent_MessageFrame3">
						<Offset>
							<AbsDimension x="8" y="-10" />
						</Offset>
					</Anchor>
				</Anchors> 
				<Scripts>
					<OnVerticalScroll>
						FauxScrollFrame_OnVerticalScroll(16, KarniCrapScrollBar_Update); 
						KarniCrap_SelectBlacklistItem(blacklist_selected);
					</OnVerticalScroll>
					<OnShow>
						KarniCrapScrollBar_Update()
					</OnShow>
				</Scripts>
			</ScrollFrame>
			
			<Button name="KarniCrapEntry1" inherits="KarniCrap_CrapScrollItemTemplate">
				<Anchors><Anchor point="TOPLEFT" relativePoint="TOPLEFT" relativeTo="KarniCrapScrollBar"/></Anchors>
			</Button>
			<Button name="KarniCrapEntry2" inherits="KarniCrap_CrapScrollItemTemplate">
				<Anchors><Anchor point="TOPLEFT" relativeTo="KarniCrapEntry1" relativePoint="BOTTOMLEFT"/></Anchors>
			</Button>
			<Button name="KarniCrapEntry3" inherits="KarniCrap_CrapScrollItemTemplate">
				<Anchors><Anchor point="TOPLEFT" relativeTo="KarniCrapEntry2" relativePoint="BOTTOMLEFT"/></Anchors>
			</Button>
			<Button name="KarniCrapEntry4" inherits="KarniCrap_CrapScrollItemTemplate">
				<Anchors><Anchor point="TOPLEFT" relativeTo="KarniCrapEntry3" relativePoint="BOTTOMLEFT"/></Anchors>
			</Button>
			<Button name="KarniCrapEntry5" inherits="KarniCrap_CrapScrollItemTemplate">
				<Anchors><Anchor point="TOPLEFT" relativeTo="KarniCrapEntry4" relativePoint="BOTTOMLEFT"/></Anchors>
			</Button>
			<Button name="KarniCrapEntry6" inherits="KarniCrap_CrapScrollItemTemplate">
				<Anchors><Anchor point="TOPLEFT" relativeTo="KarniCrapEntry5" relativePoint="BOTTOMLEFT"/></Anchors>
			</Button>
			<Button name="KarniCrapEntry7" inherits="KarniCrap_CrapScrollItemTemplate">
				<Anchors><Anchor point="TOPLEFT" relativeTo="KarniCrapEntry6" relativePoint="BOTTOMLEFT"/></Anchors>
			</Button>
			<Button name="KarniCrapEntry8" inherits="KarniCrap_CrapScrollItemTemplate">
				<Anchors><Anchor point="TOPLEFT" relativeTo="KarniCrapEntry7" relativePoint="BOTTOMLEFT"/></Anchors>
			</Button>
			<Button name="KarniCrapEntry9" inherits="KarniCrap_CrapScrollItemTemplate">
				<Anchors><Anchor point="TOPLEFT" relativeTo="KarniCrapEntry8" relativePoint="BOTTOMLEFT"/></Anchors>
			</Button>
			<Button name="KarniCrapEntry10" inherits="KarniCrap_CrapScrollItemTemplate">
				<Anchors><Anchor point="TOPLEFT" relativeTo="KarniCrapEntry9" relativePoint="BOTTOMLEFT"/></Anchors>
			</Button>
			<Button name="KarniCrapEntry11" inherits="KarniCrap_CrapScrollItemTemplate">
				<Anchors><Anchor point="TOPLEFT" relativeTo="KarniCrapEntry10" relativePoint="BOTTOMLEFT"/></Anchors>
			</Button>
			<Button name="KarniCrapEntry12" inherits="KarniCrap_CrapScrollItemTemplate">
				<Anchors><Anchor point="TOPLEFT" relativeTo="KarniCrapEntry11" relativePoint="BOTTOMLEFT"/></Anchors>
			</Button>
			<Button name="KarniCrapEntry13" inherits="KarniCrap_CrapScrollItemTemplate">
				<Anchors><Anchor point="TOPLEFT" relativeTo="KarniCrapEntry12" relativePoint="BOTTOMLEFT"/></Anchors>
			</Button>
			<Button name="KarniCrapEntry14" inherits="KarniCrap_CrapScrollItemTemplate">
				<Anchors><Anchor point="TOPLEFT" relativeTo="KarniCrapEntry13" relativePoint="BOTTOMLEFT"/></Anchors>
			</Button>
			<Button name="KarniCrapEntry15" inherits="KarniCrap_CrapScrollItemTemplate">
				<Anchors><Anchor point="TOPLEFT" relativeTo="KarniCrapEntry14" relativePoint="BOTTOMLEFT"/></Anchors>
			</Button>






			<!-- ALWAYS LOOT LIST -->
			<!-- ALWAYS LOOT LIST -->
			<!-- ALWAYS LOOT LIST -->
			<MessageFrame name="$parent_MessageFrame5" parent="KarniCrap_Tab2">
				<Size x="178" y="295" />
				<Anchors>
					<Anchor point="TOPLEFT" relativePoint="TOPRIGHT" relativeTo="$parent_MessageFrame3">
						<Offset>
							<AbsDimension x="8" y="0" />
						</Offset>
					</Anchor>
				</Anchors>
				<Backdrop bgFile="Interface\Buttons\UI-SliderBar-Background" edgeFile="Interface\Buttons\UI-SliderBar-Border" tile="true">
					<BackgroundInsets>
						<AbsInset left="3" right="3" top="6" bottom="6" />
					</BackgroundInsets>
					<TileSize>
						<AbsValue val="8" />
					</TileSize>
					<EdgeSize>
						<AbsValue val="8" />
					</EdgeSize>
				</Backdrop>
				 <Layers>
          <Layer>
						<FontString name="$parent_Label1Text" inherits="GameFontNormal" text="Always Loot List">
							<Anchors>
								<Anchor point="BOTTOM" relativePoint="TOP">
									<Offset x="0" y="15" />
								</Anchor>
							</Anchors>
						</FontString>	
          </Layer>
          <Layer>
						<FontString name="$parent_Label2Text" inherits="GameFontNormalSmall" text="/notcrap [itemlink] to add item">
							<Anchors>
								<Anchor point="TOP" relativePoint="BOTTOM" relativeTo="$parent_Label1Text">
									<Offset x="0" y="-3" />
								</Anchor>
							</Anchors>
						</FontString>	
          </Layer>
        </Layers>
			</MessageFrame>
			
			<!-- remove item button -->
			<Button name="$parent_NotCrapRemoveItemButton" inherits="OptionsButtonTemplate" text="Remove Item" parent="KarniCrap_Tab2">
				<Size x="100" y="22" />
				<Anchors>
					<Anchor point="BOTTOM" relativePoint="BOTTOM" relativeTo="$parent_MessageFrame5">
						<Offset>
							<AbsDimension x="0" y="10" />
						</Offset>
					</Anchor>
				</Anchors>
				<Scripts>
					<OnClick>
						KarniCrap_RemoveFromWhitelist(whitelist_selected);
					</OnClick>
				</Scripts>
			</Button>
					
			<ScrollFrame name="KarniNotCrapScrollBar" inherits="FauxScrollFrameTemplate" parent="KarniCrap_Tab2">
				<Size x="143" y="240" />
				<Anchors>
					<Anchor point="TOPLEFT" relativePoint="TOPLEFT" relativeTo="$parent_MessageFrame5">
						<Offset>
							<AbsDimension x="8" y="-10" />
						</Offset>
					</Anchor>
				</Anchors> 
				<Scripts>
					<OnVerticalScroll>
						FauxScrollFrame_OnVerticalScroll(16, KarniNotCrapScrollBar_Update); 
						KarniCrap_SelectWhitelistItem(whitelist_selected);
					</OnVerticalScroll>
					<OnShow>
						KarniNotCrapScrollBar_Update()
					</OnShow>
				</Scripts>
			</ScrollFrame>
			
			<Button name="KarniNotCrapEntry1" inherits="KarniCrap_NotCrapScrollItemTemplate">
				<Anchors><Anchor point="TOPLEFT" relativePoint="TOPLEFT" relativeTo="KarniNotCrapScrollBar"/></Anchors>
			</Button>
			<Button name="KarniNotCrapEntry2" inherits="KarniCrap_NotCrapScrollItemTemplate">
				<Anchors><Anchor point="TOPLEFT" relativeTo="KarniNotCrapEntry1" relativePoint="BOTTOMLEFT"/></Anchors>
			</Button>
			<Button name="KarniNotCrapEntry3" inherits="KarniCrap_NotCrapScrollItemTemplate">
				<Anchors><Anchor point="TOPLEFT" relativeTo="KarniNotCrapEntry2" relativePoint="BOTTOMLEFT"/></Anchors>
			</Button>
			<Button name="KarniNotCrapEntry4" inherits="KarniCrap_NotCrapScrollItemTemplate">
				<Anchors><Anchor point="TOPLEFT" relativeTo="KarniNotCrapEntry3" relativePoint="BOTTOMLEFT"/></Anchors>
			</Button>
			<Button name="KarniNotCrapEntry5" inherits="KarniCrap_NotCrapScrollItemTemplate">
				<Anchors><Anchor point="TOPLEFT" relativeTo="KarniNotCrapEntry4" relativePoint="BOTTOMLEFT"/></Anchors>
			</Button>
			<Button name="KarniNotCrapEntry6" inherits="KarniCrap_NotCrapScrollItemTemplate">
				<Anchors><Anchor point="TOPLEFT" relativeTo="KarniNotCrapEntry5" relativePoint="BOTTOMLEFT"/></Anchors>
			</Button>
			<Button name="KarniNotCrapEntry7" inherits="KarniCrap_NotCrapScrollItemTemplate">
				<Anchors><Anchor point="TOPLEFT" relativeTo="KarniNotCrapEntry6" relativePoint="BOTTOMLEFT"/></Anchors>
			</Button>
			<Button name="KarniNotCrapEntry8" inherits="KarniCrap_NotCrapScrollItemTemplate">
				<Anchors><Anchor point="TOPLEFT" relativeTo="KarniNotCrapEntry7" relativePoint="BOTTOMLEFT"/></Anchors>
			</Button>
			<Button name="KarniNotCrapEntry9" inherits="KarniCrap_NotCrapScrollItemTemplate">
				<Anchors><Anchor point="TOPLEFT" relativeTo="KarniNotCrapEntry8" relativePoint="BOTTOMLEFT"/></Anchors>
			</Button>
			<Button name="KarniNotCrapEntry10" inherits="KarniCrap_NotCrapScrollItemTemplate">
				<Anchors><Anchor point="TOPLEFT" relativeTo="KarniNotCrapEntry9" relativePoint="BOTTOMLEFT"/></Anchors>
			</Button>
			<Button name="KarniNotCrapEntry11" inherits="KarniCrap_NotCrapScrollItemTemplate">
				<Anchors><Anchor point="TOPLEFT" relativeTo="KarniNotCrapEntry10" relativePoint="BOTTOMLEFT"/></Anchors>
			</Button>
			<Button name="KarniNotCrapEntry12" inherits="KarniCrap_NotCrapScrollItemTemplate">
				<Anchors><Anchor point="TOPLEFT" relativeTo="KarniNotCrapEntry11" relativePoint="BOTTOMLEFT"/></Anchors>
			</Button>
			<Button name="KarniNotCrapEntry13" inherits="KarniCrap_NotCrapScrollItemTemplate">
				<Anchors><Anchor point="TOPLEFT" relativeTo="KarniNotCrapEntry12" relativePoint="BOTTOMLEFT"/></Anchors>
			</Button>
			<Button name="KarniNotCrapEntry14" inherits="KarniCrap_NotCrapScrollItemTemplate">
				<Anchors><Anchor point="TOPLEFT" relativeTo="KarniNotCrapEntry13" relativePoint="BOTTOMLEFT"/></Anchors>
			</Button>
			<Button name="KarniNotCrapEntry15" inherits="KarniCrap_NotCrapScrollItemTemplate">
				<Anchors><Anchor point="TOPLEFT" relativeTo="KarniNotCrapEntry14" relativePoint="BOTTOMLEFT"/></Anchors>
			</Button>




			
			
			
			
			<!-- close button -->
			<Button name="$parent_CloseButton" inherits="OptionsButtonTemplate" text="CLOSE" hidden="false" parent="KarniCrap">
			<Size x="80" y="22" />
				<Anchors>
					<Anchor point="BOTTOM" relativePoint="BOTTOM">
						<Offset>
							<AbsDimension x="0" y="25" />
						</Offset>
					</Anchor>
				</Anchors>
				<Scripts>
					<OnClick>
						KarniCrap_Tab2_RemoveItemButton:Disable();
						KarniCrap_Tab2_NotCrapRemoveItemButton:Disable();
						KarniCrap_InitializeBlacklist()
						KarniCrap_InitializeWhitelist()
						HideUIPanel(KarniCrap);
					</OnClick>
				</Scripts>
			</Button>
			
			
			
			
			
			
			
			
			
			<Button name="$parentTab1" inherits="CharacterFrameTabButtonTemplate" id="1" text="General Options">
				<Anchors>
					<Anchor point="CENTER" relativePoint="BOTTOMLEFT">
						<Offset>
							<AbsDimension x="80" y="-10"/>
						</Offset>
					</Anchor>
				</Anchors>
				<Scripts>
					<OnClick>

						KarniCrap_ShowTab1();
					</OnClick>
				</Scripts>
			</Button>
			
			<Button name="$parentTab2" inherits="CharacterFrameTabButtonTemplate" id="2" text="Blacklist/Whitelist">
				<Anchors>
					<Anchor point="LEFT" relativeTo="$parentTab1" relativePoint="RIGHT">
						<Offset>
							<AbsDimension x="-16" y="0"/>
						</Offset>
					</Anchor>
				</Anchors>
				<Scripts>
					<OnClick>
						KarniCrap_ShowTab2();
					</OnClick>
				</Scripts>
			</Button>
		</Frames>
		
		<Scripts>
			<OnLoad>
				this.elapsed = 0;
				PanelTemplates_SetNumTabs(KarniCrap, 2);
				PanelTemplates_SetTab(KarniCrap, 1);
			</OnLoad>
			<OnShow>
				PlaySound("UChatScrollButton");
				PanelTemplates_SetTab(KarniCrap, 1);
				KarniCrap_ShowTab1();
			</OnShow>
			<OnHide>
				PlaySound("UChatScrollButton");
			</OnHide>
			<OnMouseDown>
				self:StartMoving();
			</OnMouseDown>
			<OnMouseUp>
				self:StopMovingOrSizing();
			</OnMouseUp>
		</Scripts>

	</Frame>
	
	
  <!-- Frame for quest timer -->
  <!-- Stolen from Looter (http://www.wowinterface.com/downloads/info9284-Looter.html#info) -->
	<Frame name="KarniCrap_TimerFrame" hidden="true">
		<Scripts>     
			<OnLoad>
				self.TimeSinceLastUpdate = 0;
			</OnLoad>
			<OnUpdate>
				KarniCrap_Timer(self,elapsed);
			</OnUpdate>
		</Scripts>
	</Frame> 
	
	
</Ui>