﻿<Ui xmlns="http://www.blizzard.com/wow/ui/"
	xmlns:xsi="http://www.w3.org/2001/XMLSchema-instance"
	xsi:schemaLocation="http://www.blizzard.com/wow/ui/..\FrameXML\UI.xsd">
	
	<Script file="AceLibrary\AceLibrary.lua"/>
	<Script file="AceOO-2.0\AceOO-2.0.lua"/>
	<Script file="AceAddon-2.0\AceAddon-2.0.lua"/>
	<Script file="AceComm-2.0\AceComm-2.0.lua"/>
	<Script file="AceConsole-2.0\AceConsole-2.0.lua"/>
	<Script file="AceDB-2.0\AceDB-2.0.lua"/>
	<Script file="AceEvent-2.0\AceEvent-2.0.lua"/>
	<Script file="AceHook-2.1\AceHook-2.1.lua"/>
	<Script file="AceLocale-2.2\AceLocale-2.2.lua"/>
	<Script file="AceModuleCore-2.0\AceModuleCore-2.0.lua"/>
	
	<Script file="Deformat-2.0\Deformat-2.0.lua"/>				<!-- Required by Quixote-1.0 -->
	<Script file="Dewdrop-2.0\Dewdrop-2.0.lua"/>
	<Script file="FuBarPlugin-2.0\FuBarPlugin-2.0.lua"/>
	<Script file="LibAbacus-3.0\LibAbacus-3.0.lua"/>
	<Script file="LibBabble-Zone-3.0\LibBabble-Zone-3.0.lua"/>		<!-- Required by LibTourist-3.0 -->
	<Script file="LibCrayon-3.0\LibCrayon-3.0.lua"/>
	<Script file="LibSink-2.0\LibSink-2.0.lua"/>
	<Script file="LibTourist-3.0\LibTourist-3.0.lua"/>
	<Script file="Quixote-1.0\Quixote-1.0.lua"/>
	<Script file="Tablet-2.0\Tablet-2.0.lua"/>
	<Script file="Waterfall-1.0\Waterfall-1.0.lua"/>
	
</Ui>
