﻿<Ui xmlns="http://www.blizzard.com/wow/ui/"
	xmlns:xsi="http://www.w3.org/2001/XMLSchema-instance"
	xsi:schemaLocation="http://www.blizzard.com/wow/ui/FrameXML/UI.xsd">
	
	<Button name="QuestInfoTemplate" hidden="true" virtual="true">
		<Size><AbsDimension x="256" y="10"/></Size>
		<Backdrop bgFile="Interface/Tooltips/UI-Tooltip-Background"></Backdrop>
		<Layers>
			<Layer level="ARTWORK">
				<FontString name="$parentText" inherits="GameFontNormal" justifyH="LEFT"/>
				<FontString name="$parentToggle" inherits="GameFontNormal" justifyH="CENTER">
					<Anchors>
						<Anchor point="TOPLEFT">
							<Offset><AbsDimension y="1"/></Offset>
						</Anchor>
					</Anchors>
				</FontString>
			</Layer>
		</Layers>
		<Scripts>
			<OnEnter>
				nQuestLog:Fade("true")
				if ( not nQuestLog.db.profile.minionLocked ) then
					nQuestLog:ShowUnlockedToolTip()
				elseif ( this.iQuestId == nil ) then
					nQuestLog:ShowZoneToolTip(this.strZone)
				else
					nQuestLog:ShowQuestToolTip(this.iQuestId)
				end
			</OnEnter>
			<OnLeave>
				nQuestLog:Fade()
				GameTooltip:Hide()
			</OnLeave>
			<OnMouseUp>
				if ( nQuestLogFrame.isMoving ) then
					nQuestLogFrame:StopMovingOrSizing()
					nQuestLogFrame.isMoving = false
					nQuestLog:SavePosition()
					nQuestLog:SetPosition()
					nQuestLogFrame:SetClampedToScreen(false)
				end
			</OnMouseUp>
			<OnHide>
				if ( nQuestLogFrame.isMoving ) then
					nQuestLogFrame:StopMovingOrSizing()
					nQuestLogFrame.isMoving = false
				end
			</OnHide>
			<OnMouseDown>
				if ( arg1 == "LeftButton" ) and ( not nQuestLog.db.profile.minionLocked ) then
					nQuestLogFrame:StartMoving()
					nQuestLogFrame.isMoving = true
					nQuestLogFrame:SetClampedToScreen(true)
					nQuestLogFrame:SetClampRectInsets(2, -2, -2, 2)
				else
					nQuestLog:OnQuestLogClick(arg1, self.iQuestId, self.strZone)
				end
			</OnMouseDown>
		</Scripts>
	</Button>
	
	<Frame name="nQuestLogFrame" parent="UIParent" movable="true" hidden="true" frameStrata="LOW" toplevel="true">
		<Size><AbsDimension x="100" y="100"/></Size>
		<Layers></Layers>
		<Scripts>
			<OnEnter>
				nQuestLog:Fade("true")
			</OnEnter>
			<OnLeave>
				nQuestLog:Fade()
			</OnLeave>
			<OnMouseUp>
				if ( this.isMoving ) then
					this:StopMovingOrSizing()
					this.isMoving = false
					nQuestLog:SavePosition()
					nQuestLog:SetPosition()
					nQuestLogFrame:SetClampedToScreen(false)
				end
			</OnMouseUp>
			<OnMouseDown>
				if ( arg1 == "LeftButton" ) and ( not nQuestLog.db.profile.minionLocked ) then
					this:StartMoving()
					this.isMoving = true
					nQuestLogFrame:SetClampedToScreen(true)
					nQuestLogFrame:SetClampRectInsets(2, -2, -2, 2)
				end
			</OnMouseDown>
			<OnHide>
				if ( this.isMoving ) then
					this:StopMovingOrSizing()
					this.isMoving = false
				end
			</OnHide>
		</Scripts>
		<Frames>
			<Frame name="$parentHeader">
				<Anchors>
					<Anchor point="TOPLEFT"/>
					<Anchor point="TOPRIGHT"/>
				</Anchors>
				<Layers>
					<Layer level="ARTWORK">
						<FontString name="$parentText" inherits="GameFontNormal" justifyH="LEFT"/>
					</Layer>
				</Layers>
			</Frame>
			<Frame name="$parentQuestInfo">
				<Anchors>
					<Anchor point="TOPLEFT" relativePoint="BOTTOMLEFT" relativeTo="$parentHeader"/>
					<Anchor point="BOTTOMRIGHT"/>
				</Anchors>
			</Frame>
		</Frames>
	</Frame>
</Ui>
