﻿<Ui xmlns="http://www.blizzard.com/wow/ui/"
	xmlns:xsi="http://www.w3.org/2001/XMLSchema-instance"
	xsi:schemaLocation="http://www.blizzard.com/wow/ui/..\FrameXML\UI.xsd">
	
	<Include file="BlizzardFrames\BlizzardFrames.xml"/>
	<Include file="Coloring\Coloring.xml"/>
	<Include file="Comments\Comments.xml"/>
	<Include file="DetailsFrame\DetailsFrame.xml"/>
	<Include file="Highlight\Highlight.xml"/>
	<Include file="Notifications\Notifications.xml"/>
	<Include file="QuestGivers\QuestGivers.xml"/>
	<Include file="SmartVisibility\SmartVisibility.xml"/>
	<Include file="Tooltips\Tooltips.xml"/>
	
</Ui>