<Ui xmlns="http://www.blizzard.com/wow/ui/" xmlns:xsi="http://www.w3.org/2001/XMLSchema-instance" xsi:schemaLocation="http://www.blizzard.com/wow/ui/
..\..\FrameXML\UI.xsd">

	<FontString name="ES_VerySmallFont" inherits="MasterFont" font="Fonts\ARIALN.TTF" virtual="true">
		<FontHeight>
			<AbsValue val="11"/>
		</FontHeight>
	</FontString>

	<Button name = "ES_Enchant_EnchantListTemplate" virtual="true">
		<Size>
			<AbsDimension x="370" y="16" />
		</Size>
		<Layers>
			<Layer level="BORDER">
				<FontString name="$parent_MakeCount" inherits="ES_VerySmallFont" wraponspaces="false" justifyH="LEFT">
					<Size>
						<AbsDimension x="20" y="16"/>
					</Size>
					<Anchors>
						<Anchor point="TOPLEFT"/>
					</Anchors>
					<Color r="0.85" g="0.85" b="0.85"/>
				</FontString>
				<FontString name="$parent_OnThis" inherits="GameFontNormalSmall" justifyH="LEFT">
					<Size>
						<AbsDimension x="53" y="16"/>
					</Size>
					<Anchors>
						<Anchor point="TOPLEFT" relativeTo="$parent_MakeCount" relativePoint="TOPRIGHT"/>
					</Anchors>
					<Color r="0.85" g="0.85" b="0.85"/>
				</FontString>
				<FontString name="$parent_Quality" inherits="GameFontNormalSmall" justifyH="LEFT">
					<Size>
						<AbsDimension x="150" y="16"/>
					</Size>
					<Anchors>
						<Anchor point="TOPLEFT" relativeTo="$parent_OnThis" relativePoint="TOPRIGHT"/>
					</Anchors>
				</FontString>
				<FontString name="$parent_Bonus" inherits="GameFontHighlightSmall" justifyH="LEFT">
					<Size>
						<AbsDimension x="80" y="16"/>
					</Size>
					<Anchors>
						<Anchor point="TOPLEFT" relativeTo="$parent_Quality" relativePoint="TOPRIGHT"/>
					</Anchors>
					<Color r="0.85" g="0.85" b="0.85"/>
				</FontString>
				<FontString name="$parent_BasePrice" inherits="ES_VerySmallFont" justifyH="RIGHT">
					<Size>
						<AbsDimension x="80" y="16"/>
					</Size>
					<Anchors>
						<Anchor point="RIGHT" relativeTo="$parent" relativePoint="RIGHT"/>
					</Anchors>
				</FontString>
			</Layer>
		</Layers>
	</Button>


	<EditBox name="ES_EditBox_template" autoFocus="false" virtual="true">
		<Layers>
			<Layer level="BACKGROUND">
				<Texture name="$parentLeft" file="Interface\Common\Common-Input-Border">
					<Size>
						<AbsDimension x="8" y="20"/>
					</Size>
					<Anchors>
						<Anchor point="TOPLEFT">
							<Offset x="-5" y="0"/>
						</Anchor>
					</Anchors>
					<TexCoords left="0" right="0.0625" top="0" bottom="0.625"/>
				</Texture>
				<Texture name="$parentRight" file="Interface\Common\Common-Input-Border">
					<Size>
						<AbsDimension x="8" y="20"/>
					</Size>
					<Anchors>
						<Anchor point="RIGHT">
							<Offset x="0" y="0"/>
						</Anchor>
					</Anchors>
					<TexCoords left="0.9375" right="1.0" top="0" bottom="0.625"/>
				</Texture>
				<Texture name="$parentMiddle" file="Interface\Common\Common-Input-Border">
					<Size>
						<AbsDimension x="0" y="20"/>
					</Size>
					<Anchors>
						<Anchor point="LEFT" relativeTo="$parentLeft" relativePoint="RIGHT"/>
						<Anchor point="RIGHT" relativeTo="$parentRight" relativePoint="LEFT"/>
					</Anchors>
					<TexCoords left="0.0625" right="0.9375" top="0" bottom="0.625"/>
				</Texture>
			</Layer>
		</Layers>
<!--
		<Scripts>
			<OnShow>
				this:SetText(SEARCH);
			</OnShow>
			<OnEnterPressed>
				this:ClearFocus();
			</OnEnterPressed>
			<OnEscapePressed>
				this:ClearFocus();
			</OnEscapePressed>
			<OnTextChanged>
				CraftFilter_OnTextChanged();
			</OnTextChanged>
			<OnEditFocusLost>
				this:HighlightText(0, 0);
				if ( this:GetText() == "" ) then
					this:SetText(SEARCH);
				end
			</OnEditFocusLost>
			<OnEditFocusGained>
				this:HighlightText();
				if ( this:GetText() == SEARCH ) then
					this:SetText("");
				end
			</OnEditFocusGained>
		</Scripts>
-->
		<FontString inherits="ChatFontSmall"/>
	</EditBox>

	<Button name = "ES_Enchant_ReagentsListTemplate" virtual="true">
		<Size>
			<AbsDimension x="380" y="12" />
		</Size>
		<Layers>
			<Layer level="BORDER">
				<Texture name="$parent_Icone">
					<Size>
						<AbsDimension x="12" y="12"/>
					</Size>
					<Anchors>
						<Anchor point="TOPLEFT"/>
					</Anchors>
					<NormalTexture file=""/>
				</Texture>
				<FontString name="$parent_Name" inherits="GameFontNormalSmall" justifyH="LEFT">
					<Size>
						<AbsDimension x="120" y="12"/>
					</Size>
					<Anchors>
						<Anchor point="TOPLEFT" relativeTo="$parent_Icone" relativePoint="TOPRIGHT"/>
					</Anchors>
					<Color r="0.85" g="0.85" b="0.85"/>
				</FontString>
				<FontString name="$parent_Nb" inherits="GameFontNormalSmall" justifyH="CENTER">
					<Size>
						<AbsDimension x="40" y="12"/>
					</Size>
					<Anchors>
						<Anchor point="TOPLEFT" relativeTo="$parent_Name" relativePoint="TOPRIGHT"/>
					</Anchors>
					<Color r="0.85" g="0.85" b="0.85"/>
				</FontString>
				<FontString name="$parent_NbOther" inherits="GameFontNormalSmall" justifyH="CENTER">
					<Size>
						<AbsDimension x="40" y="12"/>
					</Size>
					<Anchors>
						<Anchor point="TOPLEFT" relativeTo="$parent_Nb" relativePoint="TOPRIGHT"/>
					</Anchors>
					<Color r="0.85" g="0.85" b="0.85"/>
				</FontString>
				<FontString name="$parent_PricePer" inherits="ES_VerySmallFont" justifyH="RIGHT">
					<Size>
						<AbsDimension x="80" y="16"/>
					</Size>
					<Anchors>
						<Anchor point="TOPLEFT" relativeTo="$parent_NbOther" relativePoint="TOPRIGHT"/>
					</Anchors>
				</FontString>
				<FontString name="$parent_PriceTotal" inherits="ES_VerySmallFont" justifyH="RIGHT">
					<Size>
						<AbsDimension x="80" y="16"/>
					</Size>
					<Anchors>
						<Anchor point="TOPLEFT" relativeTo="$parent_PricePer" relativePoint="TOPRIGHT"/>
					</Anchors>
				</FontString>
			</Layer>
		</Layers>
	</Button>

<!--
	<Button name = "ES_Enchant_HeaderTemplate" virtual="true">
		<HighlightTexture file="Interface\QuestFrame\UI-QuestTitleHighlight" alphaMode="ADD"/>
		<Scripts>
			<OnClick>
				SortEnchante(string.sub(this:GetName(), 31));
			</OnClick>
			<OnEnter>
				GameTooltip:SetOwner(this, "ANCHOR_RIGHT");
				GameTooltip:SetText(ENCHANTINGSELL_ENCHANTE_TOOLTIP_HEADER);
			</OnEnter>
			<OnLeave>
				GameTooltip:Hide();
			</OnLeave>
		</Scripts>
	</Button>
-->


</Ui>
