<Ui xmlns="http://www.blizzard.com/wow/ui/" xmlns:xsi="http://www.w3.org/2001/XMLSchema-instance" xsi:schemaLocation="http://www.blizzard.com/wow/ui/
..\FrameXML\UI.xsd">
	<Script file="localization.lua"/>
	<Script file="localization.cn.lua"/>
	<Script file="localization.de.lua"/>
	<Script file="localization.es.lua"/>
	<Script file="localization.fr.lua"/>
	<Script file="localization.kr.lua"/>
	<Script file="localization.tw.lua"/>
	<Script file="Perl_Config.lua"/>


	<Frame name="Perl_Config_Script_Frame" movable="true" frameStrata="DIALOG" hidden="true" enableMouse="true">
		<Scripts>
			<OnLoad>
				Perl_Config_OnLoad();
			</OnLoad>
		</Scripts>
	</Frame>

	<Frame name="Perl_Config_ButtonFrame" parent="Minimap" enableMouse="true" hidden="false" frameStrata="LOW">
		<Size>
			<AbsDimension x="32" y="32"/>
		</Size>
		<Anchors>
			<Anchor point="TOPLEFT" relativeTo="Minimap" relativePoint="RIGHT">
				<Offset>
					<AbsDimension x="2" y="0"/>
				</Offset>
			</Anchor>
		</Anchors>
		<Frames>
			<Button name="PerlButton">
				<Size>
					<AbsDimension x="32" y="32"/>
				</Size>
				<Anchors>
					<Anchor point="TOPLEFT">
						<Offset>
							<AbsDimension x="0" y="0"/>
						</Offset>
					</Anchor>
				</Anchors>
				<NormalTexture file="Interface\AddOns\Perl_Config\Perl_Minimap_Button"/>
				<HighlightTexture alphaMode="ADD" file="Interface\Minimap\UI-Minimap-ZoomButton-Highlight"/>
				<Scripts>
					<OnLoad>
						this:RegisterForClicks('LeftButtonUp', 'RightButtonUp');
					</OnLoad>
					<OnClick>
						Perl_Config_Button_OnClick(arg1);
					</OnClick>
					<OnEnter>
						Perl_Config_Button_Tooltip();
					</OnEnter>
					<OnLeave>
						GameTooltip:Hide();
					</OnLeave>
				</Scripts>
			</Button>
		</Frames>
	</Frame>

	<Frame name="Perl_BlizzardOptions_Frame">
		<Scripts>
			<OnLoad>
				Perl_BlizzardOptions_OnLoad(self);
			</OnLoad>
		</Scripts>
		<Frames>
			<Button name="$parentButton" inherits="UIPanelButtonTemplate" text="PERL_LOCALIZED_CONFIG_BLIZZARD_BUTTON">
				<Size>
					<AbsDimension x="125" y="25"/>
				</Size>
				<Anchors>
					<Anchor point="TOPLEFT" relativeTo="$parent" relativePoint="TOPLEFT">
						<Offset>
							<AbsDimension x="125" y="-125"/>
						</Offset>
					</Anchor>
				</Anchors>
				<Scripts>
					<OnClick>
						Perl_Config_Toggle();
					</OnClick>
				</Scripts>
			</Button>
		</Frames>
	</Frame>
</Ui>
