<Ui xmlns="http://www.blizzard.com/wow/ui/" xmlns:xsi="http://www.w3.org/2001/XMLSchema-instance" xsi:schemaLocation="http://www.blizzard.com/wow/ui/
..\FrameXML\UI.xsd">

<!-- Revision code -->
<Script>
	if not AllPlayed_revision then AllPlayed_revision = {} end;
	AllPlayed_revision.embeds	= ("$Revision: 79292 $"):match("(%d+)");
</Script>


<!-- Embedded ACE2 libraries -->
<Script file="libs\AceLibrary\AceLibrary.lua"/>
<Script file="libs\AceOO-2.0\AceOO-2.0.lua"/>

<Script file="libs\AceEvent-2.0\AceEvent-2.0.lua"/>
<Script file="libs\AceHook-2.1\AceHook-2.1.lua"/>
<Script file="libs\AceDB-2.0\AceDB-2.0.lua"/>
<Script file="libs\AceDebug-2.0\AceDebug-2.0.lua"/>
<Script file="libs\AceLocale-2.2\AceLocale-2.2.lua"/>
<Script file="libs\AceConsole-2.0\AceConsole-2.0.lua"/>
<Script file="libs\AceAddon-2.0\AceAddon-2.0.lua"/>


<!-- Other embeded libraries -->
<Script file="libs\Dewdrop-2.0\Dewdrop-2.0.lua"/>
<Script file="libs\Tablet-2.0\Tablet-2.0.lua"/>
<Script file="libs\LibAbacus-3.0\LibAbacus-3.0.lua"/>
<Script file="libs\LibCrayon-3.0\LibCrayon-3.0.lua"/>
<Script file="libs\FuBarPlugin-2.0\FuBarPlugin-2.0.lua"/>

</Ui>