<Ui xmlns="http://www.blizzard.com/wow/ui/" xmlns:xsi="http://www.w3.org/2001/XMLSchema-instance" xsi:schemaLocation="http://www.blizzard.com/wow/ui/
..\FrameXML\UI.xsd">
	<Script file="libs\LibStub\LibStub.lua"/>
	<Include file="libs\CallbackHandler-1.0\CallbackHandler-1.0.xml"/>
	<Include file="libs\AceAddon-3.0\AceAddon-3.0.xml"/>
	<Include file="libs\AceDB-3.0\AceDB-3.0.xml"/>
	<Include file="libs\AceEvent-3.0\AceEvent-3.0.xml"/>
	<Include file="libs\AceTimer-3.0\AceTimer-3.0.xml"/>
	<Include file="libs\AceBucket-3.0\AceBucket-3.0.xml"/>
	<Include file="libs\AceConsole-3.0\AceConsole-3.0.xml"/>
	<Include file="libs\AceGUI-3.0\AceGUI-3.0.xml"/>
	<Include file="libs\AceConfig-3.0\AceConfig-3.0.xml"/>
	
	<Include file="libs\LibBars-1.0\lib.xml"/>
	
	<Include file="libs\LibSharedMedia-3.0\lib.xml"/>
</Ui>
