<Ui xmlns="http://www.blizzard.com/wow/ui/" xmlns:xsi="http://www.w3.org/2001/XMLSchema-instance" xsi:schemaLocation="http://www.blizzard.com/wow/ui/
..\FrameXML\UI.xsd">

	<Script file="libs\LibSharedMedia-3.0\LibStub\LibStub.lua" />
	<Include file="libs\LibSharedMedia-3.0\CallbackHandler-1.0\CallbackHandler-1.0.lua"/>
	<Include file="libs\LibRock-1.0\lib.xml"/>
	<Include file="libs\LibRockDB-1.0\lib.xml"/>
	<Include file="libs\LibRockEvent-1.0\lib.xml"/>
	<Include file="libs\LibRockTimer-1.0\lib.xml"/>
	<Include file="libs\LibRockHook-1.0\lib.xml"/>
	<Include file="libs\LibRockConsole-1.0\lib.xml"/>
	<Include file="libs\LibRockConfig-1.0\lib.xml"/>
	<Include file="libs\LibRockLocale-1.0\lib.xml"/>
	<Include file="libs\LibRockModuleCore-1.0\lib.xml"/>
	<Include file="libs\LibSharedMedia-3.0\lib.xml"/>
	<Script file="libs\Deformat\AceLibrary\AceLibrary.lua" />
	<Script file="libs\Deformat\Deformat-2.0\Deformat-2.0.lua"/>

</Ui>
