<Ui xmlns="http://www.blizzard.com/wow/ui/" xmlns:xsi="http://www.w3.org/2001/XMLSchema-instance" xsi:schemaLocation="http://www.blizzard.com/wow/ui/
..\..\FrameXML\UI.xsd">
	
	<Script file="localization.lua" />
	<Script file="DroodFocusSkin.lua" />
	<Script file="DroodFocus.lua" />
	<Script file="DroodFocusDatas.lua" />
	
	<Frame name="DroodFocusFrame" toplevel="true" clampedToScreen="true" parent="UIParent">
		<Size>
			<AbsDimension x="202" y="74" />
		</Size>
		<Anchors>
			<Anchor point="BOTTOM" relativeTo="UIParent" relativePoint="CENTER">
				<Offset>
					<AbsDimension x="0" y="0" />
				</Offset>
			</Anchor>
		</Anchors>
		<Scripts>
			<OnLoad>
				DroodFocus:OnLoad();
			</OnLoad>
			<OnEvent>
				DroodFocus:OnEvent(event);
			</OnEvent>
			<OnUpdate>
				DroodFocus:OnUpdate();
			</OnUpdate>
		</Scripts>
	</Frame>
	
	<Frame name="DroodFocusManaFrame" toplevel="true" clampedToScreen="true" parent="UIParent">
		<Scripts>
			<OnLoad>
				this:Show();
			</OnLoad>
			<OnUpdate>
				DroodFocus:handleMana();
			</OnUpdate>
		</Scripts>
	</Frame>
		
</Ui>