<Ui xmlns="http://www.blizzard.com/wow/ui/" xmlns:xsi="http://www.w3.org/2001/XMLSchema-instance" xsi:schemaLocation="http://www.blizzard.com/wow/ui/
..\..\FrameXML\UI.xsd">
	
	<Script file="localization.lua" /> 
	<Script file="DroodFocusOptions.lua" />
	
	<Frame name="DroodFocusOptionsFrame" toplevel="true" frameStrata="MEDIUM" movable="true" enableMouse="true" hidden="true" parent="UIParent">
		<Size>
			<AbsDimension x="260" y="480" />
		</Size>
		<Anchors>
			<Anchor point="CENTER" />
		</Anchors>
		
		<Backdrop bgFile="Interface\DialogFrame\UI-DialogBox-Background" edgeFile="Interface\DialogFrame\UI-DialogBox-Border"
			tile="true">
			<BackgroundInsets>
				<AbsInset left="11" right="12" top="12" bottom="11" />	
				<Size>
					<AbsDimension x="128" y="17" />
				</Size>
			</BackgroundInsets>
			<TileSize>
				<AbsValue val="32" />
			</TileSize>
			<EdgeSize>
				<AbsValue val="32" />
			</EdgeSize>
		</Backdrop>	
		
		<Layers>
			<Layer level="ARTWORK">
				<Texture name="$parentTitle" file="Interface\DialogFrame\UI-DialogBox-Header">
					<Size>
						<AbsDimension x="295" y="64" />
					</Size>
					<Anchors>
						<Anchor point="TOP">
							<Offset>
								<AbsDimension x="0" y="12" />
							</Offset>
						</Anchor>
					</Anchors>
				</Texture>
				<FontString inherits="GameFontNormal" text="DROODFOCUS">
					<Anchors>
						<Anchor point="TOP" relativeTo="$parent">
							<Offset>
								<AbsDimension x="0" y="-3" />
							</Offset>
						</Anchor>
					</Anchors>
				</FontString>
			</Layer>
		</Layers>
		
		<Frames>	

			<CheckButton name="$parentEnableCheckButton" inherits="OptionsCheckButtonTemplate">
				<Anchors>
					<Anchor point="TOPLEFT">
						<Offset>
							<AbsDimension x="30" y="-30" />
						</Offset>
					</Anchor>
				</Anchors>
				<Scripts>
					<OnShow>
						DroodFocusOptions:EnableCheckButton_OnShow();
						getglobal(this:GetName().."Text"):SetText(DROODFOCUS_ENABLE);
					</OnShow>
					<OnClick>
						DroodFocusOptions:EnableCheckButton_OnClick();
					</OnClick>
				</Scripts>
			</CheckButton>

			<Slider name="$parentScaleSlider" inherits="OptionsSliderTemplate">
					<Size>
						<AbsDimension x="185" y="20" />
					</Size>
					<Anchors>
					<Anchor point="CENTER" relativeTo="DroodFocusOptionsFrame" relativePoint="TOP">
						<Offset>
							<AbsDimension x="0" y="-140" />
						</Offset>
					</Anchor>
				</Anchors>
				<Layers>
					<Layer level="ARTWORK">
						<FontString name="$parentValue" inherits="GameFontNormal" text="1.0">
							<Anchors>
								<Anchor point="RIGHT">
									<Offset>
										<AbsDimension x="0" y="13" />
									</Offset>
								</Anchor>
							</Anchors>
						</FontString>
					</Layer>
				</Layers>
				<Scripts>
					<OnShow>
						DroodFocusOptions:ScaleSlider_OnShow();
					</OnShow>
					<OnValueChanged>	
						DroodFocusOptions:ScaleSlider_OnValueChanged();
					</OnValueChanged>
				</Scripts>
			</Slider>

			<EditBox name="MainFrameX" letters="5" historyLines="0" autoFocus="false">
				<Size>
					<AbsDimension x="80" y="25"/>
				</Size>
				<Anchors>
					<Anchor point="TOPLEFT" relativeTo="DroodFocusOptionsFrame" relativePoint="TOPLEFT">
						<Offset>
							<AbsDimension x="40" y="-80"/>
						</Offset>
					</Anchor>
				</Anchors>
				<Layers>
					<Layer level="BACKGROUND">
						<Texture name="$parentLeft" file="Interface\Common\Common-Input-Border">
							<Size>
								<AbsDimension x="12" y="25"/>
							</Size>
							<Anchors>
								<Anchor point="TOPLEFT">
									<Offset>
										<AbsDimension x="-5" y="0"/>
									</Offset>
								</Anchor>
							</Anchors>
							<TexCoords left="0" right="0.0625" top="0" bottom="0.625"/>
						</Texture>
						<Texture name="$parentRight" file="Interface\Common\Common-Input-Border">
							<Size>
								<AbsDimension x="12" y="25"/>
							</Size>
							<Anchors>
								<Anchor point="RIGHT">
									<Offset>
										<AbsDimension x="0" y="0"/>
									</Offset>
								</Anchor>
							</Anchors>
							<TexCoords left="0.9375" right="1.0" top="0" bottom="0.625"/>
						</Texture>
						<Texture name="$parentMiddle" file="Interface\Common\Common-Input-Border">
							<Size>
								<AbsDimension x="10" y="25"/>
							</Size>
							<Anchors>
								<Anchor point="LEFT" relativeTo="$parentLeft" relativePoint="RIGHT"/>
								<Anchor point="RIGHT" relativeTo="$parentRight" relativePoint="LEFT"/>
							</Anchors>
							<TexCoords left="0.0625" right="0.9375" top="0" bottom="0.625"/>
						</Texture>
					</Layer>
					<Layer level="ARTWORK">
						<FontString name="$parentText" inherits="GameFontNormal" text="Position X">
							<Anchors>
								<Anchor point="TOPLEFT">
									<Offset>
										<AbsDimension x="0" y="14" />
									</Offset>
								</Anchor>
							</Anchors>
						</FontString>
					</Layer>
				</Layers>
				<Scripts>
					<OnShow>
						DroodFocusOptions:MainFrameX_Init();
					</OnShow>
					<OnEnterPressed>
						self:ClearFocus();
						DroodFocusOptions:MainFrameX_OnValueChanged();
					</OnEnterPressed>
					<OnEscapePressed>
						self:ClearFocus();
					</OnEscapePressed>
					<OnEditFocusLost>
						self:HighlightText(0, 0);
						DroodFocusOptions:MainFrameX_OnValueChanged();						
					</OnEditFocusLost>
					<OnEditFocusGained>
						self:HighlightText();
					</OnEditFocusGained>
				</Scripts>
				<FontString inherits="ChatFontNormal"/>
			</EditBox>

			<EditBox name="MainFrameY" letters="5" historyLines="0" autoFocus="false">
				<Size>
					<AbsDimension x="80" y="25"/>
				</Size>
				<Anchors>
					<Anchor point="TOPLEFT" relativeTo="DroodFocusOptionsFrame" relativePoint="TOPLEFT">
						<Offset>
							<AbsDimension x="140" y="-80"/>
						</Offset>
					</Anchor>
				</Anchors>
				<Layers>
					<Layer level="BACKGROUND">
						<Texture name="$parentLeft" file="Interface\Common\Common-Input-Border">
							<Size>
								<AbsDimension x="12" y="25"/>
							</Size>
							<Anchors>
								<Anchor point="TOPLEFT">
									<Offset>
										<AbsDimension x="-5" y="0"/>
									</Offset>
								</Anchor>
							</Anchors>
							<TexCoords left="0" right="0.0625" top="0" bottom="0.625"/>
						</Texture>
						<Texture name="$parentRight" file="Interface\Common\Common-Input-Border">
							<Size>
								<AbsDimension x="12" y="25"/>
							</Size>
							<Anchors>
								<Anchor point="RIGHT">
									<Offset>
										<AbsDimension x="0" y="0"/>
									</Offset>
								</Anchor>
							</Anchors>
							<TexCoords left="0.9375" right="1.0" top="0" bottom="0.625"/>
						</Texture>
						<Texture name="$parentMiddle" file="Interface\Common\Common-Input-Border">
							<Size>
								<AbsDimension x="10" y="25"/>
							</Size>
							<Anchors>
								<Anchor point="LEFT" relativeTo="$parentLeft" relativePoint="RIGHT"/>
								<Anchor point="RIGHT" relativeTo="$parentRight" relativePoint="LEFT"/>
							</Anchors>
							<TexCoords left="0.0625" right="0.9375" top="0" bottom="0.625"/>
						</Texture>
					</Layer>
					<Layer level="ARTWORK">
						<FontString name="$parentText" inherits="GameFontNormal" text="Position Y">
							<Anchors>
								<Anchor point="TOPLEFT">
									<Offset>
										<AbsDimension x="0" y="14" />
									</Offset>
								</Anchor>
							</Anchors>
						</FontString>
					</Layer>
				</Layers>
				<Scripts>
					<OnShow>
						DroodFocusOptions:MainFrameY_Init();
					</OnShow>
					<OnEnterPressed>
						self:ClearFocus();
						DroodFocusOptions:MainFrameY_OnValueChanged();
					</OnEnterPressed>
					<OnEscapePressed>
						self:ClearFocus();
					</OnEscapePressed>
					<OnEditFocusLost>
						self:HighlightText(0, 0);
						DroodFocusOptions:MainFrameY_OnValueChanged();
					</OnEditFocusLost>
					<OnEditFocusGained>
						self:HighlightText();
					</OnEditFocusGained>
				</Scripts>
				<FontString inherits="ChatFontNormal"/>
			</EditBox>


			<CheckButton name="$parentClawCheckButton" inherits="OptionsCheckButtonTemplate">
				<Anchors>
					<Anchor point="TOPLEFT">
						<Offset>
							<AbsDimension x="30" y="-170" />
						</Offset>
					</Anchor>
				</Anchors>
				<Scripts>
					<OnShow>
						DroodFocusOptions:ClawCheckButton_OnShow();
						getglobal(this:GetName().."Text"):SetText(DROODFOCUS_CLAWS);
					</OnShow>
					<OnClick>
						DroodFocusOptions:ClawCheckButton_OnClick();
					</OnClick>
				</Scripts>
			</CheckButton>		

			<Slider name="$parentBloodAlphaSlider" inherits="OptionsSliderTemplate">
				<Size>
					<AbsDimension x="185" y="20" />
				</Size>
				<Anchors>
					<Anchor point="CENTER" relativeTo="DroodFocusOptionsFrame" relativePoint="TOP">
						<Offset>
							<AbsDimension x="0" y="-220" />
						</Offset>
					</Anchor>
				</Anchors>
				<Layers>
					<Layer level="ARTWORK">
						<FontString name="$parentValue" inherits="GameFontNormal" text="1.0">
							<Anchors>
								<Anchor point="RIGHT">
									<Offset>
										<AbsDimension x="0" y="13" />
									</Offset>
								</Anchor>
							</Anchors>
						</FontString>
					</Layer>
				</Layers>
				<Scripts>
					<OnShow>
						DroodFocusOptions:BloodAlphaSlider_OnShow();
					</OnShow>
					<OnValueChanged>	
						DroodFocusOptions:BloodAlphaSlider_OnValueChanged();
					</OnValueChanged>
				</Scripts>
			</Slider>

			<Slider name="$parentBloodScaleSlider" inherits="OptionsSliderTemplate">
				<Size>
					<AbsDimension x="185" y="20" />
				</Size>
				<Anchors>
					<Anchor point="CENTER" relativeTo="DroodFocusOptionsFrame" relativePoint="TOP">
						<Offset>
							<AbsDimension x="0" y="-260" />
						</Offset>
					</Anchor>
				</Anchors>
				<Layers>
					<Layer level="ARTWORK">
						<FontString name="$parentValue" inherits="GameFontNormal" text="1.0">
							<Anchors>
								<Anchor point="RIGHT">
									<Offset>
										<AbsDimension x="0" y="13" />
									</Offset>
								</Anchor>
							</Anchors>
						</FontString>
					</Layer>
				</Layers>
				<Scripts>
					<OnShow>
						DroodFocusOptions:BloodScaleSlider_OnShow();
					</OnShow>
					<OnValueChanged>	
						DroodFocusOptions:BloodScaleSlider_OnValueChanged();
					</OnValueChanged>
				</Scripts>
			</Slider>

			<CheckButton name="$parentTrackerCheckButton" inherits="OptionsCheckButtonTemplate">
				<Anchors>
					<Anchor point="TOPLEFT">
						<Offset>
							<AbsDimension x="30" y="-300" />
						</Offset>
					</Anchor>
				</Anchors>
				<Scripts>
					<OnShow>
						DroodFocusOptions:TrackerCheckButton_OnShow();
						getglobal(this:GetName().."Text"):SetText(DROODFOCUS_TRACKER);
					</OnShow>
					<OnClick>
						DroodFocusOptions:TrackerCheckButton_OnClick();
					</OnClick>
				</Scripts>
			</CheckButton>		

			<EditBox name="conteneurX" letters="5" historyLines="0" autoFocus="false">
				<Size>
					<AbsDimension x="80" y="25"/>
				</Size>
				<Anchors>
					<Anchor point="TOPLEFT" relativeTo="DroodFocusOptionsFrame" relativePoint="TOPLEFT">
						<Offset>
							<AbsDimension x="40" y="-350"/>
						</Offset>
					</Anchor>
				</Anchors>
				<Layers>
					<Layer level="BACKGROUND">
						<Texture name="$parentLeft" file="Interface\Common\Common-Input-Border">
							<Size>
								<AbsDimension x="12" y="25"/>
							</Size>
							<Anchors>
								<Anchor point="TOPLEFT">
									<Offset>
										<AbsDimension x="-5" y="0"/>
									</Offset>
								</Anchor>
							</Anchors>
							<TexCoords left="0" right="0.0625" top="0" bottom="0.625"/>
						</Texture>
						<Texture name="$parentRight" file="Interface\Common\Common-Input-Border">
							<Size>
								<AbsDimension x="12" y="25"/>
							</Size>
							<Anchors>
								<Anchor point="RIGHT">
									<Offset>
										<AbsDimension x="0" y="0"/>
									</Offset>
								</Anchor>
							</Anchors>
							<TexCoords left="0.9375" right="1.0" top="0" bottom="0.625"/>
						</Texture>
						<Texture name="$parentMiddle" file="Interface\Common\Common-Input-Border">
							<Size>
								<AbsDimension x="10" y="25"/>
							</Size>
							<Anchors>
								<Anchor point="LEFT" relativeTo="$parentLeft" relativePoint="RIGHT"/>
								<Anchor point="RIGHT" relativeTo="$parentRight" relativePoint="LEFT"/>
							</Anchors>
							<TexCoords left="0.0625" right="0.9375" top="0" bottom="0.625"/>
						</Texture>
					</Layer>
					<Layer level="ARTWORK">
						<FontString name="$parentText" inherits="GameFontNormal" text="Position X">
							<Anchors>
								<Anchor point="TOPLEFT">
									<Offset>
										<AbsDimension x="0" y="14" />
									</Offset>
								</Anchor>
							</Anchors>
						</FontString>
					</Layer>
				</Layers>
				<Scripts>
					<OnShow>
						DroodFocusOptions:conteneurX_Init();
					</OnShow>
					<OnEnterPressed>
						self:ClearFocus();
						DroodFocusOptions:conteneurX_OnValueChanged();
					</OnEnterPressed>
					<OnEscapePressed>
						self:ClearFocus();
					</OnEscapePressed>
					<OnEditFocusLost>
						self:HighlightText(0, 0);
						DroodFocusOptions:conteneurX_OnValueChanged();
					</OnEditFocusLost>
					<OnEditFocusGained>
						self:HighlightText();
					</OnEditFocusGained>
				</Scripts>
				<FontString inherits="ChatFontNormal"/>
			</EditBox>

			<EditBox name="conteneurY" letters="5" historyLines="0" autoFocus="false">
				<Size>
					<AbsDimension x="80" y="25"/>
				</Size>
				<Anchors>
					<Anchor point="TOPLEFT" relativeTo="DroodFocusOptionsFrame" relativePoint="TOPLEFT">
						<Offset>
							<AbsDimension x="140" y="-350"/>
						</Offset>
					</Anchor>
				</Anchors>
				<Layers>
					<Layer level="BACKGROUND">
						<Texture name="$parentLeft" file="Interface\Common\Common-Input-Border">
							<Size>
								<AbsDimension x="12" y="25"/>
							</Size>
							<Anchors>
								<Anchor point="TOPLEFT">
									<Offset>
										<AbsDimension x="-5" y="0"/>
									</Offset>
								</Anchor>
							</Anchors>
							<TexCoords left="0" right="0.0625" top="0" bottom="0.625"/>
						</Texture>
						<Texture name="$parentRight" file="Interface\Common\Common-Input-Border">
							<Size>
								<AbsDimension x="12" y="25"/>
							</Size>
							<Anchors>
								<Anchor point="RIGHT">
									<Offset>
										<AbsDimension x="0" y="0"/>
									</Offset>
								</Anchor>
							</Anchors>
							<TexCoords left="0.9375" right="1.0" top="0" bottom="0.625"/>
						</Texture>
						<Texture name="$parentMiddle" file="Interface\Common\Common-Input-Border">
							<Size>
								<AbsDimension x="10" y="25"/>
							</Size>
							<Anchors>
								<Anchor point="LEFT" relativeTo="$parentLeft" relativePoint="RIGHT"/>
								<Anchor point="RIGHT" relativeTo="$parentRight" relativePoint="LEFT"/>
							</Anchors>
							<TexCoords left="0.0625" right="0.9375" top="0" bottom="0.625"/>
						</Texture>
					</Layer>
					<Layer level="ARTWORK">
						<FontString name="$parentText" inherits="GameFontNormal" text="Position Y">
							<Anchors>
								<Anchor point="TOPLEFT">
									<Offset>
										<AbsDimension x="0" y="14" />
									</Offset>
								</Anchor>
							</Anchors>
						</FontString>
					</Layer>
				</Layers>
				<Scripts>
					<OnShow>
						DroodFocusOptions:conteneurY_Init();
					</OnShow>
					<OnEnterPressed>
						self:ClearFocus();
						DroodFocusOptions:conteneurY_OnValueChanged();
					</OnEnterPressed>
					<OnEscapePressed>
						self:ClearFocus();
					</OnEscapePressed>
					<OnEditFocusLost>
						self:HighlightText(0, 0);
						DroodFocusOptions:conteneurY_OnValueChanged();
					</OnEditFocusLost>
					<OnEditFocusGained>
						self:HighlightText();
					</OnEditFocusGained>
				</Scripts>
				<FontString inherits="ChatFontNormal"/>
			</EditBox>

			<Slider name="$parentContenerScaleSlider" inherits="OptionsSliderTemplate">
				<Size>
					<AbsDimension x="185" y="20" />
				</Size>
				<Anchors>
					<Anchor point="CENTER" relativeTo="DroodFocusOptionsFrame" relativePoint="TOP">
						<Offset>
							<AbsDimension x="0" y="-410" />
						</Offset>
					</Anchor>
				</Anchors>
				<Layers>
					<Layer level="ARTWORK">
						<FontString name="$parentValue" inherits="GameFontNormal" text="1.0">
							<Anchors>
								<Anchor point="RIGHT">
									<Offset>
										<AbsDimension x="0" y="13" />
									</Offset>
								</Anchor>
							</Anchors>
						</FontString>
					</Layer>
				</Layers>
				<Scripts>
					<OnShow>
						DroodFocusOptions:ContenerScaleSlider_OnShow();
					</OnShow>
					<OnValueChanged>	
						DroodFocusOptions:ContenerScaleSlider_OnValueChanged();
					</OnValueChanged>
				</Scripts>
			</Slider>

			<Button name="$parentClose" inherits="OptionsButtonTemplate" text="CLOSE">
				<Anchors>
					<Anchor point="CENTER" relativeTo="$parent" relativePoint="BOTTOM">
						<Offset>
							<AbsDimension x="0" y="30" />
						</Offset>
					</Anchor>
				</Anchors>
				<Scripts>
					<OnClick>
						DroodFocusOptions:Handler();
					</OnClick>
				</Scripts>
			</Button>
		</Frames>
		
		<Scripts>
			<OnMouseDown>
				if(arg1 == "LeftButton") then
					this:StartMoving();
				end
			</OnMouseDown>
			<OnMouseUp>
				this:StopMovingOrSizing();
			</OnMouseUp>
		</Scripts>
	</Frame>
</Ui>