﻿<Ui xmlns:xsi="http://www.w3.org/2001/XMLSchema-instance" xmlns:xsd="http://www.w3.org/2001/XMLSchema" xmlns="http://www.blizzard.com/wow/ui/">
	<Script file="GnomeSage.lua" />
	<Frame name="GnomeSageFrame" parent="UIParent" toplevel="true" movable="true" frameStrata="LOW" enableMouse="true" clampedToScreen="true">
		<Size x="250" y="130" />
		<Anchors>
			<Anchor point="CENTER">
				<Offset x="0" y="0" />
			</Anchor>
		</Anchors>
		<Scripts>
			<OnDragStart>self:StartMoving()</OnDragStart>
			<OnDragStop>self:StopMovingOrSizing()</OnDragStop>
			<OnLoad>
				GnomeSage_OnLoad(self)
				tinsert(UISpecialFrames,this:GetName());
			</OnLoad>
			<OnShow>
				PlaySound("igCharacterInfoOpen");
			</OnShow>
			<OnHide>
				PlaySound("igCharacterInfoClose");
			</OnHide>
		</Scripts>
		<Layers>
			<Layer>
				<Texture name="$parent_Header" file="Interface\DialogFrame\UI-DialogBox-Header">
					<Size x="256" y="64" />
					<Anchors>
						<Anchor point="CENTER" relativePoint="TOP">
							<Offset x="0" y="-8" />
						</Anchor>
					</Anchors>
				</Texture>
				<Texture name="$parent_Portrait" file="Interface\AddOns\GnomeSage\GnomeSage">
					<Size x="75" y="75" />
					<Anchors>
						<Anchor point="TOPLEFT">
							<Offset x="15" y="-15" />
						</Anchor>
					</Anchors>
				</Texture>
				<FontString name="$parent_HeaderString" inherits="GameFontNormalSmall" text="GnomeSage">
					<Size x="100" y="20" />
					<Anchors>
						<Anchor point="CENTER" relativeTo="GnomeSageFrame_Header" relativePoint="CENTER">
							<Offset x="0" y="12" />
						</Anchor>
					</Anchors>
				</FontString>
				<FontString name="$parent_Question" inherits="GameFontGreen" text="Ask me a question and I will formulate the proper response.">
					<Size x="113" y="75" />
					<Anchors>
						<Anchor point="TOPLEFT" relativeTo="GnomeSageFrame_Portrait" relativePoint="TOPRIGHT">
							<Offset x="6" y="0" />
						</Anchor>
					</Anchors>
				</FontString>
				<FontString name="$parent_Answer" inherits="GameFontNormalSmall" hidden="true" text="$parent_Answer" justifyV="TOP">
					<Size x="218" y="60" />
					<Anchors>
						<Anchor point="TOPLEFT" relativeTo="GnomeSageFrame_Portrait" relativePoint="BOTTOMLEFT">
							<Offset x="0" y="-6" />
						</Anchor>
					</Anchors>
				</FontString>
			</Layer>
		</Layers>
		<Backdrop bgFile="Interface\DialogFrame\UI-DialogBox-Background" edgeFile="Interface\DialogFrame\UI-DialogBox-Border" tile="true">
			<BackgroundInsets>
				<AbsInset left="11" right="12" top="12" bottom="11" />
			</BackgroundInsets>
			<TileSize>
				<AbsValue val="32" />
			</TileSize>
			<EdgeSize>
				<AbsValue val="32" />
			</EdgeSize>
		</Backdrop>
		<Frames>
			<EditBox name="$parent_Input" inherits="InputBoxTemplate" autoFocus="false">
				<Size x="175" y="20" />
				<Anchors>
					<Anchor point="TOPLEFT" relativeTo="GnomeSageFrame_Portrait" relativePoint="BOTTOMLEFT">
						<Offset x="5" y="-5" />
					</Anchor>
				</Anchors>
				<Scripts>
					<OnEnterPressed>GnomeSage_UpdateQuestion()</OnEnterPressed>
				</Scripts>
				<Frames>
					<Button name="$parent_AskButton" inherits="UIPanelButtonTemplate" text="Ask">
						<Size x="35" y="20" />
						<Anchors>
							<Anchor point="LEFT" relativeTo="GnomeSageFrame_Input" relativePoint="RIGHT">
								<Offset x="5" y="0" />
							</Anchor>
						</Anchors>
						<Scripts>
							<OnClick>GnomeSage_UpdateQuestion()</OnClick>
						</Scripts>
					</Button>
				</Frames>
			</EditBox>
			<Button name="$parent_Close" inherits="UIPanelCloseButton" text="X">
				<Size x="26" y="26" />
				<Anchors>
					<Anchor point="TOPRIGHT" relativeTo="GnomeSageFrame" relativePoint="TOPRIGHT">
						<Offset x="-5" y="-5" />
					</Anchor>
				</Anchors>
			</Button>
		</Frames>
	</Frame>
</Ui>