﻿<Ui xmlns="http://www.blizzard.com/wow/ui/" xmlns:xsi="http://www.w3.org/2001/XMLSchema-instance" xsi:schemaLocation="http://www.blizzard.com/wow/ui/
C:\Projects\WoW\Bin\Interface\FrameXML\UI.xsd">

<script file="libs\AceLibrary\AceLibrary.lua"/>
<script file="libs\AceOO-2.0\AceOO-2.0.lua"/>
<script file="libs\AceAddon-2.0\AceAddon-2.0.lua"/>
<script file="libs\AceConsole-2.0\AceConsole-2.0.lua"/>
<script file="libs\AceDB-2.0\AceDB-2.0.lua"/>
<script file="libs\AceDebug-2.0\AceDebug-2.0.lua"/>
<script file="libs\AceEvent-2.0\AceEvent-2.0.lua"/>
<script file="libs\AceLocale-2.2\AceLocale-2.2.lua"/>

<script file="libs\Deformat-2.0\Deformat-2.0.lua"/>
<script file="libs\Tablet-2.0\Tablet-2.0.lua"/>
<script file="libs\Dewdrop-2.0\Dewdrop-2.0.lua"/>
<script file="libs\FuBarPlugin-2.0\FuBarPlugin-2.0.lua"/>
<script file="libs\Gratuity-2.0\Gratuity-2.0.lua"/>
<script file="libs\CandyBar-2.0\CandyBar-2.0.lua"/>
<script file="libs\LibSharedMedia-3.0\LibSharedMedia-3.0.lua"/>

</Ui>