<Ui xmlns="http://www.blizzard.com/wow/ui/" xmlns:xsi="http://www.w3.org/2001/XMLSchema-instance" xsi:schemaLocation="http://www.blizzard.com/wow/ui/
..\FrameXML\UI.xsd">
    <Script file="FishingBuddyTitan.lua"/>
	<!-- Titan Panel support -->
	<Frame parent="UIParent">
		<Frames>
			<Button name="TitanPanelSkillsButton" inherits="TitanPanelComboTemplate" frameStrata="FULLSCREEN" toplevel="true">
				<Scripts>
					<OnLoad>
						if TitanPanelButton_OnLoad then
							Titan_Skills_OnLoad();
							TitanPanelButton_OnLoad();
						end
					</OnLoad>
					<OnShow>
						Titan_SKills_OnShow();
						TitanPanelButton_OnShow();
					</OnShow>
					<OnEvent>
						Titan_Skills_OnEvent();
					</OnEvent>
					<OnClick>
						Titan_Skills_OnClick(arg1);
						TitanPanelButton_OnClick(arg1);
					</OnClick>
				</Scripts>
			</Button>
		</Frames>
	</Frame>

</Ui>
