<Ui xmlns="http://www.blizzard.com/wow/ui/" xmlns:xsi="http://www.w3.org/1801/XMLSchema-instance" xsi:schemaLocation="http://www.blizzard.com/wow/ui/
..\FrameXML\UI.xsd">
  <Script file="RuneHero.lua"/>

  <Button name="RuneButtonIndividualTemplateC" virtual="true" hidden="false">
    <Size>
      <AbsDimension x="18" y="18"/>
    </Size>
    <Frames>
<!--
		<Cooldown name="$parentCooldown">
			<Size x="15" y="15"/>
			<Anchors>
			  <Anchor point="CENTER">
				<Offset>
				  <AbsDimension x="0" y="0"/>
				</Offset>
			  </Anchor>
			</Anchors>
		</Cooldown>
-->
		<Frame name="$parentBorder">
			<Size x="29" y="29"/>
			<Anchors>
				<Anchor point="CENTER">
					<Offset x="0" y="0"/>
				</Anchor>
			</Anchors>
			<Layers>
				<Layer level="ARTWORK">
					<Texture name="$parentTexture" file="Interface\CharacterFrame\TotemBorder">
						<Color r=".25" g=".15" b=".3" a="1"/>
					</Texture>
				</Layer>
			</Layers>
			<Scripts>
				<OnLoad>
					self:SetFrameLevel(self:GetFrameLevel()+1);
				</OnLoad>
			</Scripts>
		</Frame>
    </Frames>
    <Layers>
		<Layer level="BACKGROUND">
			<Texture name="$parentBG">
				<Size x="15" y="15"/>
				<Anchors>
					<Anchor point="CENTER"/>
				</Anchors>
				<Color r="0" g="0" b="0" a="1"/>
			</Texture>
		</Layer>
		
		<Layer level="ARTWORK">
			<Texture name="$parentRune" file="Interface\CharacterFrame\DeathKnight-BloodRune">
				<Size>
					<AbsDimension x="15" y="15"/>
				</Size>
				<Anchors>
					<Anchor point="CENTER">
						<Offset>
							<AbsDimension x="0" y="-.5"/>
						</Offset>
					</Anchor>
				</Anchors>
			</Texture>
		</Layer>
    </Layers>
    <Scripts>
      <OnLoad>
        RuneButtonC_OnLoad(self);
      </OnLoad>
    </Scripts>
  </Button>

  <Frame name="RuneFrameC" parent="UIParent" frameStrata="LOW" toplevel="true" movable="true" hidden="false">
<!--  <Backdrop bgFile="Interface\AchievementFrame\UI-Achievement-StatsBackground" edgeFile="Interface\DialogFrame\UI-DialogBox-Border" tile="false">
      <EdgeSize val="16" />
      <TileSize val="16" />
	<Color r=".15" g=".05" b=".3" a=".8"/>
      <BackgroundInsets left="0" right="0" top="0" bottom="4"/>
    </Backdrop>    
-->
    <Size>
      <AbsDimension x="400" y="100"/>
    </Size>
    <Anchors>
      <Anchor point="BOTTOM" relativeTo="UIParent" relativePoint="BOTTOM">
        <Offset>
          <AbsDimension x="0" y="105"/>
        </Offset>
      </Anchor>
    </Anchors>
    <Layers>
<!--
	 <Layer level="BACKGROUND">
            <Texture name="RuneBladeGlow" file="Interface\AddOns\RuneHero\textures\runeblade-anim">
                <Size x="400" y="100"/>
        	    <Anchors>
                     <Anchor point="TOPLEFT" relativePoint="TOPLEFT"/>
                </Anchors>
            </Texture>
        </Layer>
-->
       <Layer level="ARTWORK">
            <Texture name="RuneBlade" file="Interface\AddOns\RuneHero\textures\runeblade-d">
                <Size x="400" y="100"/>
        	    <Anchors>
                     <Anchor point="TOPLEFT" relativePoint="TOPLEFT"/>
                </Anchors>
            </Texture>
        </Layer>
    </Layers>
    <Scripts>
      <OnLoad>
        RuneFrameC_OnLoad(self);
      </OnLoad>
    </Scripts>
  </Frame>

  <Button name="RuneButtonIndividual1C" inherits="RuneButtonIndividualTemplateC" parent="RuneFrameC" id="1" frameStrata="LOW">
    <Anchors>
      <Anchor point="TOPLEFT" relativeTo="RuneFrameC" relativePoint="TOPLEFT">
        <Offset>
          <AbsDimension x="0" y="-8"/>
        </Offset>
      </Anchor>
    </Anchors>
  </Button>

  <Button name="RuneButtonIndividual2C" inherits="RuneButtonIndividualTemplateC" parent="RuneFrameC" id="2" frameStrata="LOW">
    <Anchors>
      <Anchor point="TOPLEFT" relativeTo="RuneFrameC" relativePoint="TOPLEFT">
        <Offset>
          <AbsDimension x="0" y="-18"/>
        </Offset>
      </Anchor>
    </Anchors>
  </Button>

  <Button name="RuneButtonIndividual3C" inherits="RuneButtonIndividualTemplateC" parent="RuneFrameC" id="3" frameStrata="LOW">
    <Anchors>
      <Anchor point="TOPLEFT" relativeTo="RuneFrameC" relativePoint="TOPLEFT">
        <Offset>
          <AbsDimension x="0" y="-28"/>
        </Offset>
      </Anchor>
    </Anchors>
  </Button>

  <Button name="RuneButtonIndividual4C" inherits="RuneButtonIndividualTemplateC" parent="RuneFrameC" id="4" frameStrata="LOW">
    <Anchors>
      <Anchor point="TOPLEFT" relativeTo="RuneFrameC" relativePoint="TOPLEFT">
        <Offset>
          <AbsDimension x="0" y="-38"/>
        </Offset>
      </Anchor>
    </Anchors>
  </Button>

  <Button name="RuneButtonIndividual5C" inherits="RuneButtonIndividualTemplateC" parent="RuneFrameC" id="5" frameStrata="LOW">
    <Anchors>
      <Anchor point="TOPLEFT" relativeTo="RuneFrameC" relativePoint="TOPLEFT">
        <Offset>
          <AbsDimension x="0" y="-48"/>
        </Offset>
      </Anchor>
    </Anchors>
  </Button>

  <Button name="RuneButtonIndividual6d" inherits="RuneButtonIndividualTemplateC" parent="RuneFrameC" id="6" frameStrata="LOW">
    <Anchors>
      <Anchor point="TOPLEFT" relativeTo="RuneFrameC" relativePoint="TOPLEFT">
        <Offset>
          <AbsDimension x="0" y="-58"/>
        </Offset>
      </Anchor>
    </Anchors>
  </Button>

</Ui>
