<Ui xmlns="http://www.blizzard.com/wow/ui/" xmlns:xsi="http://www.w3.org/2001/XMLSchema-instance" xsi:schemaLocation="http://www.blizzard.com/wow/ui/
..\FrameXML\UI.xsd">
	<Script file="AnnounceIt.lua"/>
	<Frame name="AnnounceItSetMessage" hidden="true" parent="UIParent" movable="true" enableMouse="true">
		<Size> 
			<AbsDimension x="636" y="290" /> 
		</Size> 
		<Backdrop bgFile="Interface\DialogFrame\UI-DialogBox-Background" edgeFile="Interface\DialogFrame\UI-DialogBox-Border" tile="true">
			<TileSize>
				<AbsValue val="16"/>
			</TileSize>
			<EdgeSize>
				<AbsValue val="16"/>
			</EdgeSize>
			<BackgroundInsets>
				<AbsInset left="5" right="5" top="5" bottom="5"/>
			</BackgroundInsets>
		</Backdrop>
		<Anchors>
			<Anchor point="CENTER"/>
		</Anchors>
		<Frames>
			<EditBox name="$parent_Text1" inherits="InputBoxTemplate" letters="256" enableMouse="true" autoFocus="true">
				<Size> 
					<AbsDimension x="600" y="20"/> 
				</Size> 
				<Anchors> 
					<Anchor point="TOPLEFT">
						<Offset>
							<AbsDimension x="18" y="-110"/>
						</Offset>
					</Anchor>
				</Anchors>   
				<Scripts>
					<OnLoad> </OnLoad>
				</Scripts>
				<FontString inherits="GameFontNormal"/>
			</EditBox>
			<EditBox name="$parent_Text2" inherits="InputBoxTemplate" letters="256" enableMouse="true" autoFocus="true">
				<Size> 
					<AbsDimension x="600" y="20"/> 
				</Size> 
				<Anchors> 
					<Anchor point="TOPLEFT">
						<Offset>
							<AbsDimension x="18" y="-140"/>
						</Offset>
					</Anchor>
				</Anchors>   
				<Scripts>
					<OnLoad> </OnLoad>
				</Scripts>
				<FontString inherits="GameFontNormal"/>
			</EditBox>
			<EditBox name="$parent_Text3" inherits="InputBoxTemplate" letters="256" enableMouse="true" autoFocus="true">
				<Size> 
					<AbsDimension x="600" y="20"/> 
				</Size> 
				<Anchors> 
					<Anchor point="TOPLEFT">
						<Offset>
							<AbsDimension x="18" y="-170"/>
						</Offset>
					</Anchor>
				</Anchors>   
				<Scripts>
					<OnLoad> </OnLoad>
				</Scripts>
				<FontString inherits="GameFontNormal"/>
			</EditBox>
			<EditBox name="$parent_Text4" inherits="InputBoxTemplate" letters="256" enableMouse="true" autoFocus="true">
				<Size> 
					<AbsDimension x="600" y="20"/> 
				</Size> 
				<Anchors> 
					<Anchor point="TOPLEFT">
						<Offset>
							<AbsDimension x="18" y="-200"/>
						</Offset>
					</Anchor>
				</Anchors>   
				<Scripts>
					<OnLoad> </OnLoad>
				</Scripts>
				<FontString inherits="GameFontNormal"/>
			</EditBox>
			<EditBox name="$parent_Text5" inherits="InputBoxTemplate" letters="256" enableMouse="true" autoFocus="true">
				<Size> 
					<AbsDimension x="600" y="20"/> 
				</Size> 
				<Anchors> 
					<Anchor point="TOPLEFT">
						<Offset>
							<AbsDimension x="18" y="-230"/>
						</Offset>
					</Anchor>
				</Anchors>   
				<Scripts>
					<OnLoad> </OnLoad>
				</Scripts>
				<FontString inherits="GameFontNormal"/>
			</EditBox>
			<EditBox name="$parent_Label" inherits="InputBoxTemplate" letters="20" enableMouse="true" autoFocus="false">
				<Size> 
					<AbsDimension x="100" y="30"/> 
				</Size> 
				<Anchors> 
					<Anchor point="TOPLEFT">
						<Offset>
							<AbsDimension x="60" y="-20"/>
						</Offset>
					</Anchor>
				</Anchors>   
				<Scripts>
					<OnLoad> </OnLoad>
				</Scripts>
				<FontString inherits="GameFontNormal"/>
			</EditBox>
			<Button name="$parentApply" inherits="UIPanelButtonTemplate" text="Apply">
				<Size> 
					<AbsDimension x="65" y="20" /> 
				</Size>
				<Anchors>
					<Anchor point="TOPLEFT">
						<Offset>
							<AbsDimension x="420" y="-260"/>
						</Offset>
					</Anchor>
				</Anchors>
				<Scripts>
					<OnMouseDown>
						AnnounceIt:Save();
						this:GetParent():Hide();
					</OnMouseDown>
				</Scripts>
			</Button>
			<Button name="$parentReset" inherits="UIPanelButtonTemplate" text="Cancel">
				<Size> 
					<AbsDimension x="65" y="20" /> 
				</Size>
				<Anchors>
					<Anchor point="TOPLEFT">
						<Offset>
							<AbsDimension x="520" y="-260"/>
						</Offset>
					</Anchor>
				</Anchors>
				<Scripts>
					<OnMouseDown>
						this:GetParent():Hide();
					</OnMouseDown>
				</Scripts>
			</Button>
			
			<CheckButton name="$parent_ChanTEST" inherits="SendMailRadioButtonTemplate">
				<Anchors>
					<Anchor point="TOPLEFT">
						<Offset>
							<AbsDimension  x="250" y="-30"/>
						</Offset>
					</Anchor>
				</Anchors>
				<Scripts>
					<OnLoad>
						getglobal(this:GetName().."Text"):SetText("Test");
						this:SetChecked(nil);
					</OnLoad>
					<OnClick>
					</OnClick>
				</Scripts>
			</CheckButton>
			<CheckButton name="$parent_ChanGUILD" inherits="SendMailRadioButtonTemplate">
				<Anchors>
					<Anchor point="TOPLEFT">
						<Offset>
							<AbsDimension  x="320" y="-50"/>
						</Offset>
					</Anchor>
				</Anchors>
				<Scripts>
					<OnLoad>
						getglobal(this:GetName().."Text"):SetText("Guild");
						this:SetChecked(nil);
					</OnLoad>
					<OnClick>
					</OnClick>
				</Scripts>
			</CheckButton>
			<CheckButton name="$parent_ChanGROUP" inherits="SendMailRadioButtonTemplate">
				<Anchors>
					<Anchor point="TOPLEFT">
						<Offset>
							<AbsDimension  x="320" y="-30"/>
						</Offset>
					</Anchor>
				</Anchors>
				<Scripts>
					<OnLoad>
						getglobal(this:GetName().."Text"):SetText("Groups");
						this:SetChecked(nil);
					</OnLoad>
					<OnClick>
					</OnClick>
				</Scripts>
			</CheckButton>
			<CheckButton name="$parent_ChanSAY" inherits="SendMailRadioButtonTemplate">
				<Anchors>
					<Anchor point="TOPLEFT">
						<Offset>
							<AbsDimension  x="250" y="-50"/>
						</Offset>
					</Anchor>
				</Anchors>
				<Scripts>
					<OnLoad>
						getglobal(this:GetName().."Text"):SetText("Say");
						this:SetChecked(nil);
					</OnLoad>
					<OnClick>
					</OnClick>
				</Scripts>
			</CheckButton>
			<CheckButton name="$parent_ChanYELL" inherits="SendMailRadioButtonTemplate">
				<Anchors>
					<Anchor point="TOPLEFT">
						<Offset>
							<AbsDimension  x="250" y="-70"/>
						</Offset>
					</Anchor>
				</Anchors>
				<Scripts>
					<OnLoad>
						getglobal(this:GetName().."Text"):SetText("Yell");
						this:SetChecked(nil);
					</OnLoad>
					<OnClick>
					</OnClick>
				</Scripts>
			</CheckButton>
			<CheckButton name="$parent_ChanRECRUIT" inherits="SendMailRadioButtonTemplate">
				<Anchors>
					<Anchor point="TOPLEFT">
						<Offset>
							<AbsDimension  x="320" y="-70"/>
						</Offset>
					</Anchor>
				</Anchors>
				<Scripts>
					<OnLoad>
						getglobal(this:GetName().."Text"):SetText("Guild Recruit");
						this:SetChecked(nil);
					</OnLoad>
					<OnClick>
					</OnClick>
				</Scripts>
			</CheckButton>
			<CheckButton name="$parent_ChanBATTLEGROUND" inherits="SendMailRadioButtonTemplate">
				<Anchors>
					<Anchor point="TOPLEFT">
						<Offset>
							<AbsDimension  x="320" y="-90"/>
						</Offset>
					</Anchor>
				</Anchors>
				<Scripts>
					<OnLoad>
						getglobal(this:GetName().."Text"):SetText("Battleground");
						this:SetChecked(nil);
					</OnLoad>
					<OnClick>
					</OnClick>
				</Scripts>
			</CheckButton>
			<CheckButton name="$parent_ChanWHISPER" inherits="SendMailRadioButtonTemplate">
				<Anchors>
					<Anchor point="TOPLEFT">
						<Offset>
							<AbsDimension  x="250" y="-90"/>
						</Offset>
					</Anchor>
				</Anchors>
				<Scripts>
					<OnLoad>
						getglobal(this:GetName().."Text"):SetText("Whisper");
						this:SetChecked(nil);
					</OnLoad>
					<OnClick>
					</OnClick>
				</Scripts>
			</CheckButton>
			<CheckButton name="$parent_ChanTRADE" inherits="SendMailRadioButtonTemplate">
				<Anchors>
					<Anchor point="TOPLEFT">
						<Offset>
							<AbsDimension  x="250" y="-10"/>
						</Offset>
					</Anchor>
				</Anchors>
				<Scripts>
					<OnLoad>
						getglobal(this:GetName().."Text"):SetText("Trade");
						this:SetChecked(nil);
					</OnLoad>
					<OnClick>
					</OnClick>
				</Scripts>
			</CheckButton>
			<CheckButton name="$parent_ChanLFG" inherits="SendMailRadioButtonTemplate">
				<Anchors>
					<Anchor point="TOPLEFT">
						<Offset>
							<AbsDimension  x="320" y="-10"/>
						</Offset>
					</Anchor>
				</Anchors>
				<Scripts>
					<OnLoad>
						getglobal(this:GetName().."Text"):SetText("LFG");
						this:SetChecked(nil);
					</OnLoad>
					<OnClick>
					</OnClick>
				</Scripts>
			</CheckButton>
		</Frames>
		<Layers>
			<Layer level="ARTWORK">
				<FontString name="$parent_Header" inherits="GameFontNormal" text="Message:">
					<Anchors>
						<Anchor point="TOPLEFT">
							<Offset>
								<AbsDimension x="10" y="-90"/>
							</Offset>
						</Anchor>
					</Anchors>
					<Color r="1" g="0.85" b="0"/>
				</FontString>
				<FontString name="$parent_Header2" inherits="GameFontNormal" text="Title:">
					<Anchors>
						<Anchor point="TOPLEFT">
							<Offset>
								<AbsDimension x="10" y="-30"/>
							</Offset>
						</Anchor>
					</Anchors>
					<Color r="1" g="0.85" b="0"/>
				</FontString>
				<FontString name="$parent_Header3" inherits="GameFontNormal" text="Type:">
					<Anchors>
						<Anchor point="TOPLEFT">
							<Offset>
								<AbsDimension x="200" y="-30"/>
							</Offset>
						</Anchor>
					</Anchors>
					<Color r="1" g="0.85" b="0"/>
				</FontString>
				<FontString name="$parent_Header4" inherits="GameFontNormal">
					<Anchors>
						<Anchor point="TOPLEFT">
							<Offset>
								<AbsDimension x="470" y="-20"/>
							</Offset>
						</Anchor>
					</Anchors>
					<Color r="0" g="1" b="0"/>
				</FontString>
			</Layer>
		</Layers>
		<Scripts>
			<OnMouseDown> this:StartMoving(); </OnMouseDown>
			<OnMouseUp>  this:StopMovingOrSizing(); </OnMouseUp>
			<OnDragStop> this:StopMovingOrSizing(); </OnDragStop>
		</Scripts> 
	</Frame>
</Ui>
