<Ui xmlns="http://www.blizzard.com/wow/ui/" xmlns:xsi="http://www.w3.org/2001/XMLSchema-instance" xsi:schemaLocation="http://www.blizzard.com/wow/ui/
..\FrameXML\UI.xsd">
    <Script file="FishingBuddyMinimap.lua"/>
	<Frame name="FishingBuddyMinimapFrame" parent="Minimap" enableMouse="false" frameStrata="MEDIUM" hidden="true">
		<Size>
			<AbsDimension x="33" y="33"/>
		</Size>
		<Anchors>
			<Anchor point="CENTER" relativeTo="Minimap" relativePoint="CENTER"/>
		</Anchors>
		<Frames>
			<Frame name="FishingBuddyMinimapMenu" inherits="UIDropDownMenuTemplate">
				<Scripts>
					<OnLoad>
						this:SetFrameLevel(0);
						UIDropDownMenu_SetWidth(180);
					</OnLoad>
				</Scripts>
			</Frame>
			<Button name="FishingBuddyMinimapButton">
				<Size>
					<AbsDimension x="33" y="33"/>
				</Size>
				<Anchors>
					<Anchor point="CENTER"/>
				</Anchors>
				<HighlightTexture alphaMode="ADD" file="Interface\Minimap\UI-Minimap-ZoomButton-Highlight"/>
				<Layers>
					<Layer level="ARTWORK">
						<Texture name="FishingBuddyMinimapIcon" file="Interface\LootFrame\FishingLoot-Icon">
							<Size>
								<AbsDimension x="18" y="18"/>
							</Size>
							<Anchors>
								<Anchor point="TOPLEFT">
									<Offset>
										<AbsDimension x="7" y="-6"/>
									</Offset>
								</Anchor>
							</Anchors>
						</Texture>
					</Layer>
					<Layer level="OVERLAY">
						<Texture file="Interface\Minimap\MiniMap-TrackingBorder">
							<Size>
								<AbsDimension x="52" y="52"/>
							</Size>
							<Anchors>
								<Anchor point="TOPLEFT"/>
							</Anchors>
						</Texture>
					</Layer>
				</Layers>
				<Scripts>
					<OnLoad>
						FishingBuddy.Minimap.Button_OnLoad();
					</OnLoad>
					<OnClick>
						FishingBuddy.Minimap.Button_OnClick(arg1);
					</OnClick>
					<OnDragStart>
						FishingBuddy.Minimap.Button_OnDragStart();
					</OnDragStart>
					<OnDragStop>
						FishingBuddy.Minimap.Button_OnDragStop();
					</OnDragStop>
					<OnEvent>
						FishingBuddy.Minimap.Button_OnEvent();
					</OnEvent>
					<OnEnter>
						FishingBuddy.Minimap.Button_OnEnter();
					</OnEnter>
					<OnLeave>
						FishingBuddy.Minimap.Button_OnLeave();
					</OnLeave>
				</Scripts>
			</Button>
		</Frames>
		<Scripts>
			<OnLoad>
				FishingBuddy.Minimap.OnLoad();
			</OnLoad>
			<OnEvent>
				FishingBuddy.Minimap.OnEvent();
			</OnEvent>
		</Scripts>
	</Frame>

</Ui>
