<Ui xmlns="http://www.blizzard.com/wow/ui/" xmlns:xsi="http://www.w3.org/2001/XMLSchema-instance" xsi:schemaLocation="http://www.blizzard.com/wow/ui/
..\FrameXML\UI.xsd">
	<Script file="Perl_Focus.lua"/>


	<!-- Virtual buffs template -->
	<Button name="Perl_Focus_BuffTemplate" virtual="true">
		<Size>
			<AbsDimension x="24" y="24"/>
		</Size>
		<Layers>
			<Layer level="ARTWORK">
				<Texture name="$parentIcon">
					<Size>
						<AbsDimension x="24" y="24"/>
					</Size>
					<Anchors>
						<Anchor point="TOPLEFT">
							<Offset>
								<AbsDimension x="0" y="0"/>
							</Offset>
						</Anchor>
					</Anchors>
				</Texture>
			</Layer>
			<Layer level="OVERLAY">
				<Texture name="$parentDebuffBorder" file="Interface\Buttons\UI-Debuff-Overlays" hidden="true">
					<Size>
						<AbsDimension x="24" y="24"/>
					</Size>
					<Anchors>
						<Anchor point="TOPLEFT">
							<Offset>
								<AbsDimension x="0" y="0"/>
							</Offset>
						</Anchor>
					</Anchors>
					<TexCoords left="0.296875" right="0.5703125" top="0" bottom="0.515625"/>
				</Texture>
				<FontString name="$parentCount" inherits="NumberFontNormalSmall">
					<Anchors>
						<Anchor point="BOTTOMRIGHT">
							<Offset>
								<AbsDimension x="-1" y="0"/>
							</Offset>
						</Anchor>
					</Anchors>
				</FontString>
			</Layer>
		</Layers>
		<Frames>
			<Cooldown name="$parentCooldown" inherits="CooldownFrameTemplate" reverse="true" hidden="true">
				<Anchors>
					<Anchor point="CENTER">
						<Offset>
							<AbsDimension x="0" y="-1"/>
						</Offset>
					</Anchor>
				</Anchors>
			</Cooldown>
		</Frames>
		<Scripts>
			<OnEnter>
				Perl_Focus_SetBuffTooltip();
			</OnEnter>
			<OnLeave>
				GameTooltip:Hide();
			</OnLeave>
		</Scripts>
	</Button>


	<!-- Frame to display Focus's health -->
	<Frame name="Perl_Focus_Frame" frameStrata="LOW" toplevel="true" movable="true" parent="UIParent" hidden="true" enableMouse="true">
		<Size>
			<!-- The size of this frame determines what can be clicked for the menu and moving, hence it is the same size as the name frame. (This is no longer true in 0.48) -->
			<AbsDimension x="180" y="24"/>
		</Size>
		<Anchors>
			<Anchor point="TOPLEFT">
				<Offset>
					<AbsDimension x="200" y="-650"/>
				</Offset>
			</Anchor>
		</Anchors>


		<!-- Script Events -->
		<Scripts>
			<OnLoad>
				Perl_Focus_OnLoad();
			</OnLoad>
		</Scripts>

		<Frames>
			<!-- Frame for the drop down menu. -->
			<Frame name="Perl_Focus_DropDown" inherits="UIDropDownMenuTemplate" id="1" hidden="true">
				<Size>
					<AbsDimension x="10" y="10"/>
				</Size>
				<Anchors>
					<Anchor point="TOP">
						<Offset>
							<AbsDimension x="0" y="0"/>
						</Offset>
					</Anchor>
				</Anchors>
				<Scripts>
					<OnLoad>
						Perl_FocusDropDown_OnLoad();
					</OnLoad>
				</Scripts>
			</Frame>


			<!-- Focus Name -->
			<Frame name="Perl_Focus_NameFrame">
				<Size>
					<AbsDimension x="180" y="24"/>
				</Size>
				<Anchors>
					<Anchor point="TOPLEFT">
						<Offset>
							<AbsDimension x="0" y="0"/>
						</Offset>
					</Anchor>
				</Anchors>
				<Backdrop bgFile="Interface\AddOns\Perl_Config\Perl_Black" edgeFile="Interface\Tooltips\UI-Tooltip-Border" tile="true">
					<EdgeSize>
						<AbsValue val="16"/>
					</EdgeSize>
					<TileSize>
						<AbsValue val="16"/>
					</TileSize>
					<BackgroundInsets>
						<AbsInset left="5" right="5" top="5" bottom="5"/>
					</BackgroundInsets>
				</Backdrop>
				<Frames>
					<StatusBar name="Perl_Focus_NameFrame_CPMeter">
						<Size>
							<AbsDimension x="170" y="12"/>
						</Size>
						<Anchors>
							<Anchor point="TOPLEFT" relativePoint="TOPLEFT" relativeTo="Perl_Focus_NameFrame">
								<Offset>
									<AbsDimension x="6" y="-6"/>
								</Offset>
							</Anchor>
						</Anchors>
						<BarTexture name="Perl_Focus_NameFrame_CPMeterTex" file="Interface\TargetingFrame\UI-StatusBar"/>
						<BarColor r="1" g="0" b="0" a="1"/>
					</StatusBar>
				</Frames>
				<Layers>
					<Layer level="OVERLAY">
						<!-- Class Icon -->
						<Texture name="Perl_Focus_ClassTexture" file="Interface\Glues\CharacterCreate\UI-CharacterCreate-Classes">
							<Size>
								<AbsDimension x="15" y="15"/>
							</Size>
							<Anchors>
								<Anchor point="TOPLEFT" relativePoint="TOPLEFT">
									<Offset>
										<AbsDimension x="5" y="-4"/>
									</Offset>
								</Anchor>
							</Anchors>
						</Texture>

						<!-- PVP Icon -->
						<Texture name="Perl_Focus_PVPStatus" file="Interface\TargetingFrame\UI-PVP-FFA">
							<Size>
								<AbsDimension x="32" y="32"/>
							</Size>
							<Anchors>
								<Anchor point="TOPRIGHT" relativePoint="TOPRIGHT">
									<Offset>
										<AbsDimension x="9" y="-2"/>
									</Offset>
								</Anchor>
							</Anchors>
						</Texture>

						<!-- Death Icon -->
						<Texture name="Perl_Focus_DeadStatus" file="Interface\TargetingFrame\TargetDead" visible="false">
							<Size>
								<AbsDimension x="16" y="16"/>
							</Size>
							<Anchors>
								<Anchor point="TOPRIGHT" relativePoint="TOPRIGHT">
									<Offset>
										<AbsDimension x="-5" y="-5"/>
									</Offset>
								</Anchor>
							</Anchors>
						</Texture>
					</Layer>
				</Layers>
			</Frame>


			<!-- Raid Icon -->
			<Frame name="Perl_Focus_RaidIconFrame" frameStrata="MEDIUM">
				<Size>
					<AbsDimension x="180" y="24"/>
				</Size>
				<Anchors>
					<Anchor point="TOPLEFT">
						<Offset>
							<AbsDimension x="0" y="0"/>
						</Offset>
					</Anchor>
				</Anchors>
				<Layers>
					<Layer level="OVERLAY">
						<!-- Raid Focus Icon -->
						<Texture name="Perl_Focus_RaidFocusIcon" file="Interface\TargetingFrame\UI-RaidTargetingIcons" hidden="true">
							<Size>
								<AbsDimension x="26" y="26"/>
							</Size>
							<Anchors>
								<Anchor point="CENTER" relativePoint="TOPRIGHT" relativeTo="Perl_Focus_NameFrame">
									<Offset>
										<AbsDimension x="45" y="-10"/>
									</Offset>
								</Anchor>
							</Anchors>
						</Texture>
					</Layer>
				</Layers>
			</Frame>


			<!-- Focus Name Frame for Combo Point changes -->
			<Frame name="Perl_Focus_Name">
				<Size>
					<AbsDimension x="180" y="24"/>
				</Size>
				<Anchors>
					<Anchor point="TOPLEFT" relativePoint="TOPLEFT" relativeTo="Perl_Focus_NameFrame">
						<Offset>
							<AbsDimension x="0" y="0"/>
						</Offset>
					</Anchor>
				</Anchors>
				<Frames>
					<Button name="Perl_Focus_NameFrame_CastClickOverlay" inherits="SecureUnitButtonTemplate">
						<Size>
							<AbsDimension x="180" y="24"/>
						</Size>
						<Anchors>
							<Anchor point="TOPLEFT">
								<Offset>
									<AbsDimension x="0" y="0"/>
								</Offset>
							</Anchor>
						</Anchors>
						<Scripts>
							<OnLoad>
								this:RegisterForClicks("AnyUp");
								this:RegisterForDrag("LeftButton");
								Perl_Focus_CastClickOverlay_OnLoad();
							</OnLoad>
							<OnEnter>
								Perl_Focus_Tip();
								UnitFrame_OnEnter(self);
							</OnEnter>
							<OnLeave>
								UnitFrame_OnLeave();
							</OnLeave>
							<OnDragStart>
								Perl_Focus_DragStart(arg1);
							</OnDragStart>
							<OnDragStop>
								Perl_Focus_DragStop(arg1);
							</OnDragStop>
						</Scripts>
					</Button>
				</Frames>
				<Layers>
					<Layer level="OVERLAY">
						<!-- Name Text -->
						<Fontstring name="Perl_Focus_NameBarText" inherits="GameFontNormal" text="Error!">
							<Anchors>
								<Anchor point="LEFT" relativeTo="Perl_Focus_ClassTexture" relativePoint="RIGHT">
									<Offset>
										<AbsDimension x="2" y="0"/>
									</Offset>
								</Anchor>
							</Anchors>
						</Fontstring>
					</Layer>
				</Layers>
			</Frame>


			<!-- Voice Chat Icon Frame-->
			<Frame name="Perl_Focus_VoiceChatIconFrame" hidden="true">
				<Size>
					<AbsDimension x="16" y="16"/>
				</Size>
				<Anchors>
					<Anchor point="TOPLEFT">
						<Offset>
							<AbsDimension x="0" y="0"/>
						</Offset>
					</Anchor>
				</Anchors>
				<Layers>
					<Layer level="OVERLAY">
						<!-- Voice Chat Icon -->
						<Texture name="Perl_Focus_VoiceChatIcon" file="Interface\Common\VoiceChat-Speaker" hidden="false">
							<Size>
								<AbsDimension x="16" y="16"/>
							</Size>
							<Anchors>
								<Anchor point="CENTER" relativePoint="TOPRIGHT" relativeTo="Perl_Focus_NameFrame">
									<Offset>
										<AbsDimension x="-15" y="-12"/>
									</Offset>
								</Anchor>
							</Anchors>
						</Texture>
						<Texture name="Perl_Focus_VoiceChatSpeakerIcon" file="Interface\Common\VoiceChat-On" hidden="false">
							<Size>
								<AbsDimension x="16" y="16"/>
							</Size>
							<Anchors>
								<Anchor point="CENTER" relativePoint="TOPRIGHT" relativeTo="Perl_Focus_NameFrame">
									<Offset>
										<AbsDimension x="-15" y="-12"/>
									</Offset>
								</Anchor>
							</Anchors>
						</Texture>
					</Layer>
				</Layers>
			</Frame>


			<!-- Focus Level Frame -->
			<Frame name="Perl_Focus_LevelFrame">
				<Size>
					<AbsDimension x="46" y="24"/>
				</Size>
				<Anchors>
					<Anchor point="TOPLEFT" relativePoint="TOPRIGHT" relativeTo="Perl_Focus_NameFrame">
						<Offset>
							<AbsDimension x="-2" y="0"/>
						</Offset>
					</Anchor>
				</Anchors>
				<Frames>
					<Button name="Perl_Focus_LevelFrame_CastClickOverlay" inherits="SecureUnitButtonTemplate">
						<Size>
							<AbsDimension x="46" y="24"/>
						</Size>
						<Anchors>
							<Anchor point="TOPLEFT">
								<Offset>
									<AbsDimension x="0" y="0"/>
								</Offset>
							</Anchor>
						</Anchors>
						<Scripts>
							<OnLoad>
								this:RegisterForClicks("AnyUp");
								this:RegisterForDrag("LeftButton");
								Perl_Focus_CastClickOverlay_OnLoad();
							</OnLoad>
							<OnDragStart>
								Perl_Focus_DragStart(arg1);
							</OnDragStart>
							<OnDragStop>
								Perl_Focus_DragStop(arg1);
							</OnDragStop>
						</Scripts>
					</Button>
				</Frames>
				<Backdrop bgFile="Interface\AddOns\Perl_Config\Perl_Black" edgeFile="Interface\Tooltips\UI-Tooltip-Border" tile="true">
					<EdgeSize>
						<AbsValue val="16"/>
					</EdgeSize>
					<TileSize>
						<AbsValue val="16"/>
					</TileSize>
					<BackgroundInsets>
						<AbsInset left="5" right="5" top="5" bottom="5"/>
					</BackgroundInsets>
				</Backdrop>
				<Layers>
					<Layer level="OVERLAY">
						<!-- Level Text -->
						<Fontstring name="Perl_Focus_LevelBarText" inherits="GameFontNormal" text="Error!">
							<Anchors>
								<Anchor point="TOP">
									<Offset>
										<AbsDimension x="0" y="-5"/>
									</Offset>
								</Anchor>
							</Anchors>
						</Fontstring>
					</Layer>
				</Layers>
			</Frame>


			<!-- Portrait Frame -->
			<Frame name="Perl_Focus_PortraitFrame">
				<Size>
					<AbsDimension x="64" y="64"/>
				</Size>
				<Anchors>
					<Anchor point="TOPLEFT" relativePoint="TOPRIGHT" relativeTo="Perl_Focus_LevelFrame">
						<Offset>
							<AbsDimension x="-2" y="0"/>
						</Offset>
					</Anchor>
				</Anchors>
				<Backdrop bgFile="Interface\AddOns\Perl_Config\Perl_Black" edgeFile="Interface\Tooltips\UI-Tooltip-Border" tile="true">
					<EdgeSize>
						<AbsValue val="16"/>
					</EdgeSize>
					<TileSize>
						<AbsValue val="16"/>
					</TileSize>
					<BackgroundInsets>
						<AbsInset left="5" right="5" top="5" bottom="5"/>
					</BackgroundInsets>
				</Backdrop>
				<Frames>
					<Button name="Perl_Focus_PortraitFrame_CastClickOverlay" inherits="SecureUnitButtonTemplate">
						<Size>
							<AbsDimension x="64" y="64"/>
						</Size>
						<Anchors>
							<Anchor point="TOPLEFT">
								<Offset>
									<AbsDimension x="0" y="0"/>
								</Offset>
							</Anchor>
						</Anchors>
						<Scripts>
							<OnLoad>
								this:RegisterForClicks("AnyUp");
								this:RegisterForDrag("LeftButton");
								Perl_Focus_CastClickOverlay_OnLoad();
							</OnLoad>
							<OnDragStart>
								Perl_Focus_DragStart(arg1);
							</OnDragStart>
							<OnDragStop>
								Perl_Focus_DragStop(arg1);
							</OnDragStop>
						</Scripts>
					</Button>
					<PlayerModel name="$parent_FocusModel" hidden="true">
						<Size>
							<AbsDimension x="54" y="54"/>
						</Size>
						<Anchors>
							<Anchor point="CENTER">
								<Offset>
									<AbsDimension x="1" y="-1"/>
								</Offset>
							</Anchor>
						</Anchors>
						<Scripts>
							<OnUpdate>
								this:SetCamera(0)
							</OnUpdate>
						</Scripts>
					</PlayerModel>
				</Frames>
				<Layers>
					<!-- Portrait -->
					<Layer level="ARTWORK">
						<Texture name="Perl_Focus_Portrait">
							<Size>
								<AbsDimension x="52" y="52"/>
							</Size>
							<Anchors>
								<Anchor point="TOP" relativePoint="TOP" relativeTo="Perl_Focus_PortraitFrame">
									<Offset>
										<AbsDimension x="0" y="-6"/>
									</Offset>
								</Anchor>
							</Anchors>
						</Texture>
					</Layer>
				</Layers>
			</Frame>


			<!-- Portrait Text Frame -->
			<Frame name="Perl_Focus_PortraitTextFrame">
				<Size>
					<AbsDimension x="64" y="64"/>
				</Size>
				<Anchors>
					<Anchor point="TOPLEFT" relativePoint="TOPRIGHT" relativeTo="Perl_Focus_PortraitFrame">
						<Offset>
							<AbsDimension x="0" y="0"/>
						</Offset>
					</Anchor>
				</Anchors>
				<Layers>
					<Layer level="OVERLAY">
						<Fontstring name="Perl_Focus_HitIndicator" inherits="NumberFontNormalHuge" hidden="true" text="Error!">
							<FontHeight>
								<AbsValue val="30"/>
							</FontHeight>
							<Color r="1.0" g="1.0" b="1.0"/>
							<Anchors>
								<Anchor point="CENTER" relativePoint="CENTER" relativeTo="Perl_Focus_PortraitFrame">
									<Offset>
										<AbsDimension x="0" y="0"/>
									</Offset>
								</Anchor>
							</Anchors>
						</Fontstring>
					</Layer>
				</Layers>
			</Frame>


			<!-- Focus Class Frame -->
			<Frame name="Perl_Focus_ClassNameFrame">
				<Size>
					<AbsDimension x="90" y="24"/>
				</Size>
				<Anchors>
					<Anchor point="TOPLEFT" relativePoint="TOPLEFT" relativeTo="Perl_Focus_NameFrame">
						<Offset>
							<AbsDimension x="0" y="22"/>
						</Offset>
					</Anchor>
				</Anchors>
				<Frames>
					<Button name="Perl_Focus_ClassNameFrame_CastClickOverlay" inherits="SecureUnitButtonTemplate">
						<Size>
							<AbsDimension x="90" y="24"/>
						</Size>
						<Anchors>
							<Anchor point="TOPLEFT">
								<Offset>
									<AbsDimension x="0" y="0"/>
								</Offset>
							</Anchor>
						</Anchors>
						<Scripts>
							<OnLoad>
								this:RegisterForClicks("AnyUp");
								this:RegisterForDrag("LeftButton");
								Perl_Focus_CastClickOverlay_OnLoad();
							</OnLoad>
							<OnDragStart>
								Perl_Focus_DragStart(arg1);
							</OnDragStart>
							<OnDragStop>
								Perl_Focus_DragStop(arg1);
							</OnDragStop>
						</Scripts>
					</Button>
				</Frames>
				<Backdrop bgFile="Interface\AddOns\Perl_Config\Perl_Black" edgeFile="Interface\Tooltips\UI-Tooltip-Border" tile="true">
					<EdgeSize>
						<AbsValue val="16"/>
					</EdgeSize>
					<TileSize>
						<AbsValue val="16"/>
					</TileSize>
					<BackgroundInsets>
						<AbsInset left="5" right="5" top="5" bottom="5"/>
					</BackgroundInsets>
				</Backdrop>
				<Layers>
					<Layer level="OVERLAY">
						<!-- Class Text -->
						<Fontstring name="Perl_Focus_ClassNameBarText" inherits="GameFontNormal" text="Error!">
							<Anchors>
								<Anchor point="TOP">
									<Offset>
										<AbsDimension x="0" y="-5"/>
									</Offset>
								</Anchor>
							</Anchors>
						</Fontstring>
					</Layer>
				</Layers>
			</Frame>


			<!-- Focus Civilian Frame -->
			<Frame name="Perl_Focus_CivilianFrame">
				<Size>
					<AbsDimension x="95" y="24"/> <!-- 135 -->
				</Size>
				<Anchors>
					<Anchor point="TOPLEFT" relativePoint="TOPLEFT" relativeTo="Perl_Focus_NameFrame">
						<Offset>
							<AbsDimension x="85" y="20"/>
						</Offset>
					</Anchor>
				</Anchors>
				<Frames>
					<Button name="Perl_Focus_CivilianFrame_CastClickOverlay" inherits="SecureUnitButtonTemplate">
						<Size>
							<AbsDimension x="95" y="24"/>
						</Size>
						<Anchors>
							<Anchor point="TOPLEFT">
								<Offset>
									<AbsDimension x="0" y="0"/>
								</Offset>
							</Anchor>
						</Anchors>
						<Scripts>
							<OnLoad>
								this:RegisterForClicks("AnyUp");
								this:RegisterForDrag("LeftButton");
								Perl_Focus_CastClickOverlay_OnLoad();
							</OnLoad>
							<OnDragStart>
								Perl_Focus_DragStart(arg1);
							</OnDragStart>
							<OnDragStop>
								Perl_Focus_DragStop(arg1);
							</OnDragStop>
						</Scripts>
					</Button>
				</Frames>
				<Backdrop bgFile="Interface\AddOns\Perl_Config\Perl_White" edgeFile="Interface\Tooltips\UI-Tooltip-Border" tile="true">
					<EdgeSize>
						<AbsValue val="16"/>
					</EdgeSize>
					<TileSize>
						<AbsValue val="16"/>
					</TileSize>
					<BackgroundInsets>
						<AbsInset left="5" right="5" top="5" bottom="5"/>
					</BackgroundInsets>
				</Backdrop>
				<Layers>
					<Layer level="OVERLAY">
						<!-- Class Text -->
						<Fontstring name="Perl_Focus_CivilianBarText" inherits="GameFontNormal" text="Error!">
							<Anchors>
								<Anchor point="TOP">
									<Offset>
										<AbsDimension x="0" y="-5"/>
									</Offset>
								</Anchor>
							</Anchors>
						</Fontstring>
					</Layer>
				</Layers>
			</Frame>


			<!-- Focus Rare Elite Frame -->
			<Frame name="Perl_Focus_RareEliteFrame" hidden="true">
				<Size>
					<AbsDimension x="46" y="24"/>
				</Size>
				<Anchors>
					<Anchor point="TOPLEFT" relativePoint="TOPRIGHT" relativeTo="Perl_Focus_CivilianFrame">
						<Offset>
							<AbsDimension x="-5" y="0"/>
						</Offset>
					</Anchor>
				</Anchors>
				<Frames>
					<Button name="Perl_Focus_RareEliteFrame_CastClickOverlay" inherits="SecureUnitButtonTemplate">
						<Size>
							<AbsDimension x="46" y="24"/>
						</Size>
						<Anchors>
							<Anchor point="TOPLEFT">
								<Offset>
									<AbsDimension x="0" y="0"/>
								</Offset>
							</Anchor>
						</Anchors>
						<Scripts>
							<OnLoad>
								this:RegisterForClicks("AnyUp");
								this:RegisterForDrag("LeftButton");
								Perl_Focus_CastClickOverlay_OnLoad();
							</OnLoad>
							<OnDragStart>
								Perl_Focus_DragStart(arg1);
							</OnDragStart>
							<OnDragStop>
								Perl_Focus_DragStop(arg1);
							</OnDragStop>
						</Scripts>
					</Button>
				</Frames>
				<Backdrop bgFile="Interface\AddOns\Perl_Config\Perl_Black" edgeFile="Interface\Tooltips\UI-Tooltip-Border" tile="true">
					<EdgeSize>
						<AbsValue val="16"/>
					</EdgeSize>
					<TileSize>
						<AbsValue val="16"/>
					</TileSize>
					<BackgroundInsets>
						<AbsInset left="5" right="5" top="5" bottom="5"/>
					</BackgroundInsets>
				</Backdrop>
				<Layers>
					<Layer level="OVERLAY">
						<!-- Level Text -->
						<Fontstring name="Perl_Focus_RareEliteBarText" inherits="GameFontNormal" text="Error!">
							<Anchors>
								<Anchor point="TOP">
									<Offset>
										<AbsDimension x="0" y="-5"/>
									</Offset>
								</Anchor>
							</Anchors>
						</Fontstring>
					</Layer>
				</Layers>
			</Frame>


			<!-- Focus Stats -->
			<Frame name="Perl_Focus_StatsFrame">
				<Size>
					<AbsDimension x="221" y="42"/>
				</Size>
				<Anchors>
					<Anchor point="TOPLEFT" relativePoint="BOTTOMLEFT" relativeTo="Perl_Focus_NameFrame">
						<Offset>
							<AbsDimension x="0" y="2"/>
						</Offset>
					</Anchor>
				</Anchors>
				<Backdrop bgFile="Interface\AddOns\Perl_Config\Perl_Black" edgeFile="Interface\Tooltips\UI-Tooltip-Border" tile="true">
					<EdgeSize>
						<AbsValue val="16"/>
					</EdgeSize>
					<TileSize>
						<AbsValue val="16"/>
					</TileSize>
					<BackgroundInsets>
						<AbsInset left="5" right="5" top="5" bottom="5"/>
					</BackgroundInsets>
				</Backdrop>
				<Frames>
					<!-- 1.10 Click Solution -->
					<Button name="Perl_Focus_StatsFrame_CastClickOverlay" inherits="SecureUnitButtonTemplate">
						<Size>
							<AbsDimension x="221" y="42"/>
						</Size>
						<Anchors>
							<Anchor point="TOPLEFT">
								<Offset>
									<AbsDimension x="0" y="0"/>
								</Offset>
							</Anchor>
						</Anchors>
						<Scripts>
							<OnLoad>
								this:RegisterForClicks("AnyUp");
								this:RegisterForDrag("LeftButton");
								Perl_Focus_CastClickOverlay_OnLoad();
							</OnLoad>
							<OnDragStart>
								Perl_Focus_DragStart(arg1);
							</OnDragStart>
							<OnDragStop>
								Perl_Focus_DragStop(arg1);
							</OnDragStop>
						</Scripts>
					</Button>

					<!-- Health Bar -->
					<StatusBar name="Perl_Focus_HealthBar">
						<Size>
							<AbsDimension x="200" y="10"/>
						</Size>
						<Anchors>
							<Anchor point="TOP" relativePoint="TOP">
								<Offset>
									<AbsDimension x="0" y="-10"/>
								</Offset>
							</Anchor>
						</Anchors>
						<Scripts>
							<OnDragStart>
								Perl_Focus_DragStart(arg1);
							</OnDragStart>
							<OnDragStop>
								Perl_Focus_DragStop(arg1);
							</OnDragStop>
						</Scripts>
						<BarTexture name="Perl_Focus_HealthBarTex" file="Interface\TargetingFrame\UI-StatusBar"/>
						<BarColor r="0" g="0.8" b="0"/>
						<Layers>
							<!-- Health Text -->
							<Layer level="OVERLAY">
								<Fontstring name="Perl_Focus_HealthBarText" inherits="GameFontNormalSmall" text="Error!">
									<Anchors>
										<Anchor point="TOP" relativePoint="TOP">
											<Offset>
												<AbsDimension x="0" y="1"/>
											</Offset>
										</Anchor>
									</Anchors>
								</Fontstring>
								<Fontstring name="Perl_Focus_HealthBarTextRight" inherits="GameFontNormalSmall" text="Error!">
									<Anchors>
										<Anchor point="RIGHT" relativePoint="RIGHT">
											<Offset>
												<AbsDimension x="70" y="0"/>
											</Offset>
										</Anchor>
									</Anchors>
									<Color r="1" g="1" b="1"/>
								</Fontstring>
								<Fontstring name="Perl_Focus_HealthBarTextCompactPercent" inherits="GameFontNormalSmall" text="Error!">
									<Anchors>
										<Anchor point="RIGHT" relativePoint="RIGHT">
											<Offset>
												<AbsDimension x="35" y="0"/>
											</Offset>
										</Anchor>
									</Anchors>
									<Color r="1" g="1" b="1"/>
								</Fontstring>
							</Layer>
						</Layers>
					</StatusBar>
					<StatusBar name="Perl_Focus_HealthBarFadeBar" hidden="true">
						<Size>
							<AbsDimension x="200" y="10"/>
						</Size>
						<Anchors>
							<Anchor point="TOP" relativePoint="TOP" relativeTo="Perl_Focus_HealthBar">
								<Offset>
									<AbsDimension x="0" y="0"/>
								</Offset>
							</Anchor>
						</Anchors>
						<BarTexture name="Perl_Focus_HealthBarFadeBarTex" file="Interface\TargetingFrame\UI-StatusBar"/>
						<BarColor r="0" g="0.8" b="0" a="0.25"/>
					</StatusBar>
					<StatusBar name="Perl_Focus_HealthBarBG">
						<Size>
							<AbsDimension x="200" y="10"/>
						</Size>
						<Anchors>
							<Anchor point="TOP" relativePoint="TOP" relativeTo="Perl_Focus_HealthBar">
								<Offset>
									<AbsDimension x="0" y="0"/>
								</Offset>
							</Anchor>
						</Anchors>
						<BarTexture name="Perl_Focus_HealthBarBGTex" file="Interface\TargetingFrame\UI-TargetingFrame-BarFill"/>
						<BarColor r="0" g="0.8" b="0" a="0.25"/>
					</StatusBar>

					<!-- Mana Bar -->
					<StatusBar name="Perl_Focus_ManaBar">
						<Size>
							<AbsDimension x="200" y="10"/>
						</Size>
						<Anchors>
							<Anchor point="TOP" relativePoint="BOTTOM" relativeTo="Perl_Focus_HealthBar">
								<Offset>
									<AbsDimension x="0" y="-2"/>
								</Offset>
							</Anchor>
						</Anchors>
						<Scripts>
							<OnDragStart>
								Perl_Focus_DragStart(arg1);
							</OnDragStart>
							<OnDragStop>
								Perl_Focus_DragStop(arg1);
							</OnDragStop>
						</Scripts>
						<BarTexture name="Perl_Focus_ManaBarTex" file="Interface\TargetingFrame\UI-StatusBar"/>
						<BarColor r="0" g="0" b="1"/>
						<Layers>
							<!-- Mana Text -->
							<Layer level="OVERLAY">
								<Fontstring name="Perl_Focus_ManaBarText" inherits="GameFontNormalSmall" text="Error!">
									<Anchors>
										<Anchor point="TOP" relativePoint="TOP">
											<Offset>
												<AbsDimension x="0" y="0"/>
											</Offset>
										</Anchor>
									</Anchors>
								</Fontstring>
								<Fontstring name="Perl_Focus_ManaBarTextRight" inherits="GameFontNormalSmall" text="Error!">
									<Anchors>
										<Anchor point="RIGHT" relativePoint="RIGHT">
											<Offset>
												<AbsDimension x="70" y="0"/>
											</Offset>
										</Anchor>
									</Anchors>
									<Color r="1" g="1" b="1"/>
								</Fontstring>
								<Fontstring name="Perl_Focus_ManaBarTextCompactPercent" inherits="GameFontNormalSmall" text="Error!">
									<Anchors>
										<Anchor point="RIGHT" relativePoint="RIGHT">
											<Offset>
												<AbsDimension x="35" y="0"/>
											</Offset>
										</Anchor>
									</Anchors>
									<Color r="1" g="1" b="1"/>
								</Fontstring>
							</Layer>
						</Layers>
					</StatusBar>
					<StatusBar name="Perl_Focus_ManaBarFadeBar" hidden="true">
						<Size>
							<AbsDimension x="200" y="10"/>
						</Size>
						<Anchors>
							<Anchor point="TOP" relativePoint="TOP" relativeTo="Perl_Focus_ManaBar">
								<Offset>
									<AbsDimension x="0" y="0"/>
								</Offset>
							</Anchor>
						</Anchors>
						<BarTexture name="Perl_Focus_ManaBarFadeBarTex" file="Interface\TargetingFrame\UI-StatusBar"/>
						<BarColor r="0" g="0" b="1" a="0.25"/>
					</StatusBar>
					<StatusBar name="Perl_Focus_ManaBarBG">
						<Size>
							<AbsDimension x="200" y="10"/>
						</Size>
						<Anchors>
							<Anchor point="TOP" relativePoint="TOP" relativeTo="Perl_Focus_ManaBar">
								<Offset>
									<AbsDimension x="0" y="0"/>
								</Offset>
							</Anchor>
						</Anchors>
						<BarTexture name="Perl_Focus_ManaBarBGTex" file="Interface\TargetingFrame\UI-TargetingFrame-BarFill"/>
						<BarColor r="0" g="0" b="1" a="0.25"/>
					</StatusBar>
				</Frames>
			</Frame>


			<!-- Buffs Frame -->
			<Frame name="Perl_Focus_BuffFrame" frameStrata="BACKGROUND">
				<Size>
					<AbsDimension x="100" y="34"/>
				</Size>
				<Anchors>
					<Anchor point="TOPLEFT" relativePoint="BOTTOMLEFT" relativeTo="Perl_Focus_StatsFrame">
						<Offset>
							<AbsDimension x="0" y="5"/>
						</Offset>
					</Anchor>
				</Anchors>
				<Backdrop bgFile="Interface\Tooltips\UI-Tooltip-Background" edgeFile="Interface\Tooltips\UI-Tooltip-Border" tile="true">
					<EdgeSize>
						<AbsValue val="16"/>
					</EdgeSize>
					<TileSize>
						<AbsValue val="16"/>
					</TileSize>
					<BackgroundInsets>
						<AbsInset left="5" right="5" top="5" bottom="5"/>
					</BackgroundInsets>
				</Backdrop>
				<Frames>
					<!-- Start buttons -->
					<Button name="Perl_Focus_Buff1" inherits="Perl_Focus_BuffTemplate" id="1">
						<Anchors>
							<Anchor point="TOPLEFT">
								<Offset>
									<AbsDimension x="5" y="-5"/>
								</Offset>
							</Anchor>
						</Anchors>
					</Button>

					<Button name="Perl_Focus_Buff2" inherits="Perl_Focus_BuffTemplate" id="2">
						<Anchors>
							<Anchor point="TOPLEFT" relativeTo="Perl_Focus_Buff1" relativePoint="TOPRIGHT">
								<Offset>
									<AbsDimension x="2.71" y="0"/>
								</Offset>
							</Anchor>
						</Anchors>
					</Button>

					<Button name="Perl_Focus_Buff3" inherits="Perl_Focus_BuffTemplate" id="3">
						<Anchors>
							<Anchor point="TOPLEFT" relativeTo="Perl_Focus_Buff2" relativePoint="TOPRIGHT">
								<Offset>
									<AbsDimension x="2.71" y="0"/>
								</Offset>
							</Anchor>
						</Anchors>
					</Button>

					<Button name="Perl_Focus_Buff4" inherits="Perl_Focus_BuffTemplate" id="4">
						<Anchors>
							<Anchor point="TOPLEFT" relativeTo="Perl_Focus_Buff3" relativePoint="TOPRIGHT">
								<Offset>
									<AbsDimension x="2.71" y="0"/>
								</Offset>
							</Anchor>
						</Anchors>
					</Button>

					<Button name="Perl_Focus_Buff5" inherits="Perl_Focus_BuffTemplate" id="5">
						<Anchors>
							<Anchor point="TOPLEFT" relativeTo="Perl_Focus_Buff4" relativePoint="TOPRIGHT">
								<Offset>
									<AbsDimension x="2.71" y="0"/>
								</Offset>
							</Anchor>
						</Anchors>
					</Button>

					<Button name="Perl_Focus_Buff6" inherits="Perl_Focus_BuffTemplate" id="6">
						<Anchors>
							<Anchor point="TOPLEFT" relativeTo="Perl_Focus_Buff5" relativePoint="TOPRIGHT">
								<Offset>
									<AbsDimension x="2.71" y="0"/>
								</Offset>
							</Anchor>
						</Anchors>
					</Button>

					<Button name="Perl_Focus_Buff7" inherits="Perl_Focus_BuffTemplate" id="7">
						<Anchors>
							<Anchor point="TOPLEFT" relativeTo="Perl_Focus_Buff6" relativePoint="TOPRIGHT">
								<Offset>
									<AbsDimension x="2.71" y="0"/>
								</Offset>
							</Anchor>
						</Anchors>
					</Button>

					<Button name="Perl_Focus_Buff8" inherits="Perl_Focus_BuffTemplate" id="8">
						<Anchors>
							<Anchor point="TOPLEFT" relativeTo="Perl_Focus_Buff7" relativePoint="TOPRIGHT">
								<Offset>
									<AbsDimension x="2.71" y="0"/>
								</Offset>
							</Anchor>
						</Anchors>
					</Button>

					<Button name="Perl_Focus_Buff9" inherits="Perl_Focus_BuffTemplate" id="9">
						<Anchors>
							<Anchor point="TOPLEFT" relativeTo="Perl_Focus_Buff1" relativePoint="BOTTOMLEFT">
								<Offset>
									<AbsDimension x="0" y="-3"/>
								</Offset>
							</Anchor>
						</Anchors>
					</Button>

					<Button name="Perl_Focus_Buff10" inherits="Perl_Focus_BuffTemplate" id="10">
						<Anchors>
							<Anchor point="TOPLEFT" relativeTo="Perl_Focus_Buff9" relativePoint="TOPRIGHT">
								<Offset>
									<AbsDimension x="2.71" y="0"/>
								</Offset>
							</Anchor>
						</Anchors>
					</Button>

					<Button name="Perl_Focus_Buff11" inherits="Perl_Focus_BuffTemplate" id="11">
						<Anchors>
							<Anchor point="TOPLEFT" relativeTo="Perl_Focus_Buff10" relativePoint="TOPRIGHT">
								<Offset>
									<AbsDimension x="2.71" y="0"/>
								</Offset>
							</Anchor>
						</Anchors>
					</Button>

					<Button name="Perl_Focus_Buff12" inherits="Perl_Focus_BuffTemplate" id="12">
						<Anchors>
							<Anchor point="TOPLEFT" relativeTo="Perl_Focus_Buff11" relativePoint="TOPRIGHT">
								<Offset>
									<AbsDimension x="2.71" y="0"/>
								</Offset>
							</Anchor>
						</Anchors>
					</Button>

					<Button name="Perl_Focus_Buff13" inherits="Perl_Focus_BuffTemplate" id="13">
						<Anchors>
							<Anchor point="TOPLEFT" relativeTo="Perl_Focus_Buff12" relativePoint="TOPRIGHT">
								<Offset>
									<AbsDimension x="2.71" y="0"/>
								</Offset>
							</Anchor>
						</Anchors>
					</Button>

					<Button name="Perl_Focus_Buff14" inherits="Perl_Focus_BuffTemplate" id="14">
						<Anchors>
							<Anchor point="TOPLEFT" relativeTo="Perl_Focus_Buff13" relativePoint="TOPRIGHT">
								<Offset>
									<AbsDimension x="2.71" y="0"/>
								</Offset>
							</Anchor>
						</Anchors>
					</Button>

					<Button name="Perl_Focus_Buff15" inherits="Perl_Focus_BuffTemplate" id="15">
						<Anchors>
							<Anchor point="TOPLEFT" relativeTo="Perl_Focus_Buff14" relativePoint="TOPRIGHT">
								<Offset>
									<AbsDimension x="2.71" y="0"/>
								</Offset>
							</Anchor>
						</Anchors>
					</Button>

					<Button name="Perl_Focus_Buff16" inherits="Perl_Focus_BuffTemplate" id="16">
						<Anchors>
							<Anchor point="TOPLEFT" relativeTo="Perl_Focus_Buff15" relativePoint="TOPRIGHT">
								<Offset>
									<AbsDimension x="2.71" y="0"/>
								</Offset>
							</Anchor>
						</Anchors>
					</Button>
					<!-- End buttons -->
				</Frames>
			</Frame>


			<!-- Debuffs Frame -->
			<Frame name="Perl_Focus_DebuffFrame" frameStrata="BACKGROUND">
				<Size>
					<AbsDimension x="100" y="34"/>
				</Size>
				<Anchors>
					<Anchor point="TOPLEFT" relativePoint="BOTTOMLEFT" relativeTo="Perl_Focus_StatsFrame">
						<Offset>
							<AbsDimension x="0" y="-25"/>
						</Offset>
					</Anchor>
				</Anchors>		
				<Backdrop bgFile="Interface\Tooltips\UI-Tooltip-Background" edgeFile="Interface\Tooltips\UI-Tooltip-Border" tile="true">
					<EdgeSize>
						<AbsValue val="16"/>
					</EdgeSize>
					<TileSize>
						<AbsValue val="16"/>
					</TileSize>
					<BackgroundInsets>
						<AbsInset left="5" right="5" top="5" bottom="5"/>
					</BackgroundInsets>
				</Backdrop>
				<Frames>
					<!-- Start buttons -->
					<Button name="Perl_Focus_Debuff1" inherits="Perl_Focus_BuffTemplate" id="17">
						<Anchors>
							<Anchor point="TOPLEFT">
								<Offset>
									<AbsDimension x="5" y="-5"/>
								</Offset>
							</Anchor>
						</Anchors>
					</Button>

					<Button name="Perl_Focus_Debuff2" inherits="Perl_Focus_BuffTemplate" id="18">
						<Anchors>
							<Anchor point="TOPLEFT" relativeTo="Perl_Focus_Debuff1" relativePoint="TOPRIGHT">
								<Offset>
									<AbsDimension x="2.71" y="0"/>
								</Offset>
							</Anchor>
						</Anchors>
					</Button>

					<Button name="Perl_Focus_Debuff3" inherits="Perl_Focus_BuffTemplate" id="19">
						<Anchors>
							<Anchor point="TOPLEFT" relativeTo="Perl_Focus_Debuff2" relativePoint="TOPRIGHT">
								<Offset>
									<AbsDimension x="2.71" y="0"/>
								</Offset>
							</Anchor>
						</Anchors>
					</Button>
					
					<Button name="Perl_Focus_Debuff4" inherits="Perl_Focus_BuffTemplate" id="20">
						<Anchors>
							<Anchor point="TOPLEFT" relativeTo="Perl_Focus_Debuff3" relativePoint="TOPRIGHT">
								<Offset>
									<AbsDimension x="2.71" y="0"/>
								</Offset>
							</Anchor>
						</Anchors>
					</Button>

					<Button name="Perl_Focus_Debuff5" inherits="Perl_Focus_BuffTemplate" id="21">
						<Anchors>
							<Anchor point="TOPLEFT" relativeTo="Perl_Focus_Debuff4" relativePoint="TOPRIGHT">
								<Offset>
									<AbsDimension x="2.71" y="0"/>
								</Offset>
							</Anchor>
						</Anchors>
					</Button>

					<Button name="Perl_Focus_Debuff6" inherits="Perl_Focus_BuffTemplate" id="22">
						<Anchors>
							<Anchor point="TOPLEFT" relativeTo="Perl_Focus_Debuff5" relativePoint="TOPRIGHT">
								<Offset>
									<AbsDimension x="2.71" y="0"/>
								</Offset>
							</Anchor>
						</Anchors>
					</Button>

					<Button name="Perl_Focus_Debuff7" inherits="Perl_Focus_BuffTemplate" id="23">
						<Anchors>
							<Anchor point="TOPLEFT" relativeTo="Perl_Focus_Debuff6" relativePoint="TOPRIGHT">
								<Offset>
									<AbsDimension x="2.71" y="0"/>
								</Offset>
							</Anchor>
						</Anchors>
					</Button>

					<Button name="Perl_Focus_Debuff8" inherits="Perl_Focus_BuffTemplate" id="24">
						<Anchors>
							<Anchor point="TOPLEFT" relativeTo="Perl_Focus_Debuff7" relativePoint="TOPRIGHT">
								<Offset>
									<AbsDimension x="2.71" y="0"/>
								</Offset>
							</Anchor>
						</Anchors>
					</Button>

					<Button name="Perl_Focus_Debuff9" inherits="Perl_Focus_BuffTemplate" id="25">
						<Anchors>
							<Anchor point="TOPLEFT" relativeTo="Perl_Focus_Debuff1" relativePoint="BOTTOMLEFT">
								<Offset>
									<AbsDimension x="0" y="-3"/>
								</Offset>
							</Anchor>
						</Anchors>
					</Button>

					<Button name="Perl_Focus_Debuff10" inherits="Perl_Focus_BuffTemplate" id="26">
						<Anchors>
							<Anchor point="TOPLEFT" relativeTo="Perl_Focus_Debuff9" relativePoint="TOPRIGHT">
								<Offset>
									<AbsDimension x="2.71" y="0"/>
								</Offset>
							</Anchor>
						</Anchors>
					</Button>

					<Button name="Perl_Focus_Debuff11" inherits="Perl_Focus_BuffTemplate" id="27">
						<Anchors>
							<Anchor point="TOPLEFT" relativeTo="Perl_Focus_Debuff10" relativePoint="TOPRIGHT">
								<Offset>
									<AbsDimension x="2.71" y="0"/>
								</Offset>
							</Anchor>
						</Anchors>
					</Button>

					<Button name="Perl_Focus_Debuff12" inherits="Perl_Focus_BuffTemplate" id="28">
						<Anchors>
							<Anchor point="TOPLEFT" relativeTo="Perl_Focus_Debuff11" relativePoint="TOPRIGHT">
								<Offset>
									<AbsDimension x="2.71" y="0"/>
								</Offset>
							</Anchor>
						</Anchors>
					</Button>

					<Button name="Perl_Focus_Debuff13" inherits="Perl_Focus_BuffTemplate" id="29">
						<Anchors>
							<Anchor point="TOPLEFT" relativeTo="Perl_Focus_Debuff12" relativePoint="TOPRIGHT">
								<Offset>
									<AbsDimension x="2.71" y="0"/>
								</Offset>
							</Anchor>
						</Anchors>
					</Button>

					<Button name="Perl_Focus_Debuff14" inherits="Perl_Focus_BuffTemplate" id="30">
						<Anchors>
							<Anchor point="TOPLEFT" relativeTo="Perl_Focus_Debuff13" relativePoint="TOPRIGHT">
								<Offset>
									<AbsDimension x="2.71" y="0"/>
								</Offset>
							</Anchor>
						</Anchors>
					</Button>

					<Button name="Perl_Focus_Debuff15" inherits="Perl_Focus_BuffTemplate" id="31">
						<Anchors>
							<Anchor point="TOPLEFT" relativeTo="Perl_Focus_Debuff14" relativePoint="TOPRIGHT">
								<Offset>
									<AbsDimension x="2.71" y="0"/>
								</Offset>
							</Anchor>
						</Anchors>
					</Button>

					<Button name="Perl_Focus_Debuff16" inherits="Perl_Focus_BuffTemplate" id="32">
						<Anchors>
							<Anchor point="TOPLEFT" relativeTo="Perl_Focus_Debuff15" relativePoint="TOPRIGHT">
								<Offset>
									<AbsDimension x="2.71" y="0"/>
								</Offset>
							</Anchor>
						</Anchors>
					</Button>
					<!-- End buttons -->
				</Frames>
			</Frame>
		</Frames>
	</Frame>

	<Frame name="Perl_Focus_HealthBar_Fade_OnUpdate_Frame" movable="true" parent="UIParent" hidden="true" enableMouse="true">
		<Scripts>
			<OnUpdate>
				Perl_Focus_HealthBar_Fade(arg1);
			</OnUpdate>
		</Scripts>
	</Frame>

	<Frame name="Perl_Focus_ManaBar_Fade_OnUpdate_Frame" movable="true" parent="UIParent" hidden="true" enableMouse="true">
		<Scripts>
			<OnUpdate>
				Perl_Focus_ManaBar_Fade(arg1);
			</OnUpdate>
		</Scripts>
	</Frame>

	<GameTooltip name="Perl_Focus_Tooltip" hidden="true" parent="Perl_Focus_Frame" inherits="GameTooltipTemplate"/>

</Ui>
